"",Rank,Mark,Competitor,DOB,Nat,Pos,Venue,Date,Results Score
0,1,44:04,Benard KIBET,25 NOV 1999,KEN,1,Kosa (JPN),04 DEC 2022,1257
1,2,44:24,Haile GEBRSELASSIE,18 APR 1973,ETH,1,Tilburg (NED),04 SEP 2005,1238
2,3,44:45,Paul KOECH,25 JUN 1969,KEN,1,Amsterdam (NED),21 SEP 1997,1218
3,4,44:51,Martin Irungu MATHATHI,25 DEC 1985,KEN,1,Kosa (JPN),12 DEC 2004,1212
4,5,44:52,Martin Irungu MATHATHI,25 DEC 1985,KEN,1,Kosa (JPN),06 DEC 2009,1211
5,6,44:57,Geoffrey KAMWOROR,22 NOV 1992,KEN,1,Bern (SUI),11 MAY 2019,1207
6,7,44:59,Martin Irungu MATHATHI,25 DEC 1985,KEN,1,Kosa (JPN),05 DEC 2010,1205
7,8,45:01,Martin Irungu MATHATHI,25 DEC 1985,KEN,1,Kosa (JPN),10 DEC 2006,1203
8,9,45:03,Rodgers KWEMOI,03 MAR 1998,KEN,1,Tilburg (NED),03 SEP 2017,1201
9,10,45:06,Evans CHEBET,10 NOV 1988,KEN,2,Tilburg (NED),03 SEP 2017,1198
10,11,45:08,Charles Waweru KAMATHI,18 MAY 1978,KEN,1,Amsterdam (NED),22 SEP 2002,1196
11,11,45:08,Keisuke MORITA,,JPN,81,Kosa (JPN),04 DEC 2022,1196
12,13,45:10,Samuel Kamau WANJIRU,10 NOV 1986,KEN,1,Kosa (JPN),11 DEC 2005,1194
13,14,45:12,Bernard Kiprop KOECH,31 JAN 1988,KEN,1,Tilburg (NED),07 SEP 2014,1192
14,15,45:14,Charles Kipkurui LANGAT,28 APR 1996,KEN,1,Amsterdam (NED),17 SEP 2022,1191
15,16,45:15,Gideon NGATUNYI,10 OCT 1986,KEN,1f1,Kosa (JPN),07 DEC 2008,1190
16,16,45:15,Allan KIPRONO,15 FEB 1990,KEN,1,"Washington, DC (USA)",01 APR 2012,1190
17,16,45:15,Joshua CHEPTEGEI,12 SEP 1996,UGA,1,Amsterdam (NED),23 SEP 2018,1190
18,16,45:15,Nicholas Mboroto KOSIMBEI,01 OCT 1996,KEN,1,"Washington, DC (USA)",02 APR 2022,1190
19,20,45:16,Simon Njuguna WANGAI,11 DEC 1978,KEN,1,"Philadelphia, PA (USA)",05 MAY 2002,1189
20,20,45:16,Moses Ndiema MASAI,01 JUN 1986,KEN,1,Amsterdam (NED),20 SEP 2009,1189
21,20,45:16,Charles Waweru KAMATHI,18 MAY 1978,KEN,2,Amsterdam (NED),20 SEP 2009,1189
22,20,45:16,Joseph EBUYA,20 JUN 1987,KEN,1,Portsmouth (GBR),24 OCT 2010,1189
23,24,45:17,Geoffrey TOROITICH,2000,KEN,2,Amsterdam (NED),17 SEP 2022,1188
24,25,45:19,Josphat Machuka KIPRONO,12 DEC 1973,KEN,1,Amsterdam (NED),22 SEP 1996,1186
25,25,45:19,Jeremiah KAREMI,07 JUL 1994,KEN,1,Kosa (JPN),29 NOV 2015,1186
26,27,45:20,Julius MAINA,14 OCT 1977,KEN,1,Kosa (JPN),08 DEC 2002,1185
27,28,45:21,Bernard Kiprop KOECH,31 JAN 1988,KEN,1,Tilburg (NED),06 SEP 2015,1184
28,29,45:23,John Thuo ITATI,26 DEC 1973,KEN,2,Kosa (JPN),06 DEC 2009,1182
29,29,45:23,Shadrack Kipchirchir KEMBOI,19 FEB 1986,KEN,1,Schortens (GER),21 AUG 2010,1182
30,29,45:23,Rodgers KWEMOI,03 MAR 1998,KEN,1,Tilburg (NED),02 SEP 2018,1182
31,32,45:24,Brahim LAHLAFI,15 APR 1968,MAR,1,Amsterdam (NED),20 SEP 1998,1181
32,32,45:24,John KARIUKI,10 NOV 1986,KEN,1,Kosa (JPN),09 DEC 2007,1181
33,34,45:25,Edwin KIPTOO,14 AUG 1993,KEN,1,Amsterdam (NED),18 SEP 2016,1180
34,35,45:26,John Nzau MWANGANGI,11 JAN 1990,KEN,1,Amsterdam (NED),19 SEP 2010,1179
35,36,45:27,Moses Ndiema MASAI,01 JUN 1986,KEN,2,Amsterdam (NED),19 SEP 2010,1178
36,37,45:29,Simon MAINA MUNYI,18 MAR 1978,KEN,1,Kosa (JPN),09 DEC 2001,1177
37,37,45:29,Getu FELEKE,28 NOV 1986,ETH,3,Amsterdam (NED),20 SEP 2009,1177
38,37,45:29,Stephen SAMBU,07 JUL 1988,KEN,1,"Washington, DC (USA)",06 APR 2014,1177
39,37,45:29,Daniel Lemashon SALEL,11 DEC 1990,KEN,2,"Washington, DC (USA)",06 APR 2014,1177
40,41,45:30,Martin Irungu MATHATHI,25 DEC 1985,KEN,1,Kosa (JPN),14 DEC 2003,1176
41,42,45:31,Abera KUMA,31 AUG 1990,ETH,2,Schortens (GER),21 AUG 2010,1175
42,43,45:33,Ayele ABSHERO,28 DEC 1990,ETH,3,Amsterdam (NED),19 SEP 2010,1173
43,43,45:33,Jonathan MAIYO,05 MAY 1988,KEN,4,Amsterdam (NED),19 SEP 2010,1173
44,43,45:33,Abraham KIPYATICH,10 MAY 1993,KEN,1,Kosa (JPN),01 DEC 2019,1173
45,46,45:36,Lelisa DESISA,14 JAN 1990,ETH,1,"Washington, DC (USA)",03 APR 2011,1170
46,47,45:37,Ondoro OSORO,03 DEC 1967,KEN,1,"St. Petersburg, FL (USA)",18 OCT 1997,1169
47,47,45:37,John Kiprono LANGAT,31 DEC 1996,KEN,2,Tilburg (NED),06 SEP 2015,1169
48,47,45:37,Yohanes GHEBREGERGIS,01 JAN 1989,ERI,3,Tilburg (NED),06 SEP 2015,1169
49,50,45:38,Ismael KIRUI,20 FEB 1975,KEN,1,"Washington, DC (USA)",09 APR 1995,1168
50,50,45:38,Stephen CHELIMO,09 AUG 1985,KEN,1,Schortens (GER),16 AUG 2008,1168
51,50,45:38,Pius Maiyo KIROP,08 JAN 1990,KEN,1,Tilburg (NED),02 SEP 2012,1168
52,50,45:38,Joshua CHEPTEGEI,12 SEP 1996,UGA,2,Amsterdam (NED),18 SEP 2016,1168
53,50,45:38,Birhanu LEGESE,11 SEP 1994,ETH,1,Amsterdam (NED),17 SEP 2017,1168
54,55,45:39,Abdallah Kibet MANDE,10 MAY 1995,UGA,3,Tilburg (NED),03 SEP 2017,1167
55,56,45:40,Masanari SHINTAKU,20 DEC 1957,JPN,1,Karatsu (JPN),19 FEB 1984,1166
56,56,45:40,John Nzau MWANGANGI,11 JAN 1990,KEN,2,Tilburg (NED),02 SEP 2012,1166
57,56,45:40,Gilbert Kipruto KIRWA,20 DEC 1985,KEN,4,Tilburg (NED),06 SEP 2015,1166
58,59,45:41,Micah Kemboi KOGO,30 JUN 1986,KEN,4,Amsterdam (NED),20 SEP 2009,1165
59,59,45:41,Allan KIPRONO,15 FEB 1990,KEN,2,"Washington, DC (USA)",03 APR 2011,1165
60,59,45:41,Patrick Makau MUSYOKI,02 MAR 1985,KEN,3,Tilburg (NED),02 SEP 2012,1165
61,59,45:41,Alfred NGENO,02 MAY 1997,KEN,2,Amsterdam (NED),23 SEP 2018,1165
62,63,45:42,Josphat Machuka KIPRONO,12 DEC 1973,KEN,2,Amsterdam (NED),20 SEP 1998,1164
63,64,45:43,Joseph KAMAU,17 JUN 1969,KEN,1,"Flint, MI (USA)",24 AUG 1996,1163
64,64,45:43,Stephen TUM,12 JUL 1986,KEN,1,"Washington, DC (USA)",11 APR 2010,1163
65,64,45:43,Wilfred KIMITEI,11 MAR 1985,KEN,2,"Washington, DC (USA)",02 APR 2022,1163
66,64,45:43,Robert GITITU,04 AUG 1983,KEN,1,"Philadelphia, PA (USA)",01 MAY 2022,1163
67,68,45:44,Benson Kipchumba BARUS,04 JUL 1980,KEN,2,"Philadelphia, PA (USA)",05 MAY 2002,1163
68,68,45:44,Lelisa DESISA,14 JAN 1990,ETH,2,"Washington, DC (USA)",11 APR 2010,1163
69,70,45:45,Brahim LAHLAFI,15 APR 1968,MAR,1,"Flint, MI (USA)",23 AUG 1997,1162
70,70,45:45,Girma ASSEFA,20 JUN 1986,ETH,2,Kosa (JPN),09 DEC 2007,1162
71,70,45:45,Yenew ALAMIREW,27 MAY 1990,ETH,2,Amsterdam (NED),17 SEP 2017,1162
72,70,45:45,Edwin KIPLAGAT,19 FEB 1993,KEN,1,"Washington, DC (USA)",12 SEP 2021,1162
73,74,45:47,Josphat Muchiri NDAMBIRI,12 FEB 1985,KEN,2,Kosa (JPN),11 DEC 2005,1160
74,74,45:47,John Thuo ITATI,26 DEC 1973,KEN,2,Kosa (JPN),05 DEC 2010,1160
75,74,45:47,Philip Kiprono LANGAT,23 APR 1990,KEN,4,Tilburg (NED),02 SEP 2012,1160
76,74,45:47,Allan KIPRONO,15 FEB 1990,KEN,3,"Washington, DC (USA)",06 APR 2014,1160
77,74,45:47,Noah KIPKEMBOI,02 JUL 1993,KEN,2,Tilburg (NED),02 SEP 2018,1160
78,74,45:47,Jonathan Muia NDIKU,18 SEP 1991,KEN,2,Kosa (JPN),04 DEC 2022,1160
79,80,45:48,Ken-ichi TAKAHASHI,16 JAN 1973,JPN,1,Karatsu (JPN),13 FEB 2000,1159
80,80,45:48,Simon MAINA MUNYI,18 MAR 1978,KEN,2,Kosa (JPN),08 DEC 2002,1159
81,80,45:48,Shadrack KIMINING,10 FEB 1996,KEN,3,"Washington, DC (USA)",02 APR 2022,1159
82,83,45:49,Julius MAINA,14 OCT 1977,KEN,2,Kosa (JPN),14 DEC 2003,1158
83,83,45:49,Felix KENY,25 DEC 1985,KEN,2,Schortens (GER),16 AUG 2008,1158
84,83,45:49,Cleophas Kandie MEYAN,14 AUG 2000,KEN,3,Kosa (JPN),04 DEC 2022,1158
85,86,45:50,Charles OMWOYO,1962,KEN,1,Zaandam (NED),18 SEP 1994,1157
86,86,45:50,Paul TERGAT,17 JUN 1969,KEN,1,Zaandam (NED),17 SEP 1995,1157
87,86,45:50,Tilahun REGASSA,18 JAN 1990,ETH,3,"Washington, DC (USA)",11 APR 2010,1157
88,86,45:50,Vincent Kiprop CHEPKOK,05 JUL 1988,KEN,5,Tilburg (NED),06 SEP 2015,1157
89,86,45:50,Takashi NAMBA,06 MAR 1999,JPN,4,Kosa (JPN),04 DEC 2022,1157
90,91,45:51,Peter GITHUKA,14 FEB 1969,KEN,2,"Flint, MI (USA)",24 AUG 1996,1156
91,91,45:51,Simon RONO,09 APR 1972,KEN,1,"Washington, DC (USA)",05 APR 1998,1156
92,91,45:51,Edwin KIPTOO,14 AUG 1993,KEN,2,Tilburg (NED),07 SEP 2014,1156
93,91,45:51,Jeremiah KAREMI,07 JUL 1994,KEN,1,Kosa (JPN),07 DEC 2014,1156
94,91,45:51,Jiksa TOLOSA,11 DEC 1998,ETH,3,Amsterdam (NED),17 SEP 2017,1156
95,91,45:51,Solomon BERIHU,02 OCT 1999,ETH,1,Amsterdam (NED),22 SEP 2019,1156
96,91,45:51,Jonathan Muia NDIKU,18 SEP 1991,KEN,2,Kosa (JPN),01 DEC 2019,1156
97,91,45:51,Mogeni Benuel MAGOMA,11 MAR 2001,KEN,3,Kosa (JPN),01 DEC 2019,1156
98,99,45:52,Thomas OSANO,04 JUN 1970,KEN,2,Zaandam (NED),18 SEP 1994,1155
99,99,45:52,Shinji KAWASHIMA,04 JUN 1966,JPN,1,Kosa (JPN),08 DEC 1996,1155
0,99,45:52,Jeff SCHIEBLER,01 JUN 1973,CAN,2,Kosa (JPN),08 DEC 1996,1155
1,99,45:52,Peter NDIRANGU,24 MAY 1971,KEN,2,"Flint, MI (USA)",23 AUG 1997,1155
2,99,45:52,James WAINAINA,16 JUN 1981,KEN,2,Kosa (JPN),09 DEC 2001,1155
3,104,45:53,Lazarus Oyondi NYAKERAKA,22 NOV 1975,KEN,3,"Flint, MI (USA)",24 AUG 1996,1154
4,104,45:53,Edwin KIPTOO,28 DEC 1987,KEN,4,Amsterdam (NED),17 SEP 2017,1154
5,106,45:54,Julius MAINA,14 OCT 1977,KEN,2,Kosa (JPN),12 DEC 2004,1153
6,106,45:54,Leonard LANGAT,07 AUG 1990,KEN,5,Amsterdam (NED),17 SEP 2017,1153
7,106,45:54,Kento NISHI,20 OCT 1998,JPN,5,Kosa (JPN),04 DEC 2022,1153
8,109,45:55,Godfrey KIPROTICH,23 NOV 1964,KEN,4,"Flint, MI (USA)",24 AUG 1996,1152
9,109,45:55,Ken-ichi TAKAHASHI,16 JAN 1973,JPN,1,Kosa (JPN),14 DEC 1997,1152
10,109,45:55,Charles CHERUIYOT TOROTICH,04 AUG 1988,KEN,5,Tilburg (NED),02 SEP 2012,1152
11,109,45:55,Julius KOGO,12 AUG 1985,KEN,1,"Flint, MI (USA)",24 AUG 2013,1152
12,113,45:56,Benson MASYA,14 MAY 1970,KEN,1,Portsmouth (GBR),08 OCT 1995,1151
13,113,45:56,Hezron Nyandusi OTWORI,25 DEC 1976,KEN,3,"Flint, MI (USA)",23 AUG 1997,1151
14,113,45:56,Rodgers ROP,16 FEB 1976,KEN,1,Tilburg (NED),03 JUN 2001,1151
15,113,45:56,Ridouane HARROUFI,30 JUL 1981,MAR,1,"Washington, DC (USA)",05 APR 2009,1151
16,113,45:56,John MURITU,30 JUN 1996,KEN,1,Kosa (JPN),02 DEC 2018,1151
17,118,45:57,Ken-ichi TAKAHASHI,16 JAN 1973,JPN,1,Karatsu (JPN),09 FEB 1997,1151
18,118,45:57,Patrick NTHIWA,30 JUN 1983,KEN,3,"Philadelphia, PA (USA)",05 MAY 2002,1151
19,118,45:57,Edwin KIMAIYO,1986,KEN,3,Schortens (GER),21 AUG 2010,1151
20,118,45:57,Philemon RONO,08 FEB 1991,KEN,6,Tilburg (NED),02 SEP 2012,1151
21,118,45:57,Taku FUJIMOTO,11 SEP 1989,JPN,2,Kosa (JPN),02 DEC 2018,1151
22,118,45:57,Masashi NONAKA,10 NOV 1995,JPN,6,Kosa (JPN),04 DEC 2022,1151
23,124,45:58,Samson LOYWAPET,1973,KEN,3,Zaandam (NED),18 SEP 1994,1150
24,124,45:58,Thomas OSANO,04 JUN 1970,KEN,2,Zaandam (NED),17 SEP 1995,1150
25,124,45:58,Joseph Nginyi KARIUKI,18 JAN 1970,KEN,2,"Washington, DC (USA)",05 APR 1998,1150
26,124,45:58,Jackson KOECH,26 DEC 1978,KEN,2,Amsterdam (NED),22 SEP 2002,1150
27,124,45:58,Feyisa LILESA,01 FEB 1990,ETH,2,"Washington, DC (USA)",05 APR 2009,1150
28,124,45:58,Yuta SHITARA,18 DEC 1991,JPN,1,Kosa (JPN),03 DEC 2017,1150
29,124,45:58,Cyrus KINGORI,05 JAN 1997,KEN,3,Kosa (JPN),02 DEC 2018,1150
30,124,45:58,Peter KIPSIRAT,,KEN,3,Amsterdam (NED),17 SEP 2022,1150
31,132,45:59,Eliud KURGAT,20 MAR 1976,KEN,1,Tilburg (NED),06 JUN 1999,1149
32,132,45:59,Hailu MEKONNEN,04 APR 1980,ETH,2f1,Kosa (JPN),07 DEC 2008,1149
33,132,45:59,Silas Kipngetich SANG,21 AUG 1978,KEN,3,"Washington, DC (USA)",05 APR 2009,1149
34,132,45:59,Eliud TARUS,03 MAR 1993,KEN,3,Tilburg (NED),07 SEP 2014,1149
35,136,46:00,Herb LINDSAY,12 NOV 1954,USA,1,"New York, NY (USA)",27 APR 1980,1148
36,136,46:00,Kenji TAKAO,23 MAR 1975,JPN,3,Kosa (JPN),08 DEC 1996,1148
37,136,46:00,Peter GITHUKA,14 FEB 1969,KEN,4,"Flint, MI (USA)",23 AUG 1997,1148
38,136,46:00,Joseph KIMANI,21 SEP 1972,KEN,2,"St. Petersburg, FL (USA)",18 OCT 1997,1148
39,136,46:00,Karim EL MABCHOUR,08 JUL 1982,MAR,4,"Washington, DC (USA)",05 APR 2009,1148
40,136,46:00,Andrew Kwemoi MAN'GATA,12 SEP 1994,KEN,4,Tilburg (NED),07 SEP 2014,1148
41,136,46:00,Moses Ndiema KIPSIRO,02 SEP 1986,UGA,1,Portsmouth (GBR),25 OCT 2015,1148
42,136,46:00,Sila KIPTOO,03 FEB 1996,KEN,2,"Philadelphia, PA (USA)",01 MAY 2022,1148
