"",Rank,Mark,Competitor,DOB,Nat,Pos,Venue,Date,Results Score
0,1,2:11.96,Noah NGENY,02 NOV 1978,KEN,1,Rieti (ITA),05 SEP 1999,1250
1,2,2:12.18,Sebastian COE,29 SEP 1956,GBR,1,Oslo (NOR),11 JUL 1981,1245
2,3,2:12.66,Noah NGENY,02 NOV 1978,KEN,1,Nice (FRA),17 JUL 1999,1234
3,4,2:12.88,Steve CRAM,14 OCT 1960,GBR,1,Gateshead (GBR),09 AUG 1985,1229
4,5,2:13.08,Taoufik MAKHLOUFI,29 APR 1988,ALG,1,"Stade Raymond Petit, Tomblaine (FRA)",01 JUL 2015,1224
5,6,2:13.40,Sebastian COE,29 SEP 1956,GBR,1,Oslo (NOR),01 JUL 1980,1216
6,7,2:13.49,Ayanleh SOULEIMAN,03 DEC 1992,DJI,1,"Stade Olympique de la Pontaise, Lausanne (SUI)",25 AUG 2016,1214
7,8,2:13.56,Kennedy KIMWETICH,1973,KEN,2,Nice (FRA),17 JUL 1999,1213
8,9,2:13.62,Abubaker KAKI,21 JUN 1989,SUD,1,"Hayward Field, Eugene, OR (USA)",03 JUL 2010,1211
9,10,2:13.73,Noureddine MORCELI,28 FEB 1970,ALG,1,Villeneuve d'Ascq (FRA),02 JUL 1993,1209
10,11,2:13.88,Jake WIGHTMAN,11 JUL 1994,GBR,1,"Stade Louis II, Monaco (MON)",10 AUG 2022,1205
11,12,2:13.89,Robert BIWOTT,28 JAN 1996,KEN,2,"Stade Olympique de la Pontaise, Lausanne (SUI)",25 AUG 2016,1205
12,13,2:13.9h,Rick WOHLHUTER,23 DEC 1948,USA,1,Oslo (NOR),30 JUL 1974,1205
13,14,2:13.93,Abubaker KAKI,21 JUN 1989,SUD,1,Stockholm (SWE),22 JUL 2008,1204
14,15,2:13.95,Jonathan KITILIT,24 APR 1994,KEN,3,"Stade Olympique de la Pontaise, Lausanne (SUI)",25 AUG 2016,1204
15,16,2:13.96,Mehdi BAALA,17 AUG 1978,FRA,1,Strasbourg (FRA),26 JUN 2003,1203
16,17,2:14.09,Joaquim CRUZ,12 MAR 1963,BRA,1,Nice (FRA),20 AUG 1984,1200
17,18,2:14.23,Asbel KIPROP,30 JUN 1989,KEN,4,"Stade Olympique de la Pontaise, Lausanne (SUI)",25 AUG 2016,1197
18,19,2:14.28,Japheth KIMUTAI,20 DEC 1978,KEN,1,Stockholm (SWE),01 AUG 2000,1196
19,20,2:14.30,Marcin LEWANDOWSKI,13 JUN 1987,POL,5,"Stade Olympique de la Pontaise, Lausanne (SUI)",25 AUG 2016,1196
20,21,2:14.35,Marco AROP,20 SEP 1998,CAN,2,"Stade Louis II, Monaco (MON)",10 AUG 2022,1194
21,22,2:14.41,William YIAMPOY,17 MAY 1974,KEN,2,Rieti (ITA),05 SEP 1999,1193
22,23,2:14.43,Laban ROTICH,20 JAN 1969,KEN,1,Nice (FRA),16 JUL 1997,1193
23,24,2:14.50,Abdi BILE,28 DEC 1962,SOM,1,Jerez de la Frontera (ESP),13 SEP 1989,1191
24,25,2:14.51,Abdi BILE,28 DEC 1962,SOM,1,"Crystal Palace, London (GBR)",14 JUL 1989,1191
25,26,2:14.52,Djabir SAID-GUERNI,29 MAR 1977,ALG,3,Rieti (ITA),05 SEP 1999,1190
26,27,2:14.53,Willi WÜLBECK,18 DEC 1954,FRG,2,Oslo (NOR),01 JUL 1980,1190
27,28,2:14.54,Joaquim CRUZ,12 MAR 1963,BRA,1,"Eugene, OR (USA)",21 JUL 1984,1190
28,29,2:14.64,Laban ROTICH,20 JAN 1969,KEN,3,Nice (FRA),17 JUL 1999,1188
29,30,2:14.69,El-Mahjoub HAIDA,01 JUL 1970,MAR,1,Nice (FRA),12 JUL 1995,1186
30,31,2:14.72,Yusuf Saad KAMEL,29 MAR 1983,BRN,2,Stockholm (SWE),22 JUL 2008,1186
31,32,2:14.73,Joseph TENGELEI,08 DEC 1972,KEN,2,Nice (FRA),12 JUL 1995,1186
32,32,2:14.73,Patrick KONCHELLAH,20 APR 1968,KEN,2,Stockholm (SWE),01 AUG 2000,1186
33,34,2:14.78,Noah NGENY,02 NOV 1978,KEN,1,Nice (FRA),08 JUL 2000,1184
34,35,2:14.79,William YIAMPOY,17 MAY 1974,KEN,3,Stockholm (SWE),01 AUG 2000,1184
35,36,2:14.83,Boaz Kiplagat LALANG,08 FEB 1989,KEN,2,"Hayward Field, Eugene, OR (USA)",03 JUL 2010,1183
36,37,2:14.88,Ferguson Cheruiyot ROTICH,30 NOV 1989,KEN,1,"Olympiastadion, Stockholm (SWE)",10 JUN 2018,1182
37,38,2:14.90,Sebastian COE,29 SEP 1956,GBR,1,Haringey (GBR),16 JUL 1986,1182
38,39,2:14.95,Sammy KOSKEI,14 MAY 1961,KEN,1,Bruxelles (BEL),30 AUG 1985,1181
39,40,2:14.96,Benson KOECH,10 NOV 1974,KEN,2,Nice (FRA),16 JUL 1997,1180
40,41,2:14.99,William CHIRCHIR,06 FEB 1979,KEN,4,Nice (FRA),17 JUL 1999,1180
41,41,2:14.99,Mehdi BAALA,17 AUG 1978,FRA,1,Villeneuve d'Ascq (FRA),09 JUN 2006,1180
42,43,2:15.00,Benjamin KIPKURUI,28 DEC 1980,KEN,5,Nice (FRA),17 JUL 1999,1179
43,44,2:15.05,Marko KOERS,03 NOV 1972,NED,3,Nice (FRA),16 JUL 1997,1178
44,45,2:15.08,Ilham Tanui ÖZBILEN,05 MAR 1990,TUR,1,"Mestský Stadion, Ostrava (CZE)",17 JUN 2014,1178
45,46,2:15.09,Steve CRAM,14 OCT 1960,GBR,1,Edinburgh (GBR),23 JUL 1985,1177
46,46,2:15.09,Elkanah Onkware ANGWENYI,05 FEB 1983,KEN,2,Villeneuve d'Ascq (FRA),09 JUN 2006,1177
47,48,2:15.11,Joaquim CRUZ,12 MAR 1963,BRA,1,Bern (SUI),16 AUG 1985,1177
48,49,2:15.12,Steve CRAM,14 OCT 1960,GBR,1,London (GBR),17 SEP 1982,1177
49,50,2:15.16,Saïd AOUITA,02 NOV 1959,MAR,1,London (GBR),28 AUG 1988,1176
50,51,2:15.17,El-Mahjoub HAIDA,01 JUL 1970,MAR,1,Stockholm (SWE),05 AUG 1998,1175
51,51,2:15.17,Mehdi BAALA,17 AUG 1978,FRA,1,Nancy (FRA),17 SEP 2002,1175
52,53,2:15.21,Mehdi BAALA,17 AUG 1978,FRA,1,"Stade Raymond Petit, Tomblaine (FRA)",05 SEP 2006,1175
53,54,2:15.23,Rob DRUPPERS,29 APR 1962,NED,1,Utrecht (NED),17 AUG 1985,1174
54,54,2:15.23,Belal Mansoor ALI,17 OCT 1988,BRN,1,Stockholm (SWE),07 AUG 2007,1174
55,56,2:15.25,Andreas BUSSE,06 MAY 1959,GDR,1,Berlin (GER),31 JUL 1983,1174
56,57,2:15.26,Driss MAAZOUZI,15 OCT 1969,FRA,6,Nice (FRA),17 JUL 1999,1173
57,58,2:15.28,Joaquim CRUZ,12 MAR 1963,BRA,1,Bern (SUI),29 JUL 1983,1173
58,59,2:15.3h,Mike BOIT,06 JAN 1949,KEN,1,Wattenscheid (GER),23 SEP 1977,1172
59,60,2:15.31,Amine LAALOU,13 MAY 1982,MAR,1,Rabat (MAR),05 JUN 2011,1172
60,60,2:15.31,Pierre-Ambroise BOSSE,11 MAY 1992,FRA,2,"Mestský Stadion, Ostrava (CZE)",17 JUN 2014,1172
61,62,2:15.33,Rob DRUPPERS,29 APR 1962,NED,2,Bruxelles (BEL),30 AUG 1985,1172
62,63,2:15.39,Laban ROTICH,20 JAN 1969,KEN,2,Stockholm (SWE),05 AUG 1998,1170
63,64,2:15.45,Japheth KIMUTAI,20 DEC 1978,KEN,1,Stockholm (SWE),30 JUL 1999,1169
64,64,2:15.45,Mehdi BAALA,17 AUG 1978,FRA,2,Nice (FRA),08 JUL 2000,1169
65,66,2:15.47,Japheth KIMUTAI,20 DEC 1978,KEN,3,Stockholm (SWE),05 AUG 1998,1169
66,66,2:15.47,Mehdi BAALA,17 AUG 1978,FRA,1,Longeville (FRA),02 JUL 2006,1169
67,68,2:15.48,Arthémon HATUNGIMANA,21 JAN 1974,BDI,3,Nice (FRA),12 JUL 1995,1168
68,69,2:15.5h,Ivo VAN DAMME,21 FEB 1954,BEL,1,Namur (BEL),14 JUL 1976,1168
69,69,2:15.50,Yuriy BORZAKOVSKIY,12 APR 1981,RUS,3,Stockholm (SWE),22 JUL 2008,1168
70,71,2:15.51,Nadir BOSCH,16 MAY 1973,FRA,7,Nice (FRA),17 JUL 1999,1168
71,72,2:15.53,Noah NGENY,02 NOV 1978,KEN,1,Athina (GRE),28 JUN 2000,1167
72,73,2:15.55,Noureddine MORCELI,28 FEB 1970,ALG,1,Villeneuve d'Ascq (FRA),17 JUN 1995,1167
73,74,2:15.57,James MCILROY,30 DEC 1976,IRL,4,Rieti (ITA),05 SEP 1999,1166
74,75,2:15.63,Vénuste NIYONGABO,09 DEC 1973,BDI,1,"Helmántico, Salamanca (ESP)",18 JUL 1995,1165
75,75,2:15.63,André BUCHER,19 OCT 1976,SUI,1,Langenthal (SUI),24 MAY 2001,1165
76,77,2:15.66,André BUCHER,19 OCT 1976,SUI,1,Langenthal (SUI),13 MAY 1999,1164
77,78,2:15.67,Benjamin KIPKURUI,28 DEC 1980,KEN,2,Stockholm (SWE),30 JUL 1999,1164
78,79,2:15.72,William CHIRCHIR,06 FEB 1979,KEN,3,Stockholm (SWE),30 JUL 1999,1163
79,79,2:15.72,Adam KSZCZOT,02 SEP 1989,POL,1,"Boudewijnstadion, Bruxelles (BEL)",05 SEP 2014,1163
80,81,2:15.73,André BUCHER,19 OCT 1976,SUI,1,Langenthal (SUI),02 JUN 2000,1163
81,81,2:15.73,Clayton MURPHY,26 FEB 1995,USA,3,"Stade Louis II, Monaco (MON)",10 AUG 2022,1163
82,83,2:15.75,Saïd AOUITA,02 NOV 1959,MAR,1,Grosseto (ITA),18 AUG 1983,1162
83,83,2:15.75,Mohammed AMAN,10 JAN 1994,ETH,2,"Boudewijnstadion, Bruxelles (BEL)",05 SEP 2014,1162
84,85,2:15.76,Andrea BENVENUTI,13 DEC 1969,ITA,1,Nuoro (ITA),12 SEP 1992,1162
85,85,2:15.76,Marcin LEWANDOWSKI,13 JUN 1987,POL,2,Rabat (MAR),05 JUN 2011,1162
86,87,2:15.77,Steve CRAM,14 OCT 1960,GBR,1,London (GBR),11 JUL 1986,1162
87,87,2:15.77,Noah NGENY,02 NOV 1978,KEN,4,Stockholm (SWE),05 AUG 1998,1162
88,87,2:15.77,Ayanleh SOULEIMAN,03 DEC 1992,DJI,1,Sollentuna (SWE),05 AUG 2013,1162
89,90,2:15.78,Jonathan KITILIT,24 APR 1994,KEN,2,"Stade Raymond Petit, Tomblaine (FRA)",01 JUL 2015,1161
90,90,2:15.78,Wyclife KINYAMAL,02 JUL 1997,KEN,4,"Stade Louis II, Monaco (MON)",10 AUG 2022,1161
91,92,2:15.79,Marcin LEWANDOWSKI,13 JUN 1987,POL,3,"Boudewijnstadion, Bruxelles (BEL)",05 SEP 2014,1161
92,93,2:15.81,Agberto Conceiço GUIMARĂES,18 AUG 1957,BRA,2,Bern (SUI),29 JUL 1983,1161
93,93,2:15.81,Robert FARKEN,20 SEP 1997,GER,1,"Nordanlage, Leipzig (GER)",21 JUL 2021,1161
94,95,2:15.83,William TANUI,22 FEB 1964,KEN,1,Auckland (NZL),20 JAN 1990,1160
95,95,2:15.83,Andrea LONGO,26 JUN 1975,ITA,4,Nice (FRA),16 JUL 1997,1160
96,97,2:15.84,Steve CRAM,14 OCT 1960,GBR,1,London (GBR),07 AUG 1982,1160
97,98,2:15.86,Steve CRAM,14 OCT 1960,GBR,1,Birmingham (GBR),19 AUG 1986,1160
98,98,2:15.86,Mbulaeni MULAUDZI,08 SEP 1980,RSA,2,Stockholm (SWE),07 AUG 2007,1160
99,100,2:15.87,Giuseppe D'URSO,15 SEP 1969,ITA,8,Nice (FRA),17 JUL 1999,1159
0,100,2:15.87,Mehdi BAALA,17 AUG 1978,FRA,1,Metz (FRA),19 JUN 2000,1159
1,102,2:15.89,Juma N'DIWA,28 NOV 1960,KEN,3,Bruxelles (BEL),30 AUG 1985,1159
2,102,2:15.89,Abdi BILE,28 DEC 1962,SOM,1,Edinburgh (GBR),06 JUL 1990,1159
3,102,2:15.89,Vincent MALAKWEN,19 JUL 1974,KEN,1,Sarajevo (BIH),09 SEP 1996,1159
4,102,2:15.89,Driss MAAZOUZI,15 OCT 1969,FRA,5,Stockholm (SWE),05 AUG 1998,1159
5,106,2:15.91,Steve OVETT,09 OCT 1955,GBR,1,Koblenz (GER),06 SEP 1979,1158
6,106,2:15.91,Vénuste NIYONGABO,09 DEC 1973,BDI,1,Madrid (ESP),06 SEP 1994,1158
7,106,2:15.91,Patrick KONCHELLAH,20 APR 1968,KEN,2,Athina (GRE),28 JUN 2000,1158
8,106,2:15.91,William CHIRCHIR,06 FEB 1979,KEN,4,Stockholm (SWE),01 AUG 2000,1158
9,110,2:15.97,David KRUMMENACKER,24 MAY 1975,USA,1,"Portland, OR (USA)",18 MAY 2002,1157
10,110,2:15.97,Geoffrey Kipkoech RONO,21 APR 1987,KEN,4,Stockholm (SWE),22 JUL 2008,1157
11,112,2:15.98,Mike BOIT,06 JAN 1949,KEN,1,Nice (FRA),20 AUG 1978,1157
12,112,2:15.98,Steve CRAM,14 OCT 1960,GBR,1,Loughborough (GBR),17 JUN 1984,1157
13,114,2:15.99,Jesús GÓMEZ,24 APR 1991,ESP,1,"Estadio Enrique Lopez Cuenca, Nerja (ESP)",12 MAY 2021,1157
14,114,2:15.99,Bryce HOPPEL,05 SEP 1997,USA,5,"Stade Louis II, Monaco (MON)",10 AUG 2022,1157
15,116,2:16.0h,Danie MALAN,26 JUN 1950,RSA,1,München (GER),24 JUN 1973,1156
16,116,2:16.0h,Vladimir MALOZYEMLIN,26 JAN 1956,URS,1,Kiev (URS),10 JUN 1981,1156
17,116,2:16.0h,Vladimir MALOZYEMLIN,26 JAN 1956,URS,1,Kiev (URS),27 JUN 1981,1156
18,116,2:16.0h,Joaquim CRUZ,12 MAR 1963,BRA,1,Paris (FRA),13 JUL 1985,1156
19,120,2:16.01,Andrea LONGO,26 JUN 1975,ITA,4,Stockholm (SWE),30 JUL 1999,1156
20,121,2:16.03,Mike BOIT,06 JAN 1949,KEN,1,Nice (FRA),23 AUG 1981,1156
21,122,2:16.08,Ayanleh SOULEIMAN,03 DEC 1992,DJI,1,"Bregyó Athletic Center, Székesfehérvár (HUN)",02 JUL 2018,1155
22,123,2:16.09,Jeffrey RISELEY,11 NOV 1986,AUS,3,"Mestský Stadion, Ostrava (CZE)",17 JUN 2014,1154
23,124,2:16.1h,Tom BYERS,12 MAY 1955,USA,1,København (DEN),06 AUG 1981,1154
24,125,2:16.13,Fermín CACHO,16 FEB 1969,ESP,1,Andújar (ESP),06 SEP 1993,1153
25,125,2:16.13,Tarek BOUKENSA,19 NOV 1981,ALG,3,Villeneuve d'Ascq (FRA),09 JUN 2006,1153
26,127,2:16.14,Mike BOIT,06 JAN 1949,KEN,2,Koblenz (GER),06 SEP 1979,1153
27,127,2:16.14,Japheth KIMUTAI,20 DEC 1978,KEN,2,"Portland, OR (USA)",18 MAY 2002,1153
28,129,2:16.17,Nicholas Kiplangat KIPKOECH,22 OCT 1992,KEN,2,"Bregyó Athletic Center, Székesfehérvár (HUN)",02 JUL 2018,1153
29,130,2:16.18,Bernard LAGAT,12 DEC 1974,USA,1,"International Stadium, Gateshead (GBR)",31 AUG 2008,1152
30,131,2:16.19,Giuseppe D'URSO,15 SEP 1969,ITA,2,Villeneuve d'Ascq (FRA),02 JUL 1993,1152
31,131,2:16.19,Timothy KIPTANUI,05 JAN 1980,KEN,1,Rethymno (GRE),06 JUL 2003,1152
32,133,2:16.2h,Jürgen MAY,18 JUN 1942,GDR,1,Erfurt (GER),20 JUL 1965,1152
33,133,2:16.2h,Franz-Josef KEMPER,30 SEP 1945,FRG,1,Hannover (GER),21 SEP 1966,1152
34,133,2:16.20,Steve CRAM,14 OCT 1960,GBR,1,Stockholm (SWE),30 JUN 1987,1152
35,133,2:16.20,Vincent MALAKWEN,19 JUL 1974,KEN,4,Nice (FRA),12 JUL 1995,1152
36,137,2:16.24,William CHIRCHIR,06 FEB 1979,KEN,3,"Portland, OR (USA)",18 MAY 2002,1151
37,138,2:16.25,James MAINA BOI,04 APR 1954,KEN,3,Koblenz (GER),06 SEP 1979,1151
38,138,2:16.25,Bernard LAGAT,12 DEC 1974,USA,3,Stockholm (SWE),07 AUG 2007,1151
39,140,2:16.26,William TANUI,22 FEB 1964,KEN,5,Nice (FRA),12 JUL 1995,1151
40,141,2:16.27,Yassine BENSGHIR,03 JAN 1983,MAR,4,Stockholm (SWE),07 AUG 2007,1150
41,141,2:16.27,Jake WIGHTMAN,11 JUL 1994,GBR,2,"Olympiastadion, Stockholm (SWE)",10 JUN 2018,1150
42,141,2:16.27,Jonathan KITILIT,24 APR 1994,KEN,3,"Bregyó Athletic Center, Székesfehérvár (HUN)",02 JUL 2018,1150
43,144,2:16.28,Kennedy KIMWETICH,1973,KEN,5,Stockholm (SWE),01 AUG 2000,1150
44,145,2:16.29,Wilson KIPKETER,12 DEC 1972,DEN,1,København (DEN),23 AUG 1995,1150
45,146,2:16.3h,Mike BOIT,06 JAN 1949,KEN,1,København (DEN),14 AUG 1974,1150
46,146,2:16.3h,Willi WÜLBECK,18 DEC 1954,FRG,2,Wattenscheid (GER),23 SEP 1977,1150
47,146,2:16.3h,James ROBINSON,27 AUG 1954,USA,2,København (DEN),06 AUG 1981,1150
48,146,2:16.3h,Andreas HAUCK,19 JUN 1960,GDR,1,Potsdam (GDR),12 JUL 1984,1150
49,146,2:16.3h,Andreas BUSSE,06 MAY 1959,GDR,2,Potsdam (GDR),12 JUL 1984,1150
50,146,2:16.30,Peter ELLIOTT,09 OCT 1962,GBR,1,Hamilton (NZL),17 JAN 1990,1150
51,146,2:16.30,Rui SILVA,03 AUG 1977,POR,9,Nice (FRA),17 JUL 1999,1150
52,146,2:16.30,Mehdi BAALA,17 AUG 1978,FRA,1,Strasbourg (FRA),02 JUL 2008,1150
53,154,2:16.32,Samuel TIROP,13 JAN 1959,KEN,2,Auckland (NZL),20 JAN 1990,1149
54,155,2:16.33,Mohammed AMAN,10 JAN 1994,ETH,4,"Mestský Stadion, Ostrava (CZE)",17 JUN 2014,1149
55,156,2:16.34,Matthew YATES,04 FEB 1969,GBR,2,Edinburgh (GBR),06 JUL 1990,1149
56,157,2:16.35,Nick SYMMONDS,30 DEC 1983,USA,3,"Hayward Field, Eugene, OR (USA)",03 JUL 2010,1148
57,158,2:16.36,Arthémon HATUNGIMANA,21 JAN 1974,BDI,5,Nice (FRA),16 JUL 1997,1148
58,159,2:16.38,Joshua THOMPSON,09 MAY 1993,USA,6,"Stade Louis II, Monaco (MON)",10 AUG 2022,1148
59,160,2:16.39,Benson SEUREI,27 MAR 1984,KEN,1,Linz (AUT),20 AUG 2012,1148
60,161,2:16.4h,Mike BOIT,06 JAN 1949,KEN,2,München (GER),24 JUN 1973,1147
61,161,2:16.4h,Thomas WESSINGHAGE,22 FEB 1952,FRG,3,Wattenscheid (GER),23 SEP 1977,1147
62,161,2:16.4h,Nikolay SHIROKOV,1955,URS,2,Kiev (URS),10 JUN 1981,1147
63,161,2:16.4h,Nikolay SHIROKOV,1955,URS,2,Kiev (URS),11 JUN 1981,1147
64,161,2:16.40,Steve SCOTT,05 MAY 1956,USA,2,Nice (FRA),23 AUG 1981,1147
65,161,2:16.40,Luke MCCANN,12 MAR 1998,IRL,7,"Stade Louis II, Monaco (MON)",10 AUG 2022,1147
66,167,2:16.42,André BUCHER,19 OCT 1976,SUI,1,Willisau (SUI),12 MAY 2001,1147
67,168,2:16.43,David LELEI,10 MAY 1971,KEN,1,"Palo Alto, CA (USA)",07 JUN 2003,1147
68,169,2:16.44,Saïd AOUITA,02 NOV 1959,MAR,1,Padova (ITA),13 SEP 1987,1146
69,169,2:16.44,Benson SEUREI,27 MAR 1984,BRN,1,Dillingen (GER),21 JUL 2013,1146
70,171,2:16.45,Steve SCOTT,05 MAY 1956,USA,1,Byrkjelo (NOR),03 JUL 1983,1146
71,171,2:16.45,Nixon KIPROTICH,04 DEC 1962,KEN,2,"Crystal Palace, London (GBR)",14 JUL 1989,1146
72,171,2:16.45,Laban ROTICH,20 JAN 1969,KEN,3,Nice (FRA),08 JUL 2000,1146
73,174,2:16.46,Filip INGEBRIGTSEN,20 APR 1993,NOR,1,"Bislett Stadion, Oslo (NOR)",11 JUN 2020,1146
74,174,2:16.46,Hobbs KESSLER,15 MAR 2003,USA,8,"Stade Louis II, Monaco (MON)",10 AUG 2022,1146
75,176,2:16.47,Peter ELLIOTT,09 OCT 1962,GBR,1,Belfast (GBR),27 JUN 1988,1146
76,176,2:16.47,Andrea LONGO,26 JUN 1975,ITA,1,Avezzano (ITA),12 SEP 1999,1146
77,176,2:16.47,Hezekiel SEPENG,30 JUN 1974,RSA,6,Stockholm (SWE),01 AUG 2000,1146
78,179,2:16.5h,Bodo TÜMMLER,08 DEC 1943,FRG,2,Hannover (GER),21 SEP 1966,1145
79,180,2:16.51,Ayanleh SOULEIMAN,03 DEC 1992,DJI,1,Šamorín (SVK),15 JUN 2019,1145
80,181,2:16.52,Jens-Peter HEROLD,02 JUN 1965,GER,3,Villeneuve d'Ascq (FRA),02 JUL 1993,1145
81,181,2:16.52,Nathan BRANNEN,08 SEP 1982,CAN,2,Linz (AUT),20 AUG 2012,1145
82,181,2:16.52,Sammy KIRONGO,04 FEB 1994,KEN,1,"Stade Raymond Petit, Tomblaine (FRA)",27 JUN 2014,1145
83,184,2:16.53,William YIAMPOY,17 MAY 1974,KEN,1,Nice (FRA),09 JUL 2001,1144
84,185,2:16.54,Jim SPIVEY,07 MAR 1960,USA,2,"Eugene, OR (USA)",21 JUL 1984,1144
85,186,2:16.55,Belal Mansoor ALI,17 OCT 1988,BRN,1,Stockholm (SWE),31 JUL 2009,1144
86,187,2:16.56,William WUYCKE,21 MAY 1958,VEN,3,Bern (SUI),29 JUL 1983,1144
87,187,2:16.56,Lukáš VYDRA,23 AUG 1973,CZE,6,Stockholm (SWE),05 AUG 1998,1144
88,189,2:16.57,John WALKER,12 JAN 1952,NZL,3,Oslo (NOR),01 JUL 1980,1143
89,189,2:16.57,Hezekiel SEPENG,30 JUN 1974,RSA,4,"Portland, OR (USA)",18 MAY 2002,1143
90,191,2:16.58,Sammy KOSKEI,14 MAY 1961,KEN,2,Byrkjelo (NOR),03 JUL 1983,1143
91,191,2:16.58,Omar KHALIFA,18 DEC 1956,SUD,2,Padova (ITA),13 SEP 1987,1143
92,191,2:16.58,Nick WILLIS,25 APR 1983,NZL,3,Linz (AUT),20 AUG 2012,1143
93,191,2:16.58,Adam KSZCZOT,02 SEP 1989,POL,3,"Olympiastadion, Stockholm (SWE)",10 JUN 2018,1143
94,195,2:16.59,Yassine HETHAT,30 AUG 1991,ALG,4,"Bregyó Athletic Center, Székesfehérvár (HUN)",02 JUL 2018,1143
95,196,2:16.6h,Peter SNELL,17 DEC 1938,NZL,1,Auckland (NZL),12 NOV 1964,1143
96,196,2:16.6h,Thomas WESSINGHAGE,22 FEB 1952,FRG,1,Koblenz (GER),06 AUG 1975,1143
97,196,2:16.6h,Ivo VAN DAMME,21 FEB 1954,BEL,1,Bruxelles (BEL),14 SEP 1976,1143
98,196,2:16.6h,Philippe COLLARD,26 FEB 1960,FRA,1,Parilly (FRA),18 JUL 1986,1143
99,196,2:16.6h,Philippe COLLARD,26 FEB 1960,FRA,3,Padova (ITA),13 SEP 1987,1143
0,201,2:16.61,Grant CREMER,09 JUN 1978,AUS,7,Stockholm (SWE),01 AUG 2000,1143
1,202,2:16.63,David KRUMMENACKER,24 MAY 1975,USA,5,Stockholm (SWE),30 JUL 1999,1142
2,202,2:16.63,Jeffrey RISELEY,11 NOV 1986,AUS,4,Linz (AUT),20 AUG 2012,1142
3,204,2:16.64,Antonio PAEZ,05 SEP 1956,ESP,4,Oslo (NOR),01 JUL 1980,1142
4,205,2:16.65,Vénuste NIYONGABO,09 DEC 1973,BDI,1,Parma (ITA),12 JUN 1994,1142
5,206,2:16.67,Matthew CENTROWITZ,18 OCT 1989,USA,6,"Stade Olympique de la Pontaise, Lausanne (SUI)",25 AUG 2016,1141
6,207,2:16.68,Steve HOLMAN,02 MAR 1970,USA,5,Rieti (ITA),05 SEP 1999,1141
7,207,2:16.68,Nicholas Kiplangat KIPKOECH,22 OCT 1992,KEN,7,"Stade Olympique de la Pontaise, Lausanne (SUI)",25 AUG 2016,1141
8,209,2:16.7h,Siegfried VALENTIN,23 FEB 1936,GDR,1,Potsdam (GDR),19 JUL 1960,1141
9,209,2:16.7h,Mike BOIT,06 JAN 1949,KEN,2,Oslo (NOR),30 JUL 1974,1141
10,209,2:16.7h,Danie MALAN,26 JUN 1950,RSA,2,Namur (BEL),14 JUL 1976,1141
11,209,2:16.7h,Detlef WAGENKNECHT,03 JAN 1959,GDR,1,Berlin (GER),26 MAY 1982,1141
12,209,2:16.7h,John MARSHALL,05 NOV 1963,USA,2,Paris (FRA),13 JUL 1985,1141
13,214,2:16.71,Billy KONCHELLAH,20 OCT 1961,KEN,4,Bruxelles (BEL),30 AUG 1985,1140
14,214,2:16.71,Ali HAKIMI,24 APR 1976,TUN,6,Stockholm (SWE),30 JUL 1999,1140
15,216,2:16.73,Japheth KIMUTAI,20 DEC 1978,KEN,1,Florø (NOR),23 MAY 1998,1140
16,217,2:16.75,Jeffrey RISELEY,11 NOV 1986,AUS,1,"Mestský Stadion, Ostrava (CZE)",31 MAY 2011,1139
17,218,2:16.76,Yassine HETHAT,30 AUG 1991,ALG,2,"Stade Raymond Petit, Tomblaine (FRA)",27 JUN 2014,1139
18,219,2:16.78,Jens-Peter HEROLD,02 JUN 1965,GDR,1,Berlin (GER),30 JUL 1989,1139
19,219,2:16.78,Vebjørn RODAL,16 SEP 1972,NOR,1,London (GBR),11 AUG 1996,1139
20,221,2:16.79,Jakub HOLUŠA,20 FEB 1988,CZE,5,"Mestský Stadion, Ostrava (CZE)",17 JUN 2014,1139
21,221,2:16.79,Jackson Mumbwa KIVUVA,11 AUG 1989,KEN,5,"Bregyó Athletic Center, Székesfehérvár (HUN)",02 JUL 2018,1139
22,223,2:16.8h,José MARAJO,10 AUG 1954,FRA,1,Paris (FRA),17 JUL 1980,1138
23,223,2:16.8h,Vitaliy TISHCHENKO,28 JUL 1957,URS,3,Kiev (URS),11 JUN 1981,1138
24,223,2:16.80,Robert KIBET,15 DEC 1965,KEN,3,Sarajevo (BIH),09 SEP 1996,1138
25,226,2:16.82,Graham WILLIAMSON,15 JUN 1960,GBR,1,Edinburgh (GBR),17 JUL 1984,1138
26,226,2:16.82,Geoffrey Kipkoech RONO,21 APR 1987,KEN,2,Stockholm (SWE),31 JUL 2009,1138
27,228,2:16.83,Japheth KIMUTAI,20 DEC 1978,KEN,2,Rethymno (GRE),06 JUL 2003,1138
28,229,2:16.84,Nixon KIPROTICH,04 DEC 1962,KEN,3,Edinburgh (GBR),06 JUL 1990,1137
29,229,2:16.84,Ali HAKIMI,24 APR 1976,TUN,1,Lindau (GER),28 JUL 1995,1137
30,231,2:16.85,Hicham EL GUERROUJ,14 SEP 1974,MAR,6,Nice (FRA),12 JUL 1995,1137
31,231,2:16.85,Antoine GAKEME,24 DEC 1991,BDI,4,"Olympiastadion, Stockholm (SWE)",10 JUN 2018,1137
32,233,2:16.86,Graham WILLIAMSON,15 JUN 1960,GBR,2,Nice (FRA),20 AUG 1984,1137
33,233,2:16.86,Sammy KOSKEI,14 MAY 1961,KEN,2,Belfast (GBR),27 JUN 1988,1137
34,233,2:16.86,Japheth KIMUTAI,20 DEC 1978,KEN,1,Bruxelles (BEL),22 AUG 1997,1137
35,233,2:16.86,Ali HAKIMI,24 APR 1976,TUN,4,Nice (FRA),08 JUL 2000,1137
36,233,2:16.86,Nicolas AÏSSAT,24 JUL 1980,FRA,1,Strasbourg (FRA),19 JUN 2001,1137
37,238,2:16.87,Pierre DÉLÈZE,25 AUG 1958,SUI,4,Bern (SUI),29 JUL 1983,1137
38,239,2:16.88,Ari SUHONEN,19 DEC 1965,FIN,1,Lahti (FIN),11 AUG 1987,1136
39,239,2:16.88,Graham HOOD,02 APR 1972,CAN,1,Montréal (CAN),10 JUN 1996,1136
40,239,2:16.88,Ferguson Cheruiyot ROTICH,30 NOV 1989,KEN,4,"Boudewijnstadion, Bruxelles (BEL)",05 SEP 2014,1136
41,242,2:16.89,Cornelius TUWEI,14 MAY 1993,KEN,6,"Bregyó Athletic Center, Székesfehérvár (HUN)",02 JUL 2018,1136
42,243,2:16.9h,Francesco ARESE,13 APR 1944,ITA,1,Torino (ITA),11 OCT 1970,1136
43,243,2:16.9h,Danie MALAN,26 JUN 1950,RSA,1,Stuttgart (GER),26 AUG 1975,1136
44,243,2:16.90,Thomas WESSINGHAGE,22 FEB 1952,FRG,4,Koblenz (GER),06 SEP 1979,1136
45,243,2:16.9h,Saïd AOUITA,02 NOV 1959,MAR,1,Casablanca (MAR),13 MAR 1983,1136
46,243,2:16.90,David MACK,30 MAY 1961,USA,2,Edinburgh (GBR),23 JUL 1985,1136
47,243,2:16.90,Timo BENITZ,24 DEC 1991,GER,1f2,Pliezhausen (GER),18 MAY 2014,1136
48,249,2:16.92,Jürgen STRAUB,03 NOV 1953,GDR,1,Potsdam (GDR),13 JUL 1980,1136
49,249,2:16.92,Collins KIPRUTO,12 APR 1994,KEN,2,Šamorín (SVK),15 JUN 2019,1136
50,251,2:16.93,Noah NGENY,02 NOV 1978,KEN,2,Nice (FRA),09 JUL 2001,1135
51,251,2:16.93,Nick WILLIS,25 APR 1983,NZL,2,"International Stadium, Gateshead (GBR)",31 AUG 2008,1135
52,253,2:16.94,Alex KIPCHIRCHIR,26 NOV 1984,KEN,1,"New York, NY (USA)",11 JUN 2005,1135
53,254,2:16.95,Willi WÜLBECK,18 DEC 1954,FRG,1,Köln (GER),22 AUG 1982,1135
54,254,2:16.95,Filip INGEBRIGTSEN,20 APR 1993,NOR,8,"Stade Olympique de la Pontaise, Lausanne (SUI)",25 AUG 2016,1135
55,254,2:16.95,Andreas KRAMER,13 APR 1997,SWE,1,"Slottsskogsvallen, Göteborg (SWE)",18 JUN 2023,1135
56,257,2:16.96,Nabil MADI,09 JUN 1981,ALG,4,Villeneuve d'Ascq (FRA),09 JUN 2006,1135
57,257,2:16.96,Adam KSZCZOT,02 SEP 1989,POL,6,"Mestský Stadion, Ostrava (CZE)",17 JUN 2014,1135
58,259,2:16.98,Jean-Patrick NDUWIMANA,09 MAR 1978,BDI,8,Stockholm (SWE),01 AUG 2000,1134
59,259,2:16.98,Abubaker KAKI,21 JUN 1989,SUD,3,Stockholm (SWE),31 JUL 2009,1134
60,259,2:16.98,Kipyegon BETT,01 FEB 1998,KEN,5,"Olympiastadion, Stockholm (SWE)",10 JUN 2018,1134
61,262,2:16.99,Anthony MORRELL,03 MAY 1962,GBR,2,London (GBR),28 AUG 1988,1134
62,262,2:16.99,Andrew BADDELEY,20 JUN 1982,GBR,5,Stockholm (SWE),07 AUG 2007,1134
63,262,2:16.99,Adam KSZCZOT,02 SEP 1989,POL,2,"Mestský Stadion, Ostrava (CZE)",31 MAY 2011,1134
64,265,2:17.0h,Marcel PHILIPPE,16 SEP 1951,FRA,1,Paris (FRA),28 JUN 1973,1134
65,265,2:17.0h,Byron DYCE,27 MAR 1948,JAM,2,København (DEN),15 AUG 1973,1134
66,265,2:17.0h,Lutz ZAUBER,09 AUG 1958,GDR,2,Berlin (GER),26 MAY 1982,1134
67,265,2:17.0h,Johan FOURIE,02 DEC 1959,RSA,1,Bloemfontein (RSA),28 JAN 1985,1134
68,265,2:17.00,Patrick KONCHELLAH,20 APR 1968,KEN,1,Hamburg (GER),29 JUL 1999,1134
69,265,2:17.00,Ferguson Cheruiyot ROTICH,30 NOV 1989,KEN,9,"Stade Louis II, Monaco (MON)",10 AUG 2022,1134
70,271,2:17.01,Benyounés LAHLOU,03 NOV 1964,MAR,6,Nice (FRA),16 JUL 1997,1134
71,271,2:17.01,Bram SOM,20 FEB 1980,NED,1f3,Lisse (NED),15 MAY 2010,1134
72,273,2:17.02,André BUCHER,19 OCT 1976,SUI,1,Willisau (SUI),08 MAY 1999,1133
73,274,2:17.03,Ali HAKIMI,24 APR 1976,TUN,9,Stockholm (SWE),01 AUG 2000,1133
74,275,2:17.05,Charles NKAZAMYAMPI,01 NOV 1964,BDI,4,Villeneuve d'Ascq (FRA),02 JUL 1993,1133
75,275,2:17.05,Filip SASÍNEK,08 JAN 1996,CZE,1,"Wieslaw Maniak Municipal Athletic Stadium, Szczecin (POL)",16 AUG 2020,1133
76,277,2:17.06,Peter ELLIOTT,09 OCT 1962,GBR,1,Madrid (ESP),04 JUN 1987,1132
77,277,2:17.06,Tony VAN DIEPEN,17 APR 1996,NED,10,"Stade Louis II, Monaco (MON)",10 AUG 2022,1132
78,279,2:17.07,Rob DRUPPERS,29 APR 1962,NED,3,"Eugene, OR (USA)",21 JUL 1984,1132
79,279,2:17.07,Philip KIBITOK,23 MAR 1971,KEN,7,Nice (FRA),16 JUL 1997,1132
80,281,2:17.08,Ilham Tanui ÖZBILEN,05 MAR 1990,KEN,3,"Mestský Stadion, Ostrava (CZE)",31 MAY 2011,1132
81,281,2:17.08,Jakub HOLUŠA,20 FEB 1988,CZE,4,"Mestský Stadion, Ostrava (CZE)",31 MAY 2011,1132
82,281,2:17.08,Abraham Kipchirchir ROTICH,26 SEP 1993,KEN,1,Dubnica nad Váhom (SVK),26 AUG 2012,1132
83,281,2:17.08,Ole Jakob SOLBU,19 AUG 2003,NOR,2,"Slottsskogsvallen, Göteborg (SWE)",18 JUN 2023,1132
84,285,2:17.09,Vincent MALAKWEN,19 JUL 1974,KEN,2,London (GBR),11 AUG 1996,1132
85,286,2:17.10,Julius ACHON,12 DEC 1976,UGA,2,Rhede (GER),30 JUL 1995,1132
86,286,2:17.10,Driss MAAZOUZI,15 OCT 1969,FRA,3,Nice (FRA),09 JUL 2001,1132
87,286,2:17.10,David KRUMMENACKER,24 MAY 1975,USA,2,"Palo Alto, CA (USA)",07 JUN 2003,1132
88,286,2:17.10,Nick SYMMONDS,30 DEC 1983,USA,3,"International Stadium, Gateshead (GBR)",31 AUG 2008,1132
89,290,2:17.11,Japheth KIMUTAI,20 DEC 1978,KEN,1,Rethymno (GRE),07 JUL 2002,1131
90,290,2:17.11,Ronald MUSAGALA,16 DEC 1992,UGA,5,"Boudewijnstadion, Bruxelles (BEL)",05 SEP 2014,1131
91,290,2:17.11,Benjamin ROBERT,04 JAN 1998,FRA,11,"Stade Louis II, Monaco (MON)",10 AUG 2022,1131
92,293,2:17.13,Elkanah Onkware ANGWENYI,05 FEB 1983,KEN,2,"New York, NY (USA)",11 JUN 2005,1131
93,293,2:17.13,Michael RIMMER,03 FEB 1986,GBR,5,Linz (AUT),20 AUG 2012,1131
94,293,2:17.13,Fouad EL KAAM,27 MAY 1988,MAR,1,"Wieslaw Maniak Municipal Athletic Stadium, Szczecin (POL)",15 AUG 2018,1131
95,293,2:17.13,Yassine HETHAT,30 AUG 1991,ALG,1,"Stade Annexe du 5 Juillet, Algiers (ALG)",19 MAR 2022,1131
96,297,2:17.14,Riccardo MATERAZZI,15 JUN 1963,ITA,1,Pisa (ITA),20 JUN 1984,1131
97,297,2:17.14,John GLADWIN,07 MAY 1963,GBR,4,Edinburgh (GBR),06 JUL 1990,1131
98,297,2:17.14,Mahiedine MEKHISSI,15 MAR 1985,FRA,1,"Stade Raymond Petit, Tomblaine (FRA)",26 JUN 2009,1131
99,300,2:17.15,Abdi BILE,28 DEC 1962,SOM,3,Edinburgh (GBR),23 JUL 1985,1130
0,300,2:17.15,Steve CRAM,14 OCT 1960,GBR,1,London (GBR),22 AUG 1987,1130
1,300,2:17.15,Yassine HETHAT,30 AUG 1991,ALG,6,"Boudewijnstadion, Bruxelles (BEL)",05 SEP 2014,1130
2,303,2:17.16,Nicholas Kiplangat KIPKOECH,22 OCT 1992,KEN,6,Linz (AUT),20 AUG 2012,1130
3,304,2:17.17,Clayton MURPHY,26 FEB 1995,USA,1,"Portland, OR (USA)",11 JUN 2017,1130
4,305,2:17.18,Eckhardt RÜTER,24 OCT 1963,FRG,1,Hamm (GER),09 SEP 1988,1130
5,305,2:17.18,Joseph CHESIRE,12 NOV 1957,KEN,3,"Crystal Palace, London (GBR)",14 JUL 1989,1130
6,305,2:17.18,Mahiedine MEKHISSI,15 MAR 1985,FRA,3,"Stade Raymond Petit, Tomblaine (FRA)",27 JUN 2014,1130
7,305,2:17.18,Andrew OSAGIE,19 FEB 1988,GBR,6,"Olympiastadion, Stockholm (SWE)",10 JUN 2018,1130
8,309,2:17.19,Johan BOTHA,10 JAN 1974,RSA,10,Nice (FRA),17 JUL 1999,1129
9,309,2:17.19,Tamás KAZI,16 MAY 1985,HUN,7,"Bregyó Athletic Center, Székesfehérvár (HUN)",02 JUL 2018,1129
10,311,2:17.2h,Rod DIXON,13 JUL 1950,NZL,4,Oslo (NOR),30 JUL 1974,1129
11,311,2:17.2h,John WALKER,12 JAN 1952,NZL,1,Milano (ITA),02 JUL 1975,1129
12,311,2:17.2h,Vladimir SHERONOV,14 JUN 1955,URS,1,Podolsk (URS),20 AUG 1978,1129
13,311,2:17.2h,Vladimir VOLKOV,12 JAN 1956,URS,1,Kiev (URS),15 JUN 1981,1129
14,311,2:17.20,Rob HARRISON,05 JUN 1959,GBR,1,London (GBR),18 AUG 1984,1129
15,311,2:17.20,Mustapha LACHAAL,10 FEB 1964,MAR,2,Jerez de la Frontera (ESP),13 SEP 1989,1129
16,311,2:17.20,George KERSH,03 JUL 1968,USA,5,Villeneuve d'Ascq (FRA),02 JUL 1993,1129
17,311,2:17.20,Rui SILVA,03 AUG 1977,POR,1,Lisboa (POR),12 APR 1997,1129
18,319,2:17.21,Billy KONCHELLAH,20 OCT 1961,KEN,2,Stockholm (SWE),30 JUN 1987,1129
19,319,2:17.21,Yassine BENSGHIR,03 JAN 1983,MAR,7,Linz (AUT),20 AUG 2012,1129
20,319,2:17.21,Michał ROZMYS,13 MAR 1995,POL,1,"Forest Stadium, Sopot (POL)",30 AUG 2021,1129
21,322,2:17.22,Paweł CZAPIEWSKI,30 MAR 1978,POL,1,Kraków (POL),22 SEP 2002,1129
22,323,2:17.23,William WUYCKE,21 MAY 1958,VEN,2,Madrid (ESP),04 JUN 1987,1129
23,324,2:17.24,Isaac VICIOSA,26 DEC 1969,ESP,2,"Helmántico, Salamanca (ESP)",18 JUL 1995,1128
24,324,2:17.24,Driss MAAZOUZI,15 OCT 1969,MAR,1,Villeneuve d'Ascq (FRA),29 JUN 1997,1128
25,324,2:17.24,Marcin LEWANDOWSKI,13 JUN 1987,POL,2,"Wieslaw Maniak Municipal Athletic Stadium, Szczecin (POL)",15 AUG 2018,1128
26,324,2:17.24,Baptiste MISCHLER,23 NOV 1997,FRA,2,"Estadio Enrique Lopez Cuenca, Nerja (ESP)",12 MAY 2021,1128
27,328,2:17.25,Earl JONES,17 JUL 1964,USA,2,London (GBR),11 JUL 1986,1128
28,328,2:17.25,Abdelslam KENNOUCHE,07 OCT 1980,ALG,2,Strasbourg (FRA),26 JUN 2003,1128
29,328,2:17.25,Marcin LEWANDOWSKI,13 JUN 1987,POL,1,"Mestský Stadion, Ostrava (CZE)",26 MAY 2015,1128
30,331,2:17.26,Steve OVETT,09 OCT 1955,GBR,1,London (GBR),15 JUL 1983,1128
31,331,2:17.26,Hezekiel SEPENG,30 JUN 1974,RSA,4,Nice (FRA),09 JUL 2001,1128
32,333,2:17.27,Johnny GRAY,19 JUN 1960,USA,2,London (GBR),18 AUG 1984,1128
33,334,2:17.28,Gennaro DI NAPOLI,05 MAR 1968,ITA,1,Parma (ITA),22 JUN 1991,1127
34,335,2:17.29,Rich KENAH,04 AUG 1970,USA,3,London (GBR),11 AUG 1995,1127
35,335,2:17.29,Rich KENAH,04 AUG 1970,USA,3,London (GBR),11 AUG 1996,1127
36,335,2:17.29,Marcin LEWANDOWSKI,13 JUN 1987,POL,1,Dubnica nad Váhom (SVK),22 AUG 2010,1127
37,335,2:17.29,Yassine HETHAT,30 AUG 1991,ALG,7,"Mestský Stadion, Ostrava (CZE)",17 JUN 2014,1127
38,335,2:17.29,Ignacio FONTES,22 JUN 1998,ESP,2,"Wieslaw Maniak Municipal Athletic Stadium, Szczecin (POL)",16 AUG 2020,1127
39,340,2:17.3h,Harald NORPOTH,22 AUG 1942,FRG,3,Hannover (GER),21 SEP 1966,1127
40,340,2:17.3h,Hans-Peter FERNER,06 JUN 1956,FRG,3,København (DEN),06 AUG 1981,1127
41,340,2:17.30,Tonino VIALI,16 SEP 1960,ITA,1,Grosseto (ITA),13 AUG 1990,1127
42,340,2:17.30,Laban ROTICH,20 JAN 1969,KEN,10,Stockholm (SWE),01 AUG 2000,1127
43,340,2:17.30,Arnoud OKKEN,20 APR 1982,NED,2f3,Lisse (NED),15 MAY 2010,1127
44,340,2:17.30,Michał ROZMYS,13 MAR 1995,POL,3,"Wieslaw Maniak Municipal Athletic Stadium, Szczecin (POL)",16 AUG 2020,1127
45,346,2:17.32,Mohamed AL GARNI,02 JUL 1992,QAT,8,Linz (AUT),20 AUG 2012,1127
46,347,2:17.33,Steve CRAM,14 OCT 1960,GBR,1,Gateshead (GBR),26 JUL 1987,1126
47,347,2:17.33,Silas Kimeli TOO,1993,KEN,2,Dillingen (GER),21 JUL 2013,1126
48,349,2:17.34,Joel N'GETICH,02 JUN 1955,KEN,3,Köln (GER),22 AUG 1982,1126
49,349,2:17.34,Arthémon HATUNGIMANA,21 JAN 1974,BDI,2,Strasbourg (FRA),19 JUN 2001,1126
50,349,2:17.34,Jean-Patrick NDUWIMANA,09 MAR 1978,BDI,5,Nice (FRA),09 JUL 2001,1126
51,349,2:17.34,Florent LACASSE,21 JAN 1981,FRA,1,St-Florentin (FRA),14 SEP 2003,1126
52,349,2:17.34,Nathan BRANNEN,08 SEP 1982,CAN,4,"International Stadium, Gateshead (GBR)",31 AUG 2008,1126
53,354,2:17.35,Kennedy KIMWETICH,1973,KEN,6,Nice (FRA),09 JUL 2001,1126
54,354,2:17.35,Jeffrey RISELEY,11 NOV 1986,AUS,4,Stockholm (SWE),31 JUL 2009,1126
55,356,2:17.36,José Luis BARBOSA,27 MAY 1961,BRA,1,Nice (FRA),16 JUL 1985,1126
56,356,2:17.36,Neil HORSFIELD,07 DEC 1966,GBR,2,Gateshead (GBR),09 AUG 1991,1126
57,358,2:17.37,Sammy KOSKEI,14 MAY 1961,KEN,3,Madrid (ESP),04 JUN 1987,1125
58,358,2:17.37,Paul ERENG,22 AUG 1967,KEN,1,Budapest (HUN),08 AUG 1989,1125
59,360,2:17.38,Tamás KAZI,16 MAY 1985,HUN,8,"Mestský Stadion, Ostrava (CZE)",17 JUN 2014,1125
60,360,2:17.38,Asbel KIPROP,30 JUN 1989,KEN,2,"Mestský Stadion, Ostrava (CZE)",26 MAY 2015,1125
61,362,2:17.39,Nicolas AÏSSAT,24 JUL 1980,FRA,7,Nice (FRA),09 JUL 2001,1125
62,363,2:17.4h,Dieter FROMM,21 APR 1948,GDR,1,Erfurt (GER),17 JUL 1973,1125
63,363,2:17.4h,Abderrahmane MORCELI,1957,ALG,2,Nice (FRA),20 AUG 1978,1125
64,363,2:17.40,Benson KOECH,10 NOV 1974,KEN,7,Nice (FRA),12 JUL 1995,1125
65,363,2:17.40,Yuriy BORZAKOVSKIY,12 APR 1981,RUS,5,Nice (FRA),08 JUL 2000,1125
66,363,2:17.40,Abdelkader CHÉKHÉMANI,18 JUL 1971,FRA,3,Strasbourg (FRA),26 JUN 2003,1125
67,363,2:17.40,Alfred KIPKETER,28 DEC 1996,KEN,7,"Olympiastadion, Stockholm (SWE)",10 JUN 2018,1125
68,369,2:17.42,Solomon LEKUTA,03 OCT 1999,KEN,1,"Stade Louis II, Monaco (MON)",20 JUL 2018,1124
69,370,2:17.43,Gareth BROWN,29 DEC 1961,GBR,3,London (GBR),18 AUG 1984,1124
70,370,2:17.43,Peter ELLIOTT,09 OCT 1962,GBR,2,Gateshead (GBR),26 JUL 1987,1124
71,370,2:17.43,Dirk HEINZE,02 JUL 1976,GER,1,Weimar (GER),27 JUN 1999,1124
72,373,2:17.44,Nils SCHUMANN,20 MAY 1978,GER,2,Weimar (GER),27 JUN 1999,1124
73,373,2:17.44,Carsten SCHLANGEN,31 DEC 1980,GER,1,Königs Wusterhausen (GER),27 MAY 2008,1124
74,373,2:17.44,Hamza DRIOUCH,16 NOV 1994,QAT,1,Sollentuna (SWE),09 AUG 2011,1124
75,373,2:17.44,Andrew WHEATING,21 NOV 1987,USA,9,Linz (AUT),20 AUG 2012,1124
76,377,2:17.45,Chris MCGEORGE,13 JAN 1962,GBR,3,Nice (FRA),20 AUG 1984,1124
77,377,2:17.45,André BUCHER,19 OCT 1976,SUI,1,Langenthal (SUI),23 MAY 1998,1124
78,377,2:17.45,Reyes ESTÉVEZ,02 AUG 1976,ESP,1,Andújar (ESP),05 SEP 2000,1124
79,380,2:17.46,William SEREM,18 AUG 1971,KEN,1,Hildesheim (GER),25 JUN 1995,1123
80,380,2:17.46,David TORRENCE,26 NOV 1985,USA,10,Linz (AUT),20 AUG 2012,1123
81,382,2:17.47,Jackson Mumbwa KIVUVA,11 AUG 1989,KEN,5,Stockholm (SWE),22 JUL 2008,1123
82,382,2:17.47,Kyle LANGFORD,02 FEB 1996,GBR,3,Šamorín (SVK),15 JUN 2019,1123
83,382,2:17.47,Collins KIPRUTO,12 APR 1994,KEN,1,Varberg (SWE),15 JUL 2019,1123
84,385,2:17.48,Robert CHIRCHIR,26 NOV 1972,KEN,11,Nice (FRA),17 JUL 1999,1123
85,385,2:17.48,Benson Marrianyi ESHO,02 FEB 1987,KEN,5,Villeneuve d'Ascq (FRA),09 JUN 2006,1123
86,387,2:17.49,Michael HILLARDT,22 JAN 1961,AUS,4,London (GBR),18 AUG 1984,1123
87,387,2:17.49,Hauke FUHLBRÜGGE,21 MAR 1966,GDR,1,Budapest (HUN),11 AUG 1986,1123
88,389,2:17.5h,Ivo VAN DAMME,21 FEB 1954,BEL,1,Edinburgh (GBR),06 AUG 1976,1123
89,389,2:17.5h,Jozef PLACHÝ,28 FEB 1949,TCH,1,Karlstad (SWE),10 AUG 1977,1123
90,389,2:17.5h,Amar BRAHMIA,02 SEP 1954,ALG,3,Nice (FRA),20 AUG 1978,1123
91,389,2:17.5h,Vladimir PONOMARYEV,10 AUG 1952,URS,2,Podolsk (URS),20 AUG 1978,1123
92,389,2:17.5h,Mike BOIT,06 JAN 1949,KEN,1,Ingelheim (FRG),12 SEP 1978,1123
93,389,2:17.5h,Mehdi BAALA,17 AUG 1978,FRA,1,Nantes (FRA),22 SEP 1999,1123
94,389,2:17.50,Bram SOM,20 FEB 1980,NED,5,"International Stadium, Gateshead (GBR)",31 AUG 2008,1123
95,396,2:17.51,David FIEGEN,03 SEP 1984,LUX,2,Longeville (FRA),02 JUL 2006,1122
96,396,2:17.51,Edwin Kiplagat MELLY,23 APR 1994,KEN,3,"Stade Raymond Petit, Tomblaine (FRA)",01 JUL 2015,1122
97,398,2:17.52,Bernard LAGAT,12 DEC 1974,USA,5,Stockholm (SWE),31 JUL 2009,1122
98,399,2:17.53,Graham HOOD,02 APR 1972,CAN,2,Villeneuve d'Ascq (FRA),29 JUN 1997,1122
99,399,2:17.53,Mehdi BAALA,17 AUG 1978,FRA,1,Amiens (FRA),23 JUL 1999,1122
0,399,2:17.53,Job KINYOR,08 MAY 1990,KEN,2,Dubnica nad Váhom (SVK),22 AUG 2010,1122
1,399,2:17.53,Yassine HETHAT,30 AUG 1991,ALG,4,Šamorín (SVK),15 JUN 2019,1122
2,403,2:17.55,Joseph Mwengi MUTUA,10 DEC 1978,KEN,2,Rethymno (GRE),07 JUL 2002,1121
3,403,2:17.55,Ignacio FONTES,22 JUN 1998,ESP,3,"Estadio Enrique Lopez Cuenca, Nerja (ESP)",12 MAY 2021,1121
4,405,2:17.56,Stephen Ole MARAI,11 NOV 1962,KEN,1,Rhede (GER),03 AUG 1990,1121
5,405,2:17.56,Homiyu TESFAYE,23 JUN 1993,GER,2f2,Pliezhausen (GER),18 MAY 2014,1121
6,407,2:17.57,Agberto Conceiço GUIMARĂES,18 AUG 1957,BRA,4,"Eugene, OR (USA)",21 JUL 1984,1121
7,407,2:17.57,David KRUMMENACKER,24 MAY 1975,USA,3,"New York, NY (USA)",11 JUN 2005,1121
8,407,2:17.57,Richard KIPLAGAT,03 MAY 1984,KEN,6,"International Stadium, Gateshead (GBR)",31 AUG 2008,1121
9,410,2:17.58,Alexandre GONZALEZ,16 MAR 1951,FRA,4,Nice (FRA),23 AUG 1981,1121
10,410,2:17.58,Steve CRAM,14 OCT 1960,GBR,2,Edinburgh (GBR),17 JUL 1984,1121
11,410,2:17.58,David MATTHEWS,09 APR 1974,IRL,4,Sarajevo (BIH),09 SEP 1996,1121
12,410,2:17.58,Bryan WOODWARD,03 MAR 1974,USA,2,Hamburg (GER),29 JUL 1999,1121
13,410,2:17.58,Arthémon HATUNGIMANA,21 JAN 1974,BDI,8,Nice (FRA),09 JUL 2001,1121
14,415,2:17.59,Japheth KIMUTAI,20 DEC 1978,KEN,2,København (DEN),23 AUG 1995,1120
15,415,2:17.59,Kevin SULLIVAN,20 MAR 1974,CAN,3,Athina (GRE),28 JUN 2000,1120
16,415,2:17.59,William YIAMPOY,17 MAY 1974,KEN,3,Rethymno (GRE),07 JUL 2002,1120
17,418,2:17.6h,Paul-Heinz WELLMANN,31 MAR 1952,FRG,2,München (GER),24 JUN 1973,1120
18,418,2:17.6h,Dominique BOUCHARD,04 FEB 1963,FRA,1,St-Maur (FRA),08 JUL 1987,1120
19,418,2:17.60,Alfred Kirwa YEGO,28 NOV 1986,KEN,4,"Hayward Field, Eugene, OR (USA)",03 JUL 2010,1120
20,418,2:17.60,Timothy SEIN,01 FEB 1988,KEN,11,Linz (AUT),20 AUG 2012,1120
21,418,2:17.60,Josh KERR,08 OCT 1997,GBR,1,"McKenzie High School Track, Finn Rock, Oregon (USA)",17 JUL 2020,1120
22,423,2:17.61,Ahmed KRAMA,14 FEB 1973,ALG,4,London (GBR),11 AUG 1996,1120
23,424,2:17.62,Hauke FUHLBRÜGGE,21 MAR 1966,GDR,5,Edinburgh (GBR),06 JUL 1990,1120
24,424,2:17.62,Timothy KITUM,20 NOV 1994,KEN,3,"Mestský Stadion, Ostrava (CZE)",26 MAY 2015,1120
25,426,2:17.63,Daniel OMWANZA,05 MAY 1948,KEN,1,London (GBR),11 JUN 1975,1120
26,426,2:17.63,Thomas LANCASHIRE,02 JUL 1985,GBR,6,Stockholm (SWE),31 JUL 2009,1120
27,426,2:17.63,Jeffrey RISELEY,11 NOV 1986,AUS,2,Dubnica nad Váhom (SVK),26 AUG 2012,1120
28,429,2:17.64,Olaf BEYER,04 AUG 1957,GDR,1,Potsdam (GDR),28 AUG 1982,1119
29,429,2:17.64,Wilfred Oanda KIROCHI,12 DEC 1969,KEN,2,Parma (ITA),22 JUN 1991,1119
30,429,2:17.64,Marius VAN HEERDEN,08 SEP 1974,RSA,1,Stellenbosch (RSA),01 MAR 1996,1119
31,432,2:17.65,Peter ELLIOTT,09 OCT 1962,GBR,2,London (GBR),15 JUL 1983,1119
32,432,2:17.65,Christian SMITH,31 OCT 1983,USA,7,Stockholm (SWE),31 JUL 2009,1119
33,434,2:17.66,Vladimir GRAUDYN,26 AUG 1963,URS,2,Budapest (HUN),11 AUG 1986,1119
34,434,2:17.66,Hamada MOHAMED,22 OCT 1992,EGY,1f1,Göteborg (SWE),15 JUL 2016,1119
35,436,2:17.67,James MAYS,15 AUG 1959,USA,3,Edinburgh (GBR),17 JUL 1984,1119
36,436,2:17.67,Michael HILLARDT,22 JAN 1961,AUS,1,Melbourne (AUS),14 JAN 1988,1119
37,436,2:17.67,Johan ROGESTEDT,27 JAN 1993,SWE,2f1,Göteborg (SWE),15 JUL 2016,1119
38,439,2:17.68,Passmore FURUSA,28 DEC 1970,ZIM,2,Lindau (GER),28 JUL 1995,1118
39,439,2:17.68,Mehdi BAALA,17 AUG 1978,FRA,1,Nancy (FRA),12 SEP 1999,1118
40,441,2:17.69,Philippe DUPONT,31 MAY 1958,FRA,4,Nice (FRA),16 JUL 1985,1118
41,441,2:17.69,Kevin MCKAY,09 FEB 1969,GBR,4,"Crystal Palace, London (GBR)",14 JUL 1989,1118
42,441,2:17.69,Ryan GREGSON,26 APR 1990,AUS,3,Dubnica nad Váhom (SVK),22 AUG 2010,1118
43,444,2:17.7h,Juris LUZINS,22 JUN 1947,USA,1,Verona (ITA),21 JUL 1971,1118
44,444,2:17.7h,Rolf GYSIN,29 JAN 1952,SUI,2,Stuttgart (GER),26 AUG 1975,1118
45,444,2:17.7h,John WALKER,12 JAN 1952,NZL,1,Edinburgh (GBR),25 AUG 1977,1118
46,444,2:17.7h,Jozef PLACHÝ,28 FEB 1949,TCH,4,Wattenscheid (GER),23 SEP 1977,1118
47,448,2:17.71,Pascal THIÉBAUT,06 JUN 1959,FRA,1,Anneville (FRA),15 JUN 1985,1118
48,449,2:17.72,Andreas BARANSKI,10 MAR 1960,FRG,4,Köln (GER),22 AUG 1982,1118
49,449,2:17.72,José Luis BARBOSA,27 MAY 1961,BRA,3,Stockholm (SWE),30 JUN 1987,1118
50,451,2:17.73,André BUCHER,19 OCT 1976,SUI,1,Willisau (SUI),13 MAY 2000,1117
51,451,2:17.73,Japheth KIMUTAI,20 DEC 1978,KEN,1,Sydney (AUS),14 SEP 2000,1117
52,451,2:17.73,Michael ROTICH,14 JUL 1978,KEN,3,Rethymno (GRE),06 JUL 2003,1117
53,451,2:17.73,Mehdi BAALA,17 AUG 1978,FRA,1,"Stade Raymond Petit, Tomblaine (FRA)",18 SEP 2007,1117
54,455,2:17.74,David LELEI,10 MAY 1971,KEN,9,Nice (FRA),09 JUL 2001,1117
55,456,2:17.75,Steve CRABB,30 NOV 1963,GBR,1,Oslo (NOR),05 AUG 1987,1117
56,456,2:17.75,Abdi BILE,28 DEC 1962,SOM,1,London (GBR),08 JUL 1988,1117
57,458,2:17.76,Joaquim CRUZ,12 MAR 1963,BRA,1,"San Diego, CA (USA)",25 JUN 1988,1117
58,458,2:17.76,Jozef REPČÍK,03 AUG 1986,SVK,9,"Mestský Stadion, Ostrava (CZE)",17 JUN 2014,1117
59,460,2:17.78,Rob HARRISON,05 JUN 1959,GBR,3,London (GBR),15 JUL 1983,1116
60,460,2:17.78,Andrés VERA,31 DEC 1960,ESP,5,Nice (FRA),16 JUL 1985,1116
61,460,2:17.78,Anthony MORRELL,03 MAY 1962,GBR,4,Stockholm (SWE),30 JUN 1987,1116
62,460,2:17.78,Laban ROTICH,20 JAN 1969,KEN,7,Stockholm (SWE),30 JUL 1999,1116
63,464,2:17.79,David SHARPE,08 JUL 1967,GBR,1,Belfast (GBR),31 AUG 1992,1116
64,464,2:17.79,Robert KIBET,15 DEC 1965,KEN,8,Nice (FRA),16 JUL 1997,1116
65,464,2:17.79,Seneca LASSITER,12 MAR 1977,USA,10,Nice (FRA),09 JUL 2001,1116
66,467,2:17.8h,Dan WAERN,17 JAN 1933,SWE,1,Karlstad (SWE),21 AUG 1959,1116
67,467,2:17.8h,Rod DIXON,13 JUL 1950,NZL,2,Milano (ITA),02 JUL 1975,1116
68,467,2:17.80,Steve CRAM,14 OCT 1960,GBR,2,London (GBR),08 JUL 1988,1116
69,467,2:17.80,Bernard KISILU,06 DEC 1974,KEN,9,Nice (FRA),16 JUL 1997,1116
70,467,2:17.80,Mehdi BAALA,17 AUG 1978,FRA,3,Strasbourg (FRA),19 JUN 2001,1116
71,472,2:17.81,Paweł CZAPIEWSKI,30 MAR 1978,POL,1,Kraków (POL),27 AUG 2005,1116
72,472,2:17.81,Peter VAN DER WESTHUIZEN,21 DEC 1984,RSA,8,Stockholm (SWE),31 JUL 2009,1116
73,474,2:17.82,Joseph TENGELEI,08 DEC 1972,KEN,3,Villeneuve d'Ascq (FRA),29 JUN 1997,1115
74,474,2:17.82,Jakub HOLUŠA,20 FEB 1988,CZE,4,Dubnica nad Váhom (SVK),22 AUG 2010,1115
75,476,2:17.84,Maurice SMITH,20 NOV 1962,USA,3,Belfast (GBR),27 JUN 1985,1115
76,476,2:17.84,Maurice SMITH,20 NOV 1962,USA,3,Belfast (GBR),27 JUN 1988,1115
77,476,2:17.84,Duane SOLOMON,28 DEC 1984,USA,5,"Hayward Field, Eugene, OR (USA)",03 JUL 2010,1115
78,479,2:17.85,Joaquim CRUZ,12 MAR 1963,BRA,1,Viareggio (ITA),03 AUG 1988,1115
79,479,2:17.85,Samwel MWERA,03 JUN 1985,TAN,1,Oristano (ITA),06 SEP 2003,1115
80,481,2:17.87,Enda FITZPATRICK,28 APR 1965,IRL,3,Budapest (HUN),11 AUG 1986,1114
81,481,2:17.87,Nathan BRANNEN,08 SEP 1982,CAN,9,Stockholm (SWE),31 JUL 2009,1114
82,483,2:17.88,Eugenio BARRIOS,03 NOV 1976,ESP,1,Andújar (ESP),07 SEP 2006,1114
83,483,2:17.88,Johan ROGESTEDT,27 JAN 1993,SWE,9,"Stade Olympique de la Pontaise, Lausanne (SUI)",25 AUG 2016,1114
84,485,2:17.89,James ROBINSON,27 AUG 1954,USA,5,Koblenz (GER),06 SEP 1979,1114
85,485,2:17.89,Hauke FUHLBRÜGGE,21 MAR 1966,GDR,1,Berlin (GER),13 SEP 1988,1114
86,485,2:17.89,Geoffrey Kipkoech RONO,21 APR 1987,KEN,5,"Mestský Stadion, Ostrava (CZE)",31 MAY 2011,1114
87,488,2:17.9h,Mark WINZENRIED,13 OCT 1949,USA,1,Århus (DEN),25 JUN 1973,1114
88,488,2:17.9h,Gerhard STOLLE,11 NOV 1952,GDR,1,Potsdam (GDR),28 AUG 1974,1114
89,488,2:17.9h,Milovan SAVIĆ,16 JUN 1953,YUG,2,Karlstad (SWE),10 AUG 1977,1114
90,488,2:17.90,Faouzi LAHBI,02 MAR 1958,MAR,5,Köln (GER),22 AUG 1982,1114
91,488,2:17.90,Peter ELLIOTT,09 OCT 1962,GBR,3,London (GBR),08 JUL 1988,1114
92,493,2:17.91,Tyler MULDER,15 FEB 1987,USA,6,"Hayward Field, Eugene, OR (USA)",03 JUL 2010,1113
93,493,2:17.91,Amine EL MANAOUI,20 NOV 1991,MAR,4,"Stade Raymond Petit, Tomblaine (FRA)",27 JUN 2014,1113
94,495,2:17.92,René ALBRECHT,,SUI,1,Arbon (SUI),18 AUG 1999,1113
95,495,2:17.92,Abderrahmane ANOU,29 JAN 1991,ALG,4,"Stade Raymond Petit, Tomblaine (FRA)",01 JUL 2015,1113
96,497,2:17.93,Jürgen GROTHE,14 APR 1960,FRG,6,Köln (GER),22 AUG 1982,1113
97,497,2:17.93,Paul ROBINSON,24 MAY 1991,IRL,10,"Mestský Stadion, Ostrava (CZE)",17 JUN 2014,1113
98,499,2:17.95,Mark SCRUTTON,14 APR 1960,GBR,4,Edinburgh (GBR),17 JUL 1984,1112
99,499,2:17.95,Ibrahim OKASH,18 SEP 1964,SOM,4,Belfast (GBR),27 JUN 1988,1112
0,501,2:17.96,Ikem BILLY,25 JAN 1964,GBR,5,"Crystal Palace, London (GBR)",14 JUL 1989,1112
1,501,2:17.96,Timothy KITUM,20 NOV 1994,KEN,3,Dubnica nad Váhom (SVK),26 AUG 2012,1112
2,503,2:17.97,Jean-Patrick NDUWIMANA,09 MAR 1978,BDI,8,Stockholm (SWE),30 JUL 1999,1112
3,503,2:17.97,Andrea LONGO,26 JUN 1975,ITA,6,Nice (FRA),08 JUL 2000,1112
4,505,2:17.98,Pat SCAMMELL,15 APR 1961,AUS,2,London (GBR),22 AUG 1987,1112
5,505,2:17.98,Réda ABDENOUZ,25 SEP 1968,ALG,6,Villeneuve d'Ascq (FRA),02 JUL 1993,1112
6,505,2:17.98,Reuben BETT,06 NOV 1984,KEN,7,"Boudewijnstadion, Bruxelles (BEL)",05 SEP 2014,1112
7,508,2:17.99,Rich KENAH,04 AUG 1970,USA,4,Athina (GRE),28 JUN 2000,1112
8,509,2:18.0h,John WALKER,12 JAN 1952,NZL,1,Berlin (GER),21 AUG 1974,1111
9,509,2:18.0h,Mike BOIT,06 JAN 1949,KEN,2,Edinburgh (GBR),25 AUG 1977,1111
10,509,2:18.0h,Francis GONZALEZ,06 FEB 1952,FRA,4,Nice (FRA),20 AUG 1978,1111
11,509,2:18.0h,Ryszard OSTROWSKI,06 FEB 1961,POL,1,Poznan (POL),12 MAY 1984,1111
12,509,2:18.00,Aléxis ABRAHAM,14 FEB 1976,FRA,4,Strasbourg (FRA),19 JUN 2001,1111
