"",Rank,Mark,Competitor,DOB,Nat,Pos,Venue,Date,Results Score
0,1,30.81,Wayde VAN NIEKERK,15 JUL 1992,RSA,1,"Mestský Stadion, Ostrava (CZE)",28 JUN 2017,1274
1,2,30.85,Michael JOHNSON,13 SEP 1967,USA,1,Pretoria (RSA),24 MAR 2000,1270
2,3,30.97,Usain BOLT,21 AUG 1986,JAM,1f1,"Mestský Stadion, Ostrava (CZE)",27 MAY 2010,1259
3,4,31.03,Wayde VAN NIEKERK,15 JUL 1992,RSA,1,Kingston (JAM),11 JUN 2016,1253
4,5,31.23,LaShawn MERRITT,27 JUN 1986,USA,2,Kingston (JAM),11 JUN 2016,1234
5,6,31.3,LaShawn MERRITT,27 JUN 1986,USA,1,"Eugene, OR (USA)",07 JUN 2009,1227
6,7,31.31,LaShawn MERRITT,27 JUN 1986,USA,1,"Eugene, OR (USA)",08 AUG 2006,1226
7,8,31.44,Isaac MAKWALA,24 SEP 1985,BOT,2,"Mestský Stadion, Ostrava (CZE)",28 JUN 2017,1214
8,9,31.48,Danny EVERETT,01 NOV 1966,USA,1,Jerez de la Frontera (ESP),03 SEP 1990,1210
9,9,31.48,Roberto HERNÁNDEZ,06 MAR 1967,CUB,2,Jerez de la Frontera (ESP),03 SEP 1990,1210
10,11,31.52,Steven GARDINER,12 SEP 1995,BAH,1,"Estadio Francisco Montaner, Ponce (PUR)",12 MAY 2022,1206
11,11,31.52,Letsile TEBOGO,07 JUN 2003,BOT,1,"Pilditch Stadium, Pretoria (RSA)",18 FEB 2023,1206
12,13,31.53,LaShawn MERRITT,27 JUN 1986,USA,1,"Atlanta, GA (USA)",01 AUG 2015,1205
13,14,31.56,Michael JOHNSON,13 SEP 1967,USA,1,Salamanca (ESP),22 JUL 1994,1203
14,14,31.56,Douglas WALKER,28 JUL 1973,GBR,1,Gateshead (GBR),19 JUL 1998,1203
15,16,31.59,Steven GARDINER,12 SEP 1995,BAH,1,"Pista Basilio Rodriguez, Carolina (PUR)",17 MAR 2023,1200
16,17,31.61,Anthuan MAYBANK,30 DEC 1969,USA,1,"Durham, NC (USA)",13 JUL 1996,1198
17,17,31.61,Clarence MUNYAI,20 FEB 1998,RSA,3,"Mestský Stadion, Ostrava (CZE)",28 JUN 2017,1198
18,19,31.63,Wayde VAN NIEKERK,15 JUL 1992,RSA,1,"Alexander Stadium, Birmingham (GBR)",07 JUN 2015,1196
19,20,31.64,Tony MCQUAY,16 APR 1990,USA,3,Kingston (JAM),11 JUN 2016,1195
20,21,31.67,John REGIS,13 OCT 1966,GBR,1,Gateshead (GBR),17 JUL 1992,1192
21,22,31.69,Roberto HERNÁNDEZ,06 MAR 1967,CUB,1,Bratislava (TCH),20 JUN 1990,1190
22,23,31.7,Kirk BAPTISTE,20 JUN 1963,USA,1,London (GBR),18 AUG 1984,1189
23,24,31.72,Michael JOHNSON,13 SEP 1967,USA,1,Gateshead (GBR),30 JUL 1993,1188
24,24,31.72,Jeremy WARINER,31 JAN 1984,USA,1,Ostrava (CZE),12 JUN 2008,1188
25,26,31.73,Thomas JEFFERSON,08 JUN 1962,USA,1,London (GBR),22 AUG 1987,1187
26,27,31.74,Gabriel TIACOH,10 SEP 1963,CIV,1,La Coruña (ESP),06 AUG 1986,1186
27,28,31.77,Tyler CHRISTOPHER,03 OCT 1983,CAN,1,Saint Anne (FRA),20 MAY 2004,1183
28,28,31.77,Isaac MAKWALA,24 SEP 1985,BOT,1,Pretoria (RSA),08 MAR 2018,1183
29,30,31.8,Pavel MASLÁK,21 FEB 1991,CZE,4,"Mestský Stadion, Ostrava (CZE)",28 JUN 2017,1180
30,31,31.81,Gil ROBERTS,15 MAR 1989,USA,4,Kingston (JAM),11 JUN 2016,1179
31,31,31.81,Vernon NORWOOD,10 APR 1992,USA,2,"Estadio Francisco Montaner, Ponce (PUR)",12 MAY 2022,1179
32,33,31.82,Steve LEWIS,16 MAY 1969,USA,2,Gateshead (GBR),17 JUL 1992,1178
33,34,31.83,Steven GARDINER,12 SEP 1995,BAH,1,"Santa Fe High School Track, Alachua, FL (USA)",05 JUL 2020,1177
34,35,31.87,Mark RICHARDSON,26 JUL 1972,GBR,2,Gateshead (GBR),19 JUL 1998,1174
35,35,31.87,Jonathan BORLÉE,22 FEB 1988,BEL,1,Liège (BEL),05 JUL 2012,1174
36,37,31.88,Darren CLARK,06 SEP 1965,AUS,1,Belfast (GBR),30 JUN 1986,1173
37,38,31.89,Luka JANEŽIČ,14 NOV 1995,SLO,1,Slovenska Bistrica (SLO),27 MAY 2017,1172
38,39,31.91,Isaac MAKWALA,24 SEP 1985,BOT,5,Kingston (JAM),11 JUN 2016,1170
39,40,31.92,Lalonde GORDON,25 NOV 1988,TTO,1,Liège (BEL),19 JUL 2017,1169
40,41,31.93,Xavier CARTER,08 DEC 1985,USA,2,"Eugene, OR (USA)",07 JUN 2009,1168
41,41,31.93,Karol ZALEWSKI,07 AUG 1993,POL,1,"Stadio Guidobaldi, Rieti (ITA)",07 SEP 2014,1168
42,43,31.94,Rusheen MCDONALD,17 AUG 1992,JAM,1,"Stadio Guidobaldi, Rieti (ITA)",13 SEP 2015,1167
43,44,31.95,Michael JOHNSON,13 SEP 1967,USA,1,Gateshead (GBR),09 AUG 1991,1166
44,44,31.95,Gary KIKAYA,04 FEB 1978,COD,1,Villeneuve d'Ascq (FRA),12 JUN 2005,1166
45,44,31.95,Steven GARDINER,12 SEP 1995,BAH,1f1,"Santa Fe High School Track, Alachua, FL (USA)",27 JUN 2020,1166
46,47,31.96,Marc FOUCAN,14 OCT 1971,FRA,1,Strasbourg (FRA),29 JUN 1999,1165
47,48,31.97,Innocent EGBUNIKE,30 NOV 1961,NGR,1,London (GBR),08 AUG 1986,1164
48,48,31.97,Rusheen MCDONALD,17 AUG 1992,JAM,1,"Stadio Guidobaldi, Rieti (ITA)",08 SEP 2013,1164
49,50,31.98,John REGIS,13 OCT 1966,GBR,1,Belfast (GBR),19 JUN 1993,1163
50,51,31.99,John REGIS,13 OCT 1966,GBR,1,Belfast (GBR),21 JUN 1991,1163
51,51,31.99,Christopher BROWN,15 OCT 1978,BAH,2,"Alexander Stadium, Birmingham (GBR)",07 JUN 2015,1163
52,53,32.0,Alvin HARRISON,20 JAN 1974,USA,2,"Durham, NC (USA)",13 JUL 1996,1162
53,54,32.01,Darren CLARK,06 SEP 1965,AUS,2,London (GBR),08 AUG 1986,1161
54,54,32.01,Matteo GALVAN,24 AUG 1988,ITA,2,"Stadio Guidobaldi, Rieti (ITA)",07 SEP 2014,1161
55,56,32.04,Andrew VALMON,01 JAN 1965,USA,3,Jerez de la Frontera (ESP),03 SEP 1990,1158
56,56,32.04,Nathon ALLEN,28 OCT 1995,JAM,3,"Estadio Francisco Montaner, Ponce (PUR)",12 MAY 2022,1158
57,58,32.05,Innocent EGBUNIKE,30 NOV 1961,NGR,1,"Azusa, CA (USA)",28 MAR 1987,1157
58,58,32.05,Butch REYNOLDS,08 JUN 1964,USA,1,Belfast (GBR),20 JUL 1987,1157
59,58,32.05,Robson DA SILVA,04 SEP 1964,BRA,1,Jerez de la Frontera (ESP),17 SEP 1991,1157
60,58,32.05,Demetrius PINDER,13 FEB 1989,BAH,1f1,Liège (BEL),16 JUL 2014,1157
61,62,32.06,Butch REYNOLDS,08 JUN 1964,USA,1,Belfast (GBR),17 JUL 1989,1156
62,62,32.06,Jamie BAULCH,03 MAY 1973,GBR,1,Cardiff (GBR),31 MAY 1997,1156
63,64,32.07,Roberto HERNÁNDEZ,06 MAR 1967,CUB,1,Jerez de la Frontera (ESP),13 SEP 1989,1155
64,64,32.07,Quincy WATTS,19 JUN 1970,USA,2,Gateshead (GBR),30 JUL 1993,1155
65,64,32.07,Bryshon NELLUM,01 MAY 1989,USA,2,"Atlanta, GA (USA)",01 AUG 2015,1155
66,67,32.08,Roger BLACK,31 MAR 1966,GBR,4,London (GBR),08 AUG 1986,1154
67,67,32.08,Lythe PILLAY,25 FEB 2003,RSA,2,"Pilditch Stadium, Pretoria (RSA)",18 FEB 2023,1154
68,69,32.09,Darren CLARK,06 SEP 1965,AUS,1,Gateshead (GBR),09 AUG 1985,1153
69,70,32.1,Michael MARSH,04 AUG 1967,USA,3,Gateshead (GBR),30 JUL 1993,1152
70,70,32.1,Johan WISSMAN,02 NOV 1982,SWE,1,Sollentuna (SWE),08 JUL 2008,1152
71,70,32.1,Jonathan BORLÉE,22 FEB 1988,BEL,1f1,Kessel-Lo (BEL),13 AUG 2011,1152
72,70,32.1,Sinesipho DAMBILE,02 MAR 2002,RSA,1,Pretoria (RSA),07 FEB 2020,1152
73,74,32.12,John REGIS,13 OCT 1966,GBR,4,Gateshead (GBR),30 JUL 1993,1151
74,75,32.13,Thapelo PHORA,21 NOV 1991,RSA,2,Pretoria (RSA),07 FEB 2020,1150
75,76,32.14,Todd BENNETT,06 JUL 1962,GBR,2,London (GBR),18 AUG 1984,1149
76,76,32.14,Mark RICHARDSON,26 JUL 1972,GBR,1,London (GBR),11 AUG 1996,1149
77,76,32.14,Wallace SPEARMON,24 DEC 1984,USA,3,"Eugene, OR (USA)",07 JUN 2009,1149
78,76,32.14,Delano WILLIAMS,23 DEC 1993,GBR,3,"Alexander Stadium, Birmingham (GBR)",07 JUN 2015,1149
79,80,32.15,Morne NAGEL,23 MAR 1978,RSA,1,Bellville (RSA),15 DEC 2006,1148
80,81,32.16,Mel LATTANY,10 AUG 1959,USA,1,Gateshead (GBR),31 JUL 1983,1147
81,81,32.16,Walter MCCOY,15 NOV 1958,USA,3,London (GBR),18 AUG 1984,1147
82,83,32.17,Darrell ROBINSON,23 DEC 1963,USA,1,Birmingham (GBR),19 AUG 1986,1146
83,83,32.17,David VERBURG,14 MAY 1991,USA,4,"Alexander Stadium, Birmingham (GBR)",07 JUN 2015,1146
84,85,32.18,Carl LEWIS,01 JUL 1961,USA,4,London (GBR),18 AUG 1984,1145
85,85,32.18,Gabriel TIACOH,10 SEP 1963,CIV,2,Jerez de la Frontera (ESP),13 SEP 1989,1145
86,85,32.18,Leslie DJHONE,18 MAR 1981,FRA,1,"Stade Raymond Petit, Tomblaine (FRA)",16 SEP 2003,1145
87,88,32.19,Atlee MAHORN,27 OCT 1965,CAN,5,London (GBR),08 AUG 1986,1144
88,88,32.19,Innocent EGBUNIKE,30 NOV 1961,NGR,1,"Azusa, CA (USA)",15 APR 1989,1144
89,88,32.19,Jason ROUSER,22 MAR 1970,USA,1,"Eugene, OR (USA)",04 JUN 1994,1144
90,91,32.2,Darren CLARK,06 SEP 1965,AUS,1,Canberra (AUS),26 JAN 1989,1143
91,91,32.2,Jonathan BORLÉE,22 FEB 1988,BEL,2,Liège (BEL),19 JUL 2017,1143
92,93,32.21,Leslie DJHONE,18 MAR 1981,FRA,1,Strasbourg (FRA),28 JUN 2004,1142
93,93,32.21,Kenji FUJIMITSU,01 MAY 1986,JPN,1,Izumo (JPN),12 APR 2015,1142
94,93,32.21,Lalonde GORDON,25 NOV 1988,TTO,1,Liège (BEL),15 JUL 2015,1142
95,96,32.22,Dennis MITCHELL,20 FEB 1966,USA,1,Jerez de la Frontera (ESP),28 JUN 1988,1141
96,96,32.22,Butch REYNOLDS,08 JUN 1964,USA,1,Bruxelles (BEL),19 AUG 1988,1141
97,96,32.22,Dean CAPOBIANCO,11 MAY 1970,AUS,3,Gateshead (GBR),17 JUL 1992,1141
98,96,32.22,Nery BRENES,25 SEP 1985,CRC,5,"Mestský Stadion, Ostrava (CZE)",28 JUN 2017,1141
99,96,32.22,Kévin BORLÉE,22 FEB 1988,BEL,3,Liège (BEL),19 JUL 2017,1141
0,101,32.23,Pietro MENNEA,28 JUN 1952,ITA,1,Rieti (ITA),21 JUL 1979,1141
1,101,32.23,Andrew VALMON,01 JAN 1965,USA,1,Sheffield (GBR),15 SEP 1991,1141
2,101,32.23,Solomon WARISO,11 NOV 1966,GBR,3,Gateshead (GBR),19 JUL 1998,1141
3,101,32.23,Rafał OMELKO,16 JAN 1989,POL,6,"Mestský Stadion, Ostrava (CZE)",28 JUN 2017,1141
4,105,32.24,Leslie DJHONE,18 MAR 1981,FRA,2,Villeneuve d'Ascq (FRA),12 JUN 2005,1140
5,105,32.24,Marek NIIT,09 AUG 1987,EST,3,"Stadio Guidobaldi, Rieti (ITA)",07 SEP 2014,1140
6,107,32.25,Innocent EGBUNIKE,30 NOV 1961,NGR,2,London (GBR),22 AUG 1987,1139
7,107,32.25,Jamie BAULCH,03 MAY 1973,GBR,2,London (GBR),11 AUG 1996,1139
8,107,32.25,Kenji FUJIMITSU,01 MAY 1986,JPN,1f1,Izumo (JPN),20 APR 2014,1139
9,107,32.25,Karol ZALEWSKI,07 AUG 1993,POL,1,"Mestský Stadion, Ostrava (CZE)",26 MAY 2015,1139
10,107,32.25,Liemarvin BONEVACIA,05 APR 1989,NED,7,"Mestský Stadion, Ostrava (CZE)",28 JUN 2017,1139
11,112,32.26,Michael FRANKS,23 SEP 1963,USA,1,Bern (SUI),16 AUG 1985,1138
12,112,32.26,Roger BLACK,31 MAR 1966,GBR,3,London (GBR),11 AUG 1996,1138
13,112,32.26,Mark HYLTON,24 SEP 1976,GBR,4,Gateshead (GBR),19 JUL 1998,1138
14,112,32.26,Leslie DJHONE,18 MAR 1981,FRA,1,Strasbourg (FRA),26 JUN 2003,1138
15,116,32.27,Ian MORRIS,30 NOV 1961,TTO,1,Cwmbran (GBR),12 JUL 1992,1137
16,116,32.27,Marcus LA GRANGE,12 DEC 1977,RSA,1,Brasschaat (BEL),13 AUG 2003,1137
17,116,32.27,Reynier MENA,21 NOV 1996,CUB,1f1,"Estádio 1o de Maio, Lisboa (POR)",25 APR 2023,1137
18,119,32.28,Pietro MENNEA,28 JUN 1952,ITA,1,Rieti (ITA),02 JUN 1975,1136
19,119,32.28,Fawzi Dahash AL SHAMMARI,13 FEB 1979,KUW,1,Ljubljana (SLO),10 AUG 2004,1136
20,119,32.28,Young Talkmore NYONGANI,02 SEP 1983,ZIM,3,Villeneuve d'Ascq (FRA),12 JUN 2005,1136
21,119,32.28,Eseosa Fostine DESALU,19 FEB 1994,ITA,4,"Stadio Guidobaldi, Rieti (ITA)",07 SEP 2014,1136
22,123,32.29,Kevin WIDMER,23 SEP 1970,SUI,1,Langenthal (SUI),02 AUG 1995,1135
23,123,32.29,Yuzo KANEMARU,18 SEP 1987,JPN,1,Izumo (JPN),19 APR 2009,1135
24,123,32.29,Chris CLARKE,25 JAN 1990,GBR,2,"Stadio Guidobaldi, Rieti (ITA)",13 SEP 2015,1135
25,123,32.29,Christopher TAYLOR,01 OCT 1999,JAM,4,"Estadio Francisco Montaner, Ponce (PUR)",12 MAY 2022,1135
26,127,32.31,Henry THOMAS,10 JUL 1967,USA,2,"Azusa, CA (USA)",15 APR 1989,1133
27,127,32.31,Mark RICHARDSON,26 JUL 1972,GBR,2,Cwmbran (GBR),12 JUL 1992,1133
28,127,32.31,Alejandro Manuel CÁRDENAS,04 OCT 1974,MEX,1f2,"Marietta, GA (USA)",21 JUL 1996,1133
29,127,32.31,Jiří VOJTÍK,02 JUL 1981,CZE,1,Pliezhausen (GER),16 MAY 2004,1133
30,127,32.31,Jonathan BORLÉE,22 FEB 1988,BEL,1,Liège (BEL),10 JUL 2013,1133
31,127,32.31,Rafał OMELKO,16 JAN 1989,POL,1f2,Pliezhausen (GER),18 MAY 2014,1133
32,127,32.31,Rabah YOUSIF,11 DEC 1986,GBR,5,"Stadio Guidobaldi, Rieti (ITA)",07 SEP 2014,1133
33,134,32.32,Derek REDMOND,03 SEP 1965,GBR,1,Gateshead (GBR),16 JUL 1988,1132
34,134,32.32,Quincy WATTS,19 JUN 1970,USA,2,"Eugene, OR (USA)",04 JUN 1994,1132
35,134,32.32,Yuzo KANEMARU,18 SEP 1987,JPN,1,Taisha (JPN),20 APR 2008,1132
36,134,32.32,LJ VAN ZYL,20 JUL 1985,RSA,1f2,Berlin (GER),05 AUG 2009,1132
37,134,32.32,Edino STEELE,01 JUN 1987,JAM,1,Lahti (FIN),17 JUL 2013,1132
38,139,32.33,Antonio PETTIGREW,03 NOV 1967,USA,3,Jerez de la Frontera (ESP),13 SEP 1989,1131
39,139,32.33,James HARRIS,18 SEP 1991,USA,1f2,Liège (BEL),16 JUL 2014,1131
40,141,32.34,Gabriel TIACOH,10 SEP 1963,CIV,2,"Azusa, CA (USA)",28 MAR 1987,1130
41,141,32.34,Matija ŠESTAK,30 DEC 1972,SLO,2,Ljubljana (SLO),10 AUG 2004,1130
42,141,32.34,Greg NIXON,12 SEP 1981,USA,1,"Pasadena, CA (USA)",23 MAR 2013,1130
43,141,32.34,Pavel MASLÁK,21 FEB 1991,CZE,1,Turnov (CZE),28 MAY 2013,1130
44,145,32.35,Atlee MAHORN,27 OCT 1965,CAN,1,Birmingham (GBR),19 JUL 1986,1130
45,145,32.35,Greg NIXON,12 SEP 1981,USA,1,Villeneuve d'Ascq (FRA),08 JUN 2007,1130
46,145,32.35,Pavel MASLÁK,21 FEB 1991,CZE,1,Sušice (CZE),15 MAY 2012,1130
47,145,32.35,Pavel MASLÁK,21 FEB 1991,CZE,2,"Mestský Stadion, Ostrava (CZE)",26 MAY 2015,1130
48,145,32.35,Javere BELL,20 SEP 1992,JAM,6,Kingston (JAM),11 JUN 2016,1130
49,145,32.35,Gardeo ISAACS,27 DEC 1998,RSA,3,"Pilditch Stadium, Pretoria (RSA)",18 FEB 2023,1130
50,151,32.36,John REGIS,13 OCT 1966,GBR,1,Belfast (GBR),16 JUL 1990,1129
51,151,32.36,Iwan THOMAS,05 JAN 1974,GBR,5,Gateshead (GBR),19 JUL 1998,1129
52,151,32.36,Renny QUOW,25 AUG 1987,TTO,2f2,Liège (BEL),16 JUL 2014,1129
53,151,32.36,Terrel COTTON,19 JUL 1988,USA,3,"Stadio Guidobaldi, Rieti (ITA)",13 SEP 2015,1129
54,155,32.37,Marcus LA GRANGE,12 DEC 1977,RSA,1,Brasschaat (BEL),15 AUG 2001,1128
55,155,32.37,Michael CHERRY,23 MAR 1995,USA,1f4,"AP Ranch, Fort Worth, TX (USA)",23 JUL 2020,1128
56,155,32.37,Shota IIZUKA,25 JUN 1991,JPN,1,"Chuo University Stadium, Hachioji (JPN)",13 MAR 2022,1128
57,158,32.38,Aldo CANTI,09 MAR 1961,FRA,2,Canberra (AUS),02 OCT 1985,1127
58,158,32.38,Mohamed AL MALKY,01 DEC 1962,OMA,2,Gateshead (GBR),16 JUL 1988,1127
59,158,32.38,Chris NELLOMS,14 AUG 1971,USA,5,Gateshead (GBR),30 JUL 1993,1127
60,158,32.38,Manteo MITCHELL,06 JUL 1987,USA,2f1,Liège (BEL),16 JUL 2014,1127
61,162,32.39,Kind BUTLER,08 APR 1989,USA,2,Liège (BEL),10 JUL 2013,1126
62,162,32.39,Kei TAKASE,25 NOV 1988,JPN,2f1,Izumo (JPN),20 APR 2014,1126
63,162,32.39,Alex HAYDOCK-WILSON,28 JUL 1999,GBR,1f2,"Schönbuchstadion, Pliezhausen (GER)",14 MAY 2023,1126
64,165,32.4,Ken RANDLE,12 OCT 1954,USA,1,London (GBR),04 JUL 1975,1125
65,165,32.4,Innocent EGBUNIKE,30 NOV 1961,NGR,2,Birmingham (GBR),19 JUL 1986,1125
66,165,32.4,Darren CLARK,06 SEP 1965,AUS,3,Birmingham (GBR),19 JUL 1986,1125
67,165,32.4,Johan WISSMAN,02 NOV 1982,SWE,1,Göteborg (SWE),02 SEP 2003,1125
68,165,32.4,Derrick BREW,28 DEC 1977,USA,2,"Eugene, OR (USA)",08 AUG 2006,1125
69,165,32.4,Tony MCQUAY,16 APR 1990,USA,3,Liège (BEL),10 JUL 2013,1125
70,165,32.4,Ramon MILLER,17 FEB 1987,BAH,2,Lahti (FIN),17 JUL 2013,1125
71,165,32.4,José Carlos HERRERA,05 FEB 1986,MEX,3f2,Liège (BEL),16 JUL 2014,1125
72,173,32.41,Harvey MCSWAIN,10 MAR 1963,USA,2,Belfast (GBR),30 JUN 1986,1124
73,173,32.41,Darren CLARK,06 SEP 1965,AUS,1,Sydney (AUS),08 FEB 1989,1124
74,173,32.41,John REGIS,13 OCT 1966,GBR,2,Belfast (GBR),17 JUL 1989,1124
75,173,32.41,Garth ROBINSON,11 OCT 1970,JAM,2f2,"Marietta, GA (USA)",21 JUL 1996,1124
76,173,32.41,Pavel MASLÁK,21 FEB 1991,CZE,1,Pardubice (CZE),13 AUG 2011,1124
77,173,32.41,Pavel MASLÁK,21 FEB 1991,CZE,1f1,Domažlice (CZE),15 AUG 2012,1124
78,173,32.41,Jonathan BORLÉE,22 FEB 1988,BEL,3f1,Liège (BEL),16 JUL 2014,1124
79,173,32.41,Muhammed Anees YAHIYA,03 DEC 1995,IND,1f3,Ustí Nad Orlicí (CZE),17 AUG 2019,1124
80,181,32.42,Darren CLARK,06 SEP 1965,AUS,1,Gateshead (GBR),06 JUL 1984,1123
81,181,32.42,Jean-Charles TROUABAL,20 MAY 1965,FRA,1,Blois (FRA),23 SEP 1989,1123
82,181,32.42,Andrew VALMON,01 JAN 1965,USA,2,Salamanca (ESP),22 JUL 1994,1123
83,181,32.42,Darold WILLIAMSON,19 FEB 1983,USA,3,"Eugene, OR (USA)",08 AUG 2006,1123
84,185,32.43,Darren CLARK,06 SEP 1965,AUS,1,Belfast (GBR),24 JUN 1985,1122
85,185,32.43,Walter MCCOY,15 NOV 1958,USA,2,Bruxelles (BEL),19 AUG 1988,1122
86,185,32.43,Paul GREENE,09 DEC 1972,AUS,3f2,"Marietta, GA (USA)",21 JUL 1996,1122
87,185,32.43,Shane NIEMI,02 JUN 1978,CAN,1,Victoria (CAN),25 MAY 2001,1122
88,185,32.43,Jonathan BORLÉE,22 FEB 1988,BEL,2,Liège (BEL),15 JUL 2015,1122
89,190,32.44,David JENKINS,25 MAY 1952,GBR,2,London (GBR),04 JUL 1975,1121
90,190,32.44,Joseph BATANGDON,29 JUL 1978,CMR,2,Sydney (AUS),11 SEP 2000,1121
91,190,32.44,José Carlos HERRERA,05 FEB 1986,MEX,1,"San Marcos, TX (USA)",23 MAY 2014,1121
92,190,32.44,Robin VANDERBEMDEN,10 FEB 1994,BEL,1,Liège (BEL),18 JUL 2018,1121
93,194,32.45,Hartmut WEBER,17 OCT 1960,FRG,1,Dormagen (GER),04 JUN 1982,1120
94,194,32.45,Derek REDMOND,03 SEP 1965,GBR,3,London (GBR),22 AUG 1987,1120
95,194,32.45,David GRINDLEY,29 OCT 1972,GBR,2,Belfast (GBR),19 JUN 1993,1120
96,194,32.45,Roger BLACK,31 MAR 1966,GBR,1,Sheffield (GBR),04 SEP 1994,1120
97,194,32.45,Marcus LA GRANGE,12 DEC 1977,RSA,1,Brasschaat (BEL),14 AUG 2002,1120
98,194,32.45,Julian Jrummi WALSH,18 SEP 1996,JPN,1f1,Gold Coast (AUS),17 MAR 2017,1120
99,194,32.45,Clarence MUNYAI,20 FEB 1998,RSA,1,Liège (BEL),17 JUL 2019,1120
0,194,32.45,Towa UZAWA,25 NOV 2002,JPN,1,"Tochigi Prefectural Sports Park Stadium, Utsunomiya (JPN)",10 OCT 2022,1120
1,202,32.46,Albert ROBINSON,28 NOV 1964,USA,1,London (GBR),28 AUG 1988,1120
2,202,32.46,Tamás MOLNÁR,23 JUL 1968,HUN,1,Nyíregyháza (HUN),26 JUL 1992,1120
3,202,32.46,Marc RAQUIL,02 APR 1977,FRA,1,Montauban (FRA),17 JUL 2001,1120
4,202,32.46,Sinan ÖREN,10 FEB 1998,TUR,1f4,Ankara (TUR),18 JUL 2020,1120
5,206,32.47,Pietro MENNEA,28 JUN 1952,ITA,1,Milano (ITA),07 MAY 1977,1119
6,206,32.47,Jeff WILLIAMS,31 DEC 1965,USA,1,"Azusa, CA (USA)",24 MAR 1990,1119
7,206,32.47,Paul HESSION,27 JAN 1983,IRL,2,Ostrava (CZE),12 JUN 2008,1119
8,206,32.47,Shawn CRAWFORD,14 JAN 1978,USA,4,"Eugene, OR (USA)",07 JUN 2009,1119
9,206,32.47,Pavel MASLÁK,21 FEB 1991,CZE,1f1,Sušice (CZE),14 MAY 2013,1119
10,206,32.47,Julien WATRIN,27 JUN 1992,BEL,4f1,Liège (BEL),16 JUL 2014,1119
11,206,32.47,Kenji FUJIMITSU,01 MAY 1986,JPN,1,Izumo (JPN),22 APR 2017,1119
12,213,32.48,Todd BENNETT,06 JUL 1962,GBR,1,Edinburgh (GBR),23 JUL 1985,1118
13,213,32.48,Quincy WATTS,19 JUN 1970,USA,2,"Azusa, CA (USA)",24 MAR 1990,1118
14,213,32.48,Kevin BRAUNSKILL,31 MAR 1969,USA,6,Gateshead (GBR),30 JUL 1993,1118
15,213,32.48,Ibrahima WADE,06 SEP 1968,SEN,2,Strasbourg (FRA),29 JUN 1999,1118
16,213,32.48,Alessandro CAVALLARO,22 FEB 1980,ITA,1,Pliezhausen (GER),13 MAY 2001,1118
17,213,32.48,Bastien MOUTHON,25 JUL 1994,SUI,1f1,Langenthal (SUI),05 MAY 2016,1118
18,219,32.49,Albert ROBINSON,28 NOV 1964,USA,2,Gateshead (GBR),06 JUL 1984,1117
19,219,32.49,Henry THOMAS,10 JUL 1967,USA,2,Edinburgh (GBR),23 JUL 1985,1117
20,219,32.49,Yann QUENTREC,17 FEB 1962,FRA,1,Chambéry (FRA),02 AUG 1987,1117
21,219,32.49,Nagmeldin Ali ABUBAKR,22 FEB 1986,SUD,1,Sestriere (ITA),23 JUL 2005,1117
22,219,32.49,David NEVILLE,01 JUN 1984,USA,5,"Eugene, OR (USA)",07 JUN 2009,1117
23,219,32.49,Jermaine GONZALES,26 NOV 1984,JAM,2f1,"Mestský Stadion, Ostrava (CZE)",27 MAY 2010,1117
24,219,32.49,Patrik ŠORM,21 NOV 1993,CZE,1,Ustí Nad Orlicí (CZE),18 AUG 2021,1117
25,219,32.49,Karsten WARHOLM,28 FEB 1996,NOR,1,"Fana Stadion, Bergen (NOR)",18 SEP 2021,1117
26,227,32.5,Derek REDMOND,03 SEP 1965,GBR,2,Gateshead (GBR),09 AUG 1985,1116
27,227,32.5,Mark GARNER,30 JUN 1969,AUS,2,Canberra (AUS),26 JAN 1989,1116
28,227,32.5,Fernada BLAKELY,28 SEP 1981,USA,1,"Eugene, OR (USA)",27 MAY 2007,1116
29,227,32.5,Jonathan BORLÉE,22 FEB 1988,BEL,3f1,"Mestský Stadion, Ostrava (CZE)",27 MAY 2010,1116
30,227,32.5,Patrik ŠORM,21 NOV 1993,CZE,8,"Mestský Stadion, Ostrava (CZE)",28 JUN 2017,1116
31,227,32.5,Patrik ŠORM,21 NOV 1993,CZE,1f2,Ustí Nad Orlicí (CZE),30 AUG 2022,1116
32,233,32.51,John REGIS,13 OCT 1966,GBR,4,London (GBR),11 AUG 1996,1115
33,233,32.51,Roger BLACK,31 MAR 1966,GBR,6,Gateshead (GBR),19 JUL 1998,1115
34,233,32.51,Ofentse MOGAWANE,20 FEB 1982,RSA,1f2,"Mestský Stadion, Ostrava (CZE)",27 MAY 2010,1115
35,233,32.51,Marcus BOYD,03 MAR 1989,USA,2,"San Marcos, TX (USA)",23 MAY 2014,1115
36,233,32.51,Pavel MASLÁK,21 FEB 1991,CZE,1,"Sportovní areál Krajinka, Cheb (CZE)",02 AUG 2016,1115
37,233,32.51,Dylan BORLÉE,20 SEP 1992,BEL,4,Liège (BEL),19 JUL 2017,1115
38,239,32.52,Pietro MENNEA,28 JUN 1952,ITA,1,Formia (ITA),30 JUL 1983,1114
39,239,32.52,Kevin BRAUNSKILL,31 MAR 1969,USA,4,Gateshead (GBR),17 JUL 1992,1114
40,239,32.52,Iwan THOMAS,05 JAN 1974,GBR,5,London (GBR),11 AUG 1996,1114
41,239,32.52,Erik WIJMEERSCH,23 JAN 1970,BEL,1,Oordegem (BEL),19 MAY 1997,1114
42,239,32.52,Obakeng NGWIGWA,09 MAY 1985,BOT,2,Liège (BEL),05 JUL 2012,1114
43,239,32.52,Karol ZALEWSKI,07 AUG 1993,POL,1f1,Sosnowiec (POL),01 MAY 2014,1114
44,245,32.53,Michael FRANKS,23 SEP 1963,USA,3,Gateshead (GBR),06 JUL 1984,1113
45,245,32.53,Mark RICHARDSON,26 JUL 1972,GBR,1,London (GBR),14 JUL 1991,1113
46,245,32.53,Sofiane LABIDI,29 SEP 1977,TUN,1,Namur (BEL),17 AUG 2001,1113
47,245,32.53,Cédric VAN BRANTEGHEM,13 MAR 1979,BEL,1,Woluwé (BEL),14 JUN 2003,1113
48,245,32.53,Milton CAMPBELL,15 MAY 1976,USA,2,"Eugene, OR (USA)",27 MAY 2007,1113
49,245,32.53,Calvin SMITH,10 DEC 1987,USA,1,Naimette-Xhovémont (BEL),16 JUL 2008,1113
50,245,32.53,Ofentse MOGAWANE,20 FEB 1982,RSA,2f2,Berlin (GER),05 AUG 2009,1113
51,245,32.53,Yuzo KANEMARU,18 SEP 1987,JPN,3f1,Izumo (JPN),20 APR 2014,1113
52,245,32.53,Yasmani COPELLO,15 APR 1987,TUR,2f4,Ankara (TUR),18 JUL 2020,1113
53,254,32.54,Michael FRANKS,23 SEP 1963,USA,2,Belfast (GBR),24 JUN 1985,1112
54,254,32.54,Michael FRANKS,23 SEP 1963,USA,4,London (GBR),22 AUG 1987,1112
55,256,32.55,Bert CAMERON,16 NOV 1959,JAM,3,Gateshead (GBR),09 AUG 1985,1111
56,256,32.55,Radek ZACHOVAL,06 JUL 1978,CZE,1,Praha (CZE),29 JUN 2002,1111
57,256,32.55,Renny QUOW,25 AUG 1987,TTO,6,"Eugene, OR (USA)",07 JUN 2009,1111
58,256,32.55,Aldrich BAILEY JR,06 FEB 1994,USA,3,"Atlanta, GA (USA)",01 AUG 2015,1111
59,256,32.55,Jermaine GAYLE,23 JUL 1991,JAM,5,Liège (BEL),19 JUL 2017,1111
60,256,32.55,Asa GUEVARA,20 DEC 1995,TTO,2f1,"Santa Fe High School Track, Alachua, FL (USA)",27 JUN 2020,1111
61,256,32.55,Zakithi NENE,02 APR 1998,RSA,1f2,"Kings Park Athletics Stadium, Durban (RSA)",05 DEC 2020,1111
62,256,32.55,Ammar Ismail YAHIA IBRAHIM,18 SEP 1996,QAT,1,"McArthur Stadium, Potchefstroom (RSA)",16 FEB 2021,1111
63,264,32.56,Antonio SÁNCHEZ,22 SEP 1963,ESP,1,Salamanca (ESP),20 JUN 1987,1111
64,264,32.56,Mohamed AL MALKY,01 DEC 1962,OMA,1,Thurrock (GBR),17 SEP 1989,1111
65,264,32.56,Ivan GARCÍA,29 FEB 1972,CUB,1,La Habana (CUB),29 JAN 1999,1111
66,264,32.56,Sofiane LABIDI,29 SEP 1977,TUN,1,Sydney (AUS),14 SEP 2000,1111
67,264,32.56,Luguelín SANTOS,12 NOV 1992,DOM,1,Uppsala (SWE),28 JUL 2012,1111
68,264,32.56,Pavel MASLÁK,21 FEB 1991,CZE,1f1,Sušice (CZE),12 MAY 2015,1111
69,264,32.56,Kaito KAWABATA,17 AUG 1998,JPN,1f3,"Hamayama Park Athletic Field, Izumo (JPN)",24 APR 2022,1111
70,271,32.57,Antonio MCKAY,09 FEB 1964,USA,4,Jerez de la Frontera (ESP),03 SEP 1990,1110
71,271,32.57,Darnell HALL,26 SEP 1971,USA,1,Narbonne (FRA),20 JUL 1992,1110
72,271,32.57,Eric MILAZAR,01 JUN 1975,MRI,4,Villeneuve d'Ascq (FRA),12 JUN 2005,1110
73,271,32.57,Pavel MASLÁK,21 FEB 1991,CZE,1,Potchefstroom (RSA),23 JAN 2013,1110
74,271,32.57,Luguelín SANTOS,12 NOV 1992,DOM,1,Mölndal (SWE),03 AUG 2013,1110
75,271,32.57,Thapelo PHORA,21 NOV 1991,RSA,2,Pretoria (RSA),08 MAR 2018,1110
76,271,32.57,Luka JANEŽIČ,14 NOV 1995,SLO,1f5,"Športni park, Slovenska Bistrica (SLO)",13 JUN 2020,1110
77,278,32.58,Roger BLACK,31 MAR 1966,GBR,2,Belfast (GBR),21 JUN 1991,1109
78,278,32.58,Benyounés LAHLOU,03 NOV 1964,MAR,2,Narbonne (FRA),20 JUL 1992,1109
79,278,32.58,Dennis DARLING,06 MAY 1975,BAH,1,Evry-Bondoufle (FRA),17 AUG 2003,1109
80,278,32.58,Rafał OMELKO,16 JAN 1989,POL,3,"Mestský Stadion, Ostrava (CZE)",26 MAY 2015,1109
81,282,32.59,Darren CLARK,06 SEP 1965,AUS,2,Belfast (GBR),20 JUL 1987,1108
82,282,32.59,Kriss AKABUSI,28 NOV 1958,GBR,2,London (GBR),14 JUL 1991,1108
83,282,32.59,Raymundo ESCALANTE,12 JAN 1964,MEX,1,Ciudad de México (MEX),03 MAY 1992,1108
84,282,32.59,Andrew VALMON,01 JAN 1965,USA,2,Sheffield (GBR),04 SEP 1994,1108
85,282,32.59,Mark HYLTON,24 SEP 1976,GBR,2,Cardiff (GBR),31 MAY 1997,1108
86,282,32.59,Stilianos DIMOTSIOS,13 NOV 1974,GRE,2,Brasschaat (BEL),13 AUG 2003,1108
87,282,32.59,Tyler CHRISTOPHER,03 OCT 1983,CAN,7,"Eugene, OR (USA)",07 JUN 2009,1108
88,282,32.59,Edino STEELE,01 JUN 1987,JAM,4f2,Liège (BEL),16 JUL 2014,1108
89,282,32.59,Yoshihide KIRYU,15 DEC 1995,JPN,2f1,Gold Coast (AUS),17 MAR 2017,1108
90,282,32.59,William REAIS,04 MAY 1999,SUI,1f1,"Stadion Hard, Langenthal (SUI)",13 JUN 2020,1108
91,282,32.59,Kentaro SATO,16 NOV 1994,JPN,2f3,"Hamayama Park Athletic Field, Izumo (JPN)",24 APR 2022,1108
92,293,32.6,Bill GREEN,01 MAY 1961,USA,2,Rieti (ITA),21 JUL 1979,1107
93,293,32.6,Marc RAQUIL,02 APR 1977,FRA,3,Strasbourg (FRA),29 JUN 1999,1107
94,293,32.6,Asa GUEVARA,20 DEC 1995,TTO,2,"Santa Fe High School Track, Alachua, FL (USA)",05 JUL 2020,1107
95,296,32.61,Willie CALDWELL,25 SEP 1963,USA,3,Belfast (GBR),24 JUN 1985,1106
96,296,32.61,Brian WHITTLE,26 APR 1964,GBR,3,Gateshead (GBR),16 JUL 1988,1106
97,296,32.61,Davis KAMOGA,17 JUL 1968,UGA,1,Viareggio (ITA),13 AUG 1999,1106
98,296,32.61,Tim BENJAMIN,02 MAY 1982,GBR,1,Göteborg (SWE),27 AUG 2002,1106
99,296,32.61,Johan WISSMAN,02 NOV 1982,SWE,1,Helsingborg (SWE),23 JUL 2004,1106
0,296,32.61,Luka JANEŽIČ,14 NOV 1995,SLO,1f3,Slovenska Bistrica (SLO),28 MAY 2016,1106
1,296,32.61,Ramil GULIYEV,29 MAY 1990,TUR,1,Karlstad (SWE),27 JUL 2016,1106
2,296,32.61,Karol ZALEWSKI,07 AUG 1993,POL,1f2,"Uniwersytetu Warmińsko-Mazurskiego, Olsztyn (POL)",04 SEP 2022,1106
3,296,32.61,Fuga SATO,01 JUN 1996,JPN,1h1,"Tochigi Prefectural Sports Park Stadium, Utsunomiya (JPN)",09 OCT 2022,1106
4,296,32.61,Ditiro MEKHISE,01 APR 2000,RSA,4,"Pilditch Stadium, Pretoria (RSA)",18 FEB 2023,1106
5,306,32.62,Ato STEPHENS,19 JUN 1979,TTO,2,Naimette-Xhovémont (BEL),16 JUL 2008,1105
6,307,32.63,Michael FRANKS,23 SEP 1963,USA,2,London (GBR),28 AUG 1988,1104
7,307,32.63,Mitsuhiro ABIKO,25 OCT 1988,JPN,2,Izumo (JPN),19 APR 2009,1104
8,307,32.63,Pavel MASLÁK,21 FEB 1991,CZE,1f1,"McArthur Stadium, Potchefstroom (RSA)",04 FEB 2020,1104
9,307,32.63,Lionel SPITZ,12 JAN 2001,SUI,1f1,"Stadion Hard, Langenthal (SUI)",18 MAY 2023,1104
10,311,32.64,Enefiok UDO-OBONG,22 MAY 1982,NGR,1,Liège (BEL),27 AUG 2002,1103
11,311,32.64,Jonathan BORLÉE,22 FEB 1988,BEL,3,Naimette-Xhovémont (BEL),16 JUL 2008,1103
12,311,32.64,Steven GARDINER,12 SEP 1995,BAH,1f2,Nassau (BAH),09 JAN 2016,1103
13,311,32.64,Kahmari MONTGOMERY,16 AUG 1997,USA,5,"Estadio Francisco Montaner, Ponce (PUR)",12 MAY 2022,1103
14,315,32.65,Enefiok UDO-OBONG,22 MAY 1982,NGR,3,Sydney (AUS),11 SEP 2000,1102
15,315,32.65,Simon KIRCH,26 SEP 1979,GER,2,Pliezhausen (GER),16 MAY 2004,1102
16,315,32.65,Joseph BATANGDON,29 JUL 1978,CMR,5,Villeneuve d'Ascq (FRA),12 JUN 2005,1102
17,315,32.65,Kamghe GABA,13 JAN 1984,GER,1f2,Pliezhausen (GER),08 MAY 2016,1102
18,315,32.65,Akihiro HIGASHIDA,13 DEC 1995,JPN,1f1,"Hamayama Park Athletic Field, Izumo (JPN)",11 APR 2021,1102
19,315,32.65,Samuel GARCÍA,04 DEC 1991,ESP,1f2,"Schönbuchstadion, Pliezhausen (GER)",08 MAY 2022,1102
20,315,32.65,Alex HAYDOCK-WILSON,28 JUL 1999,GBR,1f2,"Fana Stadion, Bergen (NOR)",08 JUN 2022,1102
21,322,32.66,Gabriel LUKE,26 NOV 1969,USA,3,Belfast (GBR),21 JUN 1991,1102
22,322,32.66,Sunday Olarewaju BADA,22 JUN 1969,NGR,1,London (GBR),05 JUL 1992,1102
23,322,32.66,Gregory HAUGHTON,10 NOV 1973,JAM,4f2,"Marietta, GA (USA)",21 JUL 1996,1102
24,322,32.66,João COELHO,04 APR 1999,POR,2f2,"Schönbuchstadion, Pliezhausen (GER)",08 MAY 2022,1102
25,326,32.67,Ibrahima WADE,06 SEP 1968,SEN,1,Noisy-le-Grand (FRA),20 JUN 2000,1101
26,326,32.67,Angelo TAYLOR,29 DEC 1978,USA,2,Liège (BEL),27 AUG 2002,1101
27,326,32.67,Kaito KAWABATA,17 AUG 1998,JPN,1f2,"Hamayama Park Athletic Field, Izumo (JPN)",11 APR 2021,1101
28,329,32.68,Elvis FORDE,18 NOV 1959,BAR,1f2,"San Diego, CA (USA)",30 JUL 1984,1100
29,329,32.68,Misael ORTIZ,04 NOV 1978,CUB,2,La Habana (CUB),29 JAN 1999,1100
30,329,32.68,Cédric VAN BRANTEGHEM,13 MAR 1979,BEL,3,Liège (BEL),27 AUG 2002,1100
31,329,32.68,Jimmie HACKLEY,11 SEP 1975,USA,2,Saint Anne (FRA),20 MAY 2004,1100
32,329,32.68,Jun OSAKADA,02 APR 1974,JPN,1,Taisha (JPN),24 APR 2005,1100
33,329,32.68,Pako SERIBE,07 APR 1991,BOT,5f1,Liège (BEL),16 JUL 2014,1100
34,329,32.68,Ricardo CHAMBERS,07 OCT 1984,JAM,7,Kingston (JAM),11 JUN 2016,1100
35,329,32.68,Ofentse MOGAWANE,20 FEB 1982,RSA,3,Pretoria (RSA),08 MAR 2018,1100
36,329,32.68,Gideon Ernst NARIB,27 MAY 1990,NAM,1,"Independence Stadium, Windhoek (NAM)",17 OCT 2020,1100
37,329,32.68,Chidi OKEZIE,08 AUG 1993,NGR,1,"Franklin Field, Philadelphia, PA (USA)",30 APR 2022,1100
38,339,32.69,Erik WIJMEERSCH,23 JAN 1970,BEL,1,Herentals (BEL),01 AUG 1999,1099
39,339,32.69,Patrick FEENEY,29 DEC 1991,USA,1,Heusden-Zolder (BEL),18 JUL 2015,1099
40,339,32.69,Karsten WARHOLM,28 FEB 1996,NOR,1,Bergen (NOR),22 AUG 2018,1099
41,339,32.69,Rusheen MCDONALD,17 AUG 1992,JAM,2,"Franklin Field, Philadelphia, PA (USA)",30 APR 2022,1099
42,343,32.7,Darren CLARK,06 SEP 1965,AUS,2,Belfast (GBR),16 JUL 1990,1098
43,343,32.7,Quincy WATTS,19 JUN 1970,USA,1,"Azusa, CA (USA)",22 APR 1995,1098
44,343,32.7,Sunday Olarewaju BADA,22 JUN 1969,NGR,4,Sydney (AUS),11 SEP 2000,1098
45,343,32.7,Eric MILAZAR,01 JUN 1975,MRI,2,Sestriere (ITA),23 JUL 2005,1098
46,343,32.7,Chris BERRIAN,17 APR 1983,USA,3,"Eugene, OR (USA)",27 MAY 2007,1098
47,343,32.7,Yuzo KANEMARU,18 SEP 1987,JPN,1,Izumo (JPN),18 APR 2010,1098
48,343,32.7,Vladimir ACETI,16 OCT 1998,ITA,1,"Stadio Diego Armando Maradona, Napoli (ITA)",23 APR 2022,1098
49,350,32.71,Raymond STEWART,18 MAR 1965,JAM,2,Jerez de la Frontera (ESP),17 SEP 1991,1097
50,350,32.71,Jason ROUSER,22 MAR 1970,USA,2,London (GBR),05 JUL 1992,1097
51,350,32.71,Marcus LA GRANGE,12 DEC 1977,RSA,2,Namur (BEL),17 AUG 2001,1097
52,350,32.71,Markus MALUCHA,05 DEC 1983,GER,1,Pliezhausen (GER),18 MAY 2003,1097
53,350,32.71,Yuzo KANEMARU,18 SEP 1987,JPN,1,Izumo (JPN),22 APR 2007,1097
54,350,32.71,Daniel BATMAN,20 MAR 1981,AUS,1,Canberra (AUS),15 DEC 2007,1097
55,350,32.71,Lalonde GORDON,25 NOV 1988,TTO,4,Liège (BEL),10 JUL 2013,1097
56,350,32.71,Liemarvin BONEVACIA,05 APR 1989,NED,1,Leiden (NED),11 JUN 2016,1097
57,350,32.71,Wilbert LONDON,17 AUG 1997,USA,3,"Franklin Field, Philadelphia, PA (USA)",30 APR 2022,1097
58,359,32.72,Raymond PIERRE,19 SEP 1967,USA,3,Jerez de la Frontera (ESP),17 SEP 1991,1096
59,359,32.72,Clement CHUKWU,07 JUL 1973,NGR,2,Sydney (AUS),14 SEP 2000,1096
60,359,32.72,Clinton VENTER,03 FEB 1980,RSA,1,"Parow, Cape Town (RSA)",20 DEC 2002,1096
61,359,32.72,Nagmeldin Ali ABUBAKR,22 FEB 1986,SUD,3,Ljubljana (SLO),10 AUG 2004,1096
62,359,32.72,Niko VEREKAUTA,16 FEB 1987,FIJ,4,Naimette-Xhovémont (BEL),16 JUL 2008,1096
63,359,32.72,Evander WELLS,07 DEC 1987,USA,1,"Knoxville, TN (USA)",08 MAY 2010,1096
64,359,32.72,Edino STEELE,01 JUN 1987,JAM,6,"Stadio Guidobaldi, Rieti (ITA)",07 SEP 2014,1096
65,359,32.72,Divine ODUDURU,07 OCT 1996,NGR,1f1,Port Harcourt (NGR),16 FEB 2016,1096
66,359,32.72,Martyn ROONEY,03 APR 1987,GBR,2,Leiden (NED),11 JUN 2016,1096
67,359,32.72,Julien WATRIN,27 JUN 1992,BEL,6,Liège (BEL),19 JUL 2017,1096
68,359,32.72,Julian Jrummi WALSH,18 SEP 1996,JPN,1,"Athletic Stadium, Tottori (JPN)",25 JUN 2022,1096
69,370,32.73,Cayetano CORNET,22 AUG 1963,ESP,4,Jerez de la Frontera (ESP),13 SEP 1989,1095
70,370,32.73,Cayetano CORNET,22 AUG 1963,ESP,5,Jerez de la Frontera (ESP),03 SEP 1990,1095
71,370,32.73,Du'aine LADEJO,14 FEB 1971,GBR,3,Sheffield (GBR),04 SEP 1994,1095
72,370,32.73,Paul SLYTHE,05 SEP 1974,GBR,1,London (GBR),12 JUL 1996,1095
73,370,32.73,Guy BULLOCK,15 OCT 1975,GBR,2,London (GBR),12 JUL 1996,1095
74,370,32.73,Adrian PATRICK,15 JUN 1973,GBR,3,Cardiff (GBR),31 MAY 1997,1095
75,370,32.73,Zétény DOMBI,17 APR 1975,HUN,2,Pretoria (RSA),24 MAR 2000,1095
76,370,32.73,Patrick FEENEY,29 DEC 1991,USA,3,Liège (BEL),15 JUL 2015,1095
77,370,32.73,Kyle CLEMONS,27 AUG 1990,USA,8,Kingston (JAM),11 JUN 2016,1095
78,370,32.73,Karol ZALEWSKI,07 AUG 1993,POL,1f2,"Stadion Lekkoatletyczny, Suwalki (POL)",15 MAY 2022,1095
79,370,32.73,Ryuki IWASAKI,13 AUG 2000,JPN,2h1,"Tochigi Prefectural Sports Park Stadium, Utsunomiya (JPN)",09 OCT 2022,1095
80,381,32.74,Darrell ROBINSON,23 DEC 1963,USA,3,Edinburgh (GBR),23 JUL 1985,1094
81,381,32.74,Gabriel TIACOH,10 SEP 1963,CIV,5,London (GBR),22 AUG 1987,1094
82,381,32.74,Corné DU PLESSIS,20 MAR 1978,RSA,1,Johannesburg (RSA),07 FEB 2001,1094
83,381,32.74,Marc SCHNEEBERGER,05 JUL 1981,SUI,1,Lausanne (SUI),12 MAY 2007,1094
84,381,32.74,Marek NIIT,09 AUG 1987,EST,1f2,Kohila (EST),29 AUG 2012,1094
85,381,32.74,Matthew HUDSON-SMITH,26 OCT 1994,GBR,5,"Alexander Stadium, Birmingham (GBR)",07 JUN 2015,1094
86,381,32.74,Rafał OMELKO,16 JAN 1989,POL,2f2,Pliezhausen (GER),08 MAY 2016,1094
87,381,32.74,Luka JANEŽIČ,14 NOV 1995,SLO,1f3,Slovenska Bistrica (SLO),25 MAY 2019,1094
88,381,32.74,Ludvy VAILLANT,15 MAR 1995,FRA,1f2,"Stade L. Achille, Fort-de-France (FRA)",05 FEB 2022,1094
89,390,32.75,Dwayne EVANS,13 OCT 1958,USA,1,London (GBR),18 AUG 1984,1093
90,390,32.75,Ade MAFE,12 NOV 1966,GBR,4,Gateshead (GBR),16 JUL 1988,1093
91,390,32.75,Leo SETTLE,19 OCT 1975,USA,2,Brasschaat (BEL),14 AUG 2002,1093
92,390,32.75,Guus HOOGMOED,27 SEP 1981,NED,1,Bremen (GER),20 MAY 2007,1093
93,390,32.75,Rabah YOUSIF,11 DEC 1986,SUD,2f2,"Mestský Stadion, Ostrava (CZE)",27 MAY 2010,1093
94,390,32.75,Joel BURGUNDER,20 MAY 1991,SUI,2f1,Langenthal (SUI),05 MAY 2016,1093
95,390,32.75,Lee THOMPSON,05 MAR 1997,GBR,1f1,"Hallam University City Athletics Stadium, Sheffield (GBR)",09 JUN 2021,1093
96,390,32.75,Patrik ŠORM,21 NOV 1993,CZE,1,"McArthur Stadium, Potchefstroom (RSA)",25 JAN 2022,1093
97,390,32.75,Pavel MASLÁK,21 FEB 1991,CZE,2f2,Ustí Nad Orlicí (CZE),30 AUG 2022,1093
98,399,32.76,Chris WHITLOCK,18 MAY 1959,USA,1,Belfast (GBR),27 JUN 1988,1093
99,399,32.76,Kriss AKABUSI,28 NOV 1958,GBR,3,London (GBR),28 AUG 1988,1093
0,399,32.76,Sunday Olarewaju BADA,22 JUN 1969,NGR,3,Salamanca (ESP),22 JUL 1994,1093
1,399,32.76,Mark HYLTON,24 SEP 1976,GBR,6,London (GBR),11 AUG 1996,1093
2,399,32.76,Hamdan Odha AL BISHI,05 MAY 1981,KSA,2,Göteborg (SWE),27 AUG 2002,1093
3,399,32.76,Tyler CHRISTOPHER,03 OCT 1983,CAN,2,Evry-Bondoufle (FRA),17 AUG 2003,1093
4,399,32.76,Kévin BORLÉE,22 FEB 1988,BEL,5,Naimette-Xhovémont (BEL),16 JUL 2008,1093
5,399,32.76,Batuhan ALTINTAŞ,28 APR 1996,TUR,1f2,Ankara (TUR),31 JUL 2016,1093
6,399,32.76,Tobias LANGE,29 DEC 1993,GER,1,"Estadio Municipal de Santa Lucia, Vecindario (ESP)",10 APR 2021,1093
7,399,32.76,Kennedy LIGHTNER,2000,USA,1f1,"Nutter Fieldhouse, Lexington, KY (USA)",14 JAN 2022,1093
8,399,32.76,Patrik ŠORM,21 NOV 1993,CZE,1h,"McArthur Stadium, Potchefstroom (RSA)",25 JAN 2022,1093
9,399,32.76,Marqueze WASHINGTON,29 SEP 1993,USA,4,"Franklin Field, Philadelphia, PA (USA)",30 APR 2022,1093
10,399,32.76,Igor BOGACZYŃSKI,07 NOV 2003,POL,1f3,"Stadion Miejski, Walcz (POL)",10 AUG 2022,1093
11,412,32.77,Howard DAVIS,27 APR 1967,JAM,5,Gateshead (GBR),17 JUL 1992,1092
12,412,32.77,Giorgio MARRAS,15 OCT 1971,ITA,1,Oristano (ITA),02 MAY 1993,1092
13,412,32.77,Omar MENA,13 AUG 1966,CUB,3,La Habana (CUB),29 JAN 1999,1092
14,412,32.77,Marek PLAWGO,25 FEB 1981,POL,1,Bielsko-Biala (POL),29 MAY 2002,1092
15,412,32.77,Ingo SCHULTZ,26 JUL 1975,GER,1,Rehlingen (GER),09 JUN 2003,1092
16,412,32.77,Matthew SCHERER,21 NOV 1983,USA,4,"Eugene, OR (USA)",08 AUG 2006,1092
17,412,32.77,Marc SCHNEEBERGER,05 JUL 1981,SUI,1,Lausanne (SUI),10 MAY 2008,1092
18,412,32.77,Amr Ibrahim Mostafa SEOUD,10 JUN 1986,EGY,2,Sollentuna (SWE),08 JUL 2008,1092
19,412,32.77,Johan WISSMAN,02 NOV 1982,SWE,6f1,Liège (BEL),16 JUL 2014,1092
20,412,32.77,Ryuki IWASAKI,13 AUG 2000,JPN,2,"Athletic Stadium, Tottori (JPN)",25 JUN 2022,1092
21,422,32.78,Jared DEACON,15 OCT 1975,GBR,3,London (GBR),12 JUL 1996,1091
22,422,32.78,Mathias RUSTERHOLZ,16 AUG 1971,SUI,1,Wil (SUI),16 JUL 1996,1091
23,422,32.78,Jiří VOJTÍK,02 JUL 1981,CZE,1,Sušice (CZE),16 MAY 2006,1091
24,422,32.78,Jamaal TORRANCE,20 JUL 1983,USA,4f1,"Mestský Stadion, Ostrava (CZE)",27 MAY 2010,1091
25,422,32.78,Erison HURTAULT,29 DEC 1984,DMA,2f1,Kessel-Lo (BEL),13 AUG 2011,1091
26,422,32.78,Mamoudou-Elimane HANNE,06 MAR 1988,FRA,4,"Stadio Guidobaldi, Rieti (ITA)",13 SEP 2015,1091
27,422,32.78,Mateo RUŽIĆ,16 AUG 1994,CRO,2,Slovenska Bistrica (SLO),27 MAY 2017,1091
28,422,32.78,Andrew HUDSON,14 DEC 1996,USA,1,Carolina (PUR),18 MAR 2022,1091
29,422,32.78,Ludvy VAILLANT,15 MAR 1995,FRA,1f3,"Stade Municipal, Le Lorrain (FRA)",04 FEB 2023,1091
30,431,32.79,Phil BROWN,06 JAN 1962,GBR,2,London (GBR),18 AUG 1984,1090
31,431,32.79,Eric MILAZAR,01 JUN 1975,MRI,3,Sydney (AUS),14 SEP 2000,1090
32,431,32.79,Ingo SCHULTZ,26 JUL 1975,GER,2,Pliezhausen (GER),18 MAY 2003,1090
33,431,32.79,James GODDAY,09 JAN 1984,NGR,1,Praha (CZE),25 MAY 2005,1090
34,431,32.79,Hitoshi SAITO,09 OCT 1986,JPN,2,Taisha (JPN),20 APR 2008,1090
35,431,32.79,Tomoya TAMURA,20 AUG 1992,JPN,2,Izumo (JPN),12 APR 2015,1090
36,431,32.79,Joel BURGUNDER,20 MAY 1991,SUI,1f1,Basel (SUI),07 MAY 2016,1090
37,431,32.79,Jonas PHIJFFERS,2003,NED,1f3,"Sportpark Ter Specke, Lisse (NED)",13 MAY 2023,1090
38,431,32.79,Adam ŁUKOMSKI,06 SEP 2001,POL,1f2,"Atletický stadion Turnov, Turnov (CZE)",23 MAY 2023,1090
39,440,32.8,Kriss AKABUSI,28 NOV 1958,GBR,6,Gateshead (GBR),17 JUL 1992,1089
40,440,32.8,Reza EBRAHIM,02 SEP 1972,AUS,1,Sydney (AUS),25 FEB 2005,1089
41,440,32.8,Dylan BORLÉE,20 SEP 1992,BEL,1f2,Heusden-Zolder (BEL),30 JUL 2017,1089
42,443,32.81,Walter MCCOY,15 NOV 1958,USA,3,Belfast (GBR),20 JUL 1987,1088
43,443,32.81,Steve PERRY,23 SEP 1970,AUS,3,Canberra (AUS),26 JAN 1989,1088
44,443,32.81,Dennis BLAKE,06 SEP 1970,JAM,5f2,"Marietta, GA (USA)",21 JUL 1996,1088
45,443,32.81,Štefan BALOŠÁK,23 NOV 1972,SVK,1,Tata (HUN),22 JUL 1997,1088
46,443,32.81,Sanjay AYRE,19 JUN 1980,JAM,4,Sydney (AUS),14 SEP 2000,1088
47,443,32.81,Yuzo KANEMARU,18 SEP 1987,JPN,1,Taisha (JPN),23 APR 2006,1088
48,443,32.81,Thomas SCHNEIDER,07 NOV 1988,GER,2f2,Pliezhausen (GER),18 MAY 2014,1088
49,443,32.81,Nigel LEVINE,30 APR 1989,GBR,6,"Alexander Stadium, Birmingham (GBR)",07 JUN 2015,1088
50,443,32.81,Jonathan BORLÉE,22 FEB 1988,BEL,2,Liège (BEL),18 JUL 2018,1088
51,443,32.81,Ryuki IWASAKI,13 AUG 2000,JPN,3f3,"Hamayama Park Athletic Field, Izumo (JPN)",24 APR 2022,1088
52,453,32.82,Michael FRANKS,23 SEP 1963,USA,2,Jerez de la Frontera (ESP),28 JUN 1988,1087
53,453,32.82,Solomon WARISO,11 NOV 1966,GBR,4,Belfast (GBR),21 JUN 1991,1087
54,453,32.82,Torbjörn ERIKSSON,17 APR 1971,SWE,1,Sundsvall (SWE),23 MAY 1999,1087
55,453,32.82,Quincy DOUGLAS,07 SEP 1975,NOR,1,Stjørdal (NOR),12 JUN 1999,1087
56,453,32.82,Milton CAMPBELL,15 MAY 1976,USA,1,Loughborough (GBR),04 JUL 2001,1087
57,453,32.82,Shane NIEMI,02 JUN 1978,CAN,1,Victoria (CAN),22 MAY 2002,1087
58,453,32.82,Yoshihiro HORIGOME,02 JAN 1981,JPN,1,Tokyo (JPN),02 SEP 2005,1087
59,453,32.82,Matteo GALVAN,24 AUG 1988,ITA,1f1,Rieti (ITA),24 APR 2014,1087
60,453,32.82,José Carlos HERRERA,05 FEB 1986,MEX,1f1,Gent (BEL),21 JUL 2014,1087
61,453,32.82,Juander SANTOS,07 MAY 1995,DOM,1,Mayagüez (PUR),05 DEC 2014,1087
62,453,32.82,Jan JIRKA,05 OCT 1993,CZE,1,"Mestský Stadion Sletište, Kladno (CZE)",01 JUN 2020,1087
63,453,32.82,Tsebo MATSOSO,27 MAY 1999,RSA,1f2,"McArthur Stadium, Potchefstroom (RSA)",17 NOV 2020,1087
64,453,32.82,Davide RE,16 MAR 1993,ITA,1f1,"Stadio Guidobaldi, Rieti (ITA)",15 MAY 2021,1087
65,453,32.82,Myles PRINGLE,05 SEP 1997,USA,5,"Franklin Field, Philadelphia, PA (USA)",30 APR 2022,1087
66,453,32.82,Patrik ŠORM,21 NOV 1993,CZE,1f1,"Stadion v Poohří, Cheb (CZE)",18 MAY 2022,1087
67,468,32.83,Derek REDMOND,03 SEP 1965,GBR,2,Belfast (GBR),16 JUL 1990,1086
68,468,32.83,Gabriel LUKE,26 NOV 1969,USA,,Belfast (GBR),16 JUL 1990,1086
69,468,32.83,Sofiane LABIDI,29 SEP 1977,TUN,3,Brasschaat (BEL),13 AUG 2003,1086
70,468,32.83,Jiří VOJTÍK,02 JUL 1981,CZE,1,Brasschaat (BEL),07 AUG 2004,1086
71,468,32.83,Alex WILSON,19 SEP 1990,SUI,1f1,Basel (SUI),01 MAY 2014,1086
72,468,32.83,Kentaro SATO,16 NOV 1994,JPN,3,Izumo (JPN),12 APR 2015,1086
73,468,32.83,Kévin BORLÉE,22 FEB 1988,BEL,4,"Mestský Stadion, Ostrava (CZE)",26 MAY 2015,1086
74,468,32.83,Pavel MASLÁK,21 FEB 1991,CZE,2f3,Ustí Nad Orlicí (CZE),17 AUG 2019,1086
75,468,32.83,Jakub KRZEWINA,10 OCT 1989,POL,1f2,"Forest Stadium, Sopot (POL)",13 AUG 2020,1086
76,468,32.83,Håvard Bentdal INGVALDSEN,21 SEP 2002,NOR,1f2,"Nye Skarpsno Arena, Moelv (NOR)",11 SEP 2022,1086
77,478,32.84,Phil BROWN,06 JAN 1962,GBR,2,Gateshead (GBR),31 JUL 1983,1085
78,478,32.84,Louis MALHERBE,23 JUN 1975,RSA,3,Pretoria (RSA),24 MAR 2000,1085
79,478,32.84,Daniel HARPER,28 AUG 1989,CAN,1f1,Toronto (CAN),05 JUL 2011,1085
80,478,32.84,Javere BELL,20 SEP 1992,JAM,2,Uppsala (SWE),28 JUL 2012,1085
81,478,32.84,Ludvy VAILLANT,15 MAR 1995,FRA,,Fort-de-France (FRA),06 FEB 2016,1085
82,478,32.84,Edward HADNOT,07 MAR 1992,USA,2,Karlstad (SWE),27 JUL 2016,1085
83,478,32.84,Pavel MASLÁK,21 FEB 1991,CZE,1f2,"McArthur Stadium, Potchefstroom (RSA)",28 JAN 2020,1085
84,478,32.84,Kentaro SATO,16 NOV 1994,JPN,1f6,"Ishin Me-Life Stadium, Yamaguchi (JPN)",17 OCT 2021,1085
85,486,32.85,Ade MAFE,12 NOV 1966,GBR,3,London (GBR),18 AUG 1984,1085
86,486,32.85,Joseph LOUA,15 NOV 1976,GUI,1,Harare (ZIM),10 SEP 1995,1085
87,486,32.85,David MCKENZIE,03 SEP 1970,GBR,4,London (GBR),12 JUL 1996,1085
88,486,32.85,Clemens ZELLER,02 JUL 1984,AUT,1,Vöcklabruck (AUT),05 SEP 2008,1085
89,486,32.85,Cătălin CÎMPEANU,10 MAR 1985,ROU,1f4,Istanbul (TUR),30 MAY 2010,1085
90,486,32.85,Elvis UKALE,06 MAR 1991,NGR,1,Shagamu (NGR),19 FEB 2011,1085
91,486,32.85,Diego MARANI,27 APR 1990,ITA,2,"Stadio Guidobaldi, Rieti (ITA)",08 SEP 2013,1085
92,486,32.85,Brian GREGAN,31 DEC 1989,IRL,7,"Stadio Guidobaldi, Rieti (ITA)",07 SEP 2014,1085
93,486,32.85,Liemarvin BONEVACIA,05 APR 1989,NED,1,Sopot (POL),16 AUG 2017,1085
94,486,32.85,Kazushi KIMURA,17 JAN 1993,JPN,1f1,Yamaguchi (JPN),20 OCT 2019,1085
95,486,32.85,Kira HIRAKAWA,25 AUG 2005,JPN,1f1,"Ehime Athletics Stadium, Matsuyama (JPN)",22 OCT 2022,1085
96,486,32.85,Fuga SATO,01 JUN 1996,JPN,1f3,"Hamayama Park Athletic Field, Izumo (JPN)",16 APR 2023,1085
97,486,32.85,Gardeo ISAACS,27 DEC 1998,RSA,1f1,"Fana Stadion, Bergen (NOR)",03 JUN 2023,1085
98,499,32.86,Kevin WIDMER,23 SEP 1970,SUI,1,Bulle (SUI),15 SEP 1993,1084
99,499,32.86,Marc RAQUIL,02 APR 1977,FRA,1,Lorient (FRA),26 MAY 2001,1084
0,499,32.86,Charles CLARK,10 AUG 1987,USA,1,"Tallahassee, FL (USA)",26 MAR 2011,1084
1,499,32.86,Kyle CLEMONS,27 AUG 1990,USA,3,"San Marcos, TX (USA)",23 MAY 2014,1084
2,499,32.86,Kaiki AZUMA,07 SEP 1993,JPN,2,Izumo (JPN),22 APR 2017,1084
3,499,32.86,Ruo EKEJUNIA,14 DEC 2004,JPN,1,"Tochigi Prefectural Sports Park Stadium, Utsunomiya (JPN)",10 OCT 2022,1084
4,499,32.86,Yuki Joseph NAKAJIMA,30 MAR 2002,JPN,2f3,"Hamayama Park Athletic Field, Izumo (JPN)",16 APR 2023,1084
5,506,32.87,Dean CAPOBIANCO,11 MAY 1970,AUS,1,Perth (AUS),17 DEC 1995,1083
6,506,32.87,Juan Pedro TOLEDO,17 JUN 1978,MEX,5,Sydney (AUS),14 SEP 2000,1083
7,506,32.87,Cédric VAN BRANTEGHEM,13 MAR 1979,BEL,1,Alken (BEL),27 JUL 2002,1083
8,506,32.87,Jiří VOJTÍK,02 JUL 1981,CZE,2,Praha (CZE),25 MAY 2005,1083
9,506,32.87,Jiří VOJTÍK,02 JUL 1981,CZE,1,Brasschaat (BEL),03 JUN 2006,1083
10,506,32.87,Jiří VOJTÍK,02 JUL 1981,CZE,1,Domažlice (CZE),19 AUG 2006,1083
11,506,32.87,Brandon O'CONNER,02 SEP 1989,USA,2,"Tallahassee, FL (USA)",26 MAR 2011,1083
12,506,32.87,Clarence MUNYAI,20 FEB 1998,RSA,1,Johannesburg (RSA),10 FEB 2017,1083
13,506,32.87,Karol ZALEWSKI,07 AUG 1993,POL,1f1,"Stadion Śląski, Chorzów (POL)",20 JUN 2020,1083
14,506,32.87,Ján VOLKO,02 NOV 1996,SVK,1f1,"Atletický štadión STU, Bratislava (SVK)",08 JUL 2020,1083
15,506,32.87,Edoardo SCOTTI,09 MAY 2000,ITA,1,"Stadio dei Marmi, Roma (ITA)",16 APR 2021,1083
16,506,32.87,Patrik ŠORM,21 NOV 1993,CZE,1f1,"Atletický stadion Turnov, Turnov (CZE)",24 MAY 2022,1083
17,518,32.88,Darren CLARK,06 SEP 1965,AUS,3,Belfast (GBR),17 JUL 1989,1082
18,518,32.88,Daniel COJOCARU,27 MAY 1969,ROU,1,Bucureşti (ROU),18 MAY 1991,1082
19,518,32.88,Sean BALDOCK,03 DEC 1976,GBR,4,Cardiff (GBR),31 MAY 1997,1082
20,518,32.88,Erison HURTAULT,29 DEC 1984,DMA,1,Liège (BEL),15 JUL 2009,1082
21,518,32.88,Ricardo DOS SANTOS,18 DEC 1994,POR,,Potchefstroom (RSA),17 JAN 2017,1082
22,518,32.88,Dariusz KOWALUK,16 APR 1996,POL,1f1,"Stadion Zygmunta Szelesta, Warszawa (POL)",15 MAY 2021,1082
23,524,32.89,Mark ROWE,28 JUL 1960,USA,4,Belfast (GBR),20 JUL 1987,1081
24,524,32.89,Adrian PATRICK,15 JUN 1973,GBR,5,London (GBR),12 JUL 1996,1081
25,524,32.89,Troy MCINTOSH,29 MAR 1973,BAH,1,Calgary (CAN),30 JUL 2001,1081
26,524,32.89,Rasmus MÄGI,04 MAY 1992,EST,1f2,"Rannastaadion, Pärnu (EST)",21 AUG 2021,1081
27,524,32.89,William REAIS,04 MAY 1999,SUI,2f1,"Stadion Hard, Langenthal (SUI)",18 MAY 2023,1081
28,524,32.89,Matěj KRSEK,13 MAY 2000,CZE,1f1,"Atletický stadion Turnov, Turnov (CZE)",23 MAY 2023,1081
29,530,32.9,Todd BENNETT,06 JUL 1962,GBR,4,London (GBR),28 AUG 1988,1080
30,530,32.9,Ade MAFE,12 NOV 1966,GBR,5,Belfast (GBR),21 JUN 1991,1080
31,530,32.9,Patrick DELICE,12 NOV 1967,TTO,3,Cwmbran (GBR),12 JUL 1992,1080
32,530,32.9,David NOLAN,25 JUL 1969,GBR,6,London (GBR),12 JUL 1996,1080
33,530,32.9,Wayne WHYTE,04 MAY 1974,JAM,1f1,Pliezhausen (GER),10 MAY 1998,1080
34,530,32.9,James GODDAY,09 JAN 1984,NGR,1,Praha (CZE),13 JUN 2005,1080
35,530,32.9,Leslie DJHONE,18 MAR 1981,FRA,2,Villeneuve d'Ascq (FRA),08 JUN 2007,1080
36,530,32.9,Pako SERIBE,07 APR 1991,BOT,4,Liège (BEL),15 JUL 2015,1080
37,530,32.9,Zachary SHINNICK,08 FEB 1999,USA,1,"Norwalk, CA (USA)",13 FEB 2016,1080
38,530,32.9,Patrik ŠORM,21 NOV 1993,CZE,1f1,Sušice (CZE),10 MAY 2016,1080
39,530,32.9,Javon FRANCIS,14 DEC 1994,JAM,1f2,"Houston, TX (USA)",16 MAR 2019,1080
40,530,32.9,Dariusz KOWALUK,16 APR 1996,POL,1,Warszawa (POL),10 AUG 2019,1080
41,530,32.9,Andreas Ofstad KULSENG,19 MAY 2001,NOR,2f2,"Nye Skarpsno Arena, Moelv (NOR)",11 SEP 2022,1080
42,543,32.91,Marcel ARNOLD,17 JAN 1962,SUI,1,Zofingen (SUI),19 MAY 1986,1079
43,543,32.91,Ralf LÜBKE,17 JUN 1965,FRG,1,Attendorn (FRG),21 MAY 1989,1079
44,543,32.91,Nigel WILL,18 OCT 1967,GBR,1,London (GBR),12 AUG 1990,1079
45,543,32.91,Kevin WIDMER,23 SEP 1970,SUI,1,Genève (SUI),23 JUL 1994,1079
46,543,32.91,Tomohiro ITO,16 AUG 1982,JPN,2,Taisha (JPN),24 APR 2005,1079
47,543,32.91,Christopher LLOYD,10 OCT 1980,DMA,3,Villeneuve d'Ascq (FRA),08 JUN 2007,1079
48,543,32.91,Quentin IGLEHART-SUMMERS,15 JUN 1987,USA,4,"San Marcos, TX (USA)",23 MAY 2014,1079
49,543,32.91,Łukasz KRAWCZUK,15 JUN 1989,POL,1,Wrocław (POL),23 MAY 2015,1079
50,543,32.91,Lee THOMPSON,05 MAR 1997,GBR,1f1,"Hallam University City Athletics Stadium, Sheffield (GBR)",18 APR 2021,1079
51,543,32.91,Matěj KRSEK,13 MAY 2000,CZE,2f1,"Atletický stadion Turnov, Turnov (CZE)",24 MAY 2022,1079
52,553,32.92,Buster WATSON,19 NOV 1957,GBR,4,Belfast (GBR),24 JUN 1985,1078
53,553,32.92,Jeroen FISCHER,12 FEB 1966,BEL,5,Gateshead (GBR),16 JUL 1988,1078
54,553,32.92,Ade MAFE,12 NOV 1966,GBR,7,Gateshead (GBR),30 JUL 1993,1078
55,553,32.92,Patrick DELICE,12 NOV 1967,TTO,8,Gateshead (GBR),30 JUL 1993,1078
56,553,32.92,Mathias RUSTERHOLZ,16 AUG 1971,SUI,1,Neufeld (SUI),10 MAY 1995,1078
57,553,32.92,Ricardo ROACH,12 OCT 1972,CHI,1,Santiago de Chile (CHI),20 MAR 1999,1078
58,553,32.92,Pierre-Marie HILAIRE,19 NOV 1965,FRA,4,Strasbourg (FRA),29 JUN 1999,1078
59,553,32.92,Ato STEPHENS,19 JUN 1979,TTO,4,Ljubljana (SLO),10 AUG 2004,1078
60,553,32.92,Marco CRIBARI,07 JUL 1985,SUI,1,Lausanne (SUI),10 MAY 2009,1078
61,553,32.92,Lionel LARRY,14 SEP 1986,USA,1,"Pasadena, CA (USA)",23 MAR 2012,1078
62,553,32.92,Joel STALLWORTH,18 JAN 1983,USA,2,"Pasadena, CA (USA)",23 MAR 2012,1078
63,553,32.92,Just'N THYMES,24 JAN 1994,USA,1f1,"Walnut, CA (USA)",14 FEB 2014,1078
64,553,32.92,Michael COURTNEY,12 JUN 1986,USA,5,"San Marcos, TX (USA)",23 MAY 2014,1078
65,553,32.92,Teddy ATINE-VENEL,16 MAR 1985,FRA,3,Liège (BEL),18 JUL 2018,1078
66,553,32.92,Ludvy VAILLANT,15 MAR 1995,FRA,1f1,Fort-de-France (FRA),15 FEB 2020,1078
67,568,32.93,Jānis LEITIS,13 APR 1989,LAT,2,Liège (BEL),17 JUL 2019,1077
68,568,32.93,Yoshinobu IMOTO,31 JUL 1999,JPN,4f3,"Hamayama Park Athletic Field, Izumo (JPN)",24 APR 2022,1077
69,570,32.94,Ryszard PILARCZYK,05 NOV 1975,POL,1,Pliezhausen (GER),08 MAY 1997,1077
70,570,32.94,Marc RAQUIL,02 APR 1977,FRA,2,Noisy-le-Grand (FRA),20 JUN 2000,1077
71,570,32.94,Andrew HOWE,12 MAY 1985,ITA,2f1,Rieti (ITA),24 APR 2014,1077
72,570,32.94,Donald BLAIR-SANFORD,05 FEB 1987,ISR,1,Tel Aviv (ISR),14 FEB 2015,1077
73,570,32.94,Tobias LANGE,29 DEC 1993,GER,3,Liège (BEL),17 JUL 2019,1077
74,570,32.94,Håvard Bentdal INGVALDSEN,21 SEP 2002,NOR,1,"Stampesletta, Lillehammer (NOR)",25 SEP 2021,1077
75,576,32.95,Eddie CAREY,11 MAY 1960,USA,3,Gateshead (GBR),31 JUL 1983,1076
76,576,32.95,Gary KIKAYA,04 FEB 1978,COD,2,Johannesburg (RSA),07 FEB 2001,1076
77,576,32.95,Simon KIRCH,26 SEP 1979,GER,1f2,Pliezhausen (GER),17 MAY 2009,1076
78,576,32.95,Brycen SPRATLING,10 MAR 1992,USA,5f2,Liège (BEL),16 JUL 2014,1076
79,576,32.95,Rabah YOUSIF,11 DEC 1986,GBR,2,Sopot (POL),16 AUG 2017,1076
80,576,32.95,Dylan BORLÉE,20 SEP 1992,BEL,4,Liège (BEL),18 JUL 2018,1076
81,576,32.95,Alex BECK,07 FEB 1992,AUS,1f1,"Queensland Sport and Athletics Centre, Nathan, Brisbane (AUS)",27 JAN 2021,1076
82,576,32.95,Håvard Bentdal INGVALDSEN,21 SEP 2002,NOR,2f1,"Fana Stadion, Bergen (NOR)",03 JUN 2023,1076
83,584,32.96,Laurent CLERC,12 APR 1972,SUI,2,Langenthal (SUI),02 AUG 1995,1075
84,584,32.96,Johan WISSMAN,02 NOV 1982,SWE,3,Uppsala (SWE),28 JUL 2012,1075
85,584,32.96,Yusuke ISHITSUKA,19 JUN 1987,JPN,4f1,Izumo (JPN),20 APR 2014,1075
86,584,32.96,Rafał OMELKO,16 JAN 1989,POL,5,"Stadio Guidobaldi, Rieti (ITA)",13 SEP 2015,1075
87,584,32.96,Ricky PETRUCCIANI,30 JUN 2000,SUI,1f2,"McArthur Stadium, Potchefstroom (RSA)",04 FEB 2020,1075
88,584,32.96,Lythe PILLAY,25 FEB 2003,RSA,2f2,"McArthur Stadium, Potchefstroom (RSA)",17 NOV 2020,1075
89,584,32.96,Daiki NOSE,05 FEB 2001,JPN,1,"Ojiyama Athletic Field, Otsu (JPN)",11 AUG 2022,1075
90,584,32.96,Kyron MCMASTER,03 JAN 1997,IVB,2,"Pista Basilio Rodriguez, Carolina (PUR)",17 MAR 2023,1075
91,584,32.96,Sven ROOSEN,27 JUL 2001,NED,2f3,"Sportpark Ter Specke, Lisse (NED)",13 MAY 2023,1075
92,593,32.97,Susumu TAKANO,21 MAY 1961,JPN,1,Chiba (JPN),11 SEP 1988,1074
93,593,32.97,Marc RAQUIL,02 APR 1977,FRA,1,Reims (FRA),30 AUG 2000,1074
94,593,32.97,Kenji FUJIMITSU,01 MAY 1986,JPN,3,Taisha (JPN),20 APR 2008,1074
95,593,32.97,Young Talkmore NYONGANI,02 SEP 1983,ZIM,3,Sollentuna (SWE),08 JUL 2008,1074
96,593,32.97,Jan CIEPIELA,21 JAN 1989,POL,1,Kraków (POL),12 JUL 2013,1074
97,593,32.97,Jakub KRZEWINA,10 OCT 1989,POL,1f2,Bogatynia (POL),17 MAY 2014,1074
98,593,32.97,Patrick FEENEY,29 DEC 1991,USA,5,"Mestský Stadion, Ostrava (CZE)",26 MAY 2015,1074
99,593,32.97,Dylan BORLÉE,20 SEP 1992,BEL,5,Liège (BEL),15 JUL 2015,1074
0,593,32.97,Mario LAMBRUGHI,05 FEB 1992,ITA,1f2,"Arena Civica, Milano (ITA)",30 APR 2022,1074
1,593,32.97,Ryo KIMURA,07 JUL 2001,JPN,2,"Tochigi Prefectural Sports Park Stadium, Utsunomiya (JPN)",10 OCT 2022,1074
2,603,32.98,Claude MOSELEY,30 AUG 1961,GBR,4,London (GBR),30 AUG 1982,1073
3,603,32.98,Timothy MUNNINGS,02 JUN 1966,BAH,6,Sydney (AUS),14 SEP 2000,1073
4,603,32.98,Bastian SWILLIMS,09 DEC 1982,GER,1,Pliezhausen (GER),12 MAY 2002,1073
5,603,32.98,David CANAL,07 DEC 1978,ESP,1,Valencia (ESP),28 MAY 2003,1073
6,603,32.98,Liemarvin BONEVACIA,05 APR 1989,NED,3,Liège (BEL),05 JUL 2012,1073
7,603,32.98,Nigel LEVINE,30 APR 1989,GBR,8,"Stadio Guidobaldi, Rieti (ITA)",07 SEP 2014,1073
8,603,32.98,Lovro MESEC KOŠIR,11 AUG 1999,SLO,2f5,"Športni park, Slovenska Bistrica (SLO)",13 JUN 2020,1073
9,603,32.98,Edoardo SCOTTI,09 MAY 2000,ITA,1,"Campo Sportivo, Brusaporto (ITA)",20 JUN 2020,1073
10,603,32.98,Javon FRANCIS,14 DEC 1994,JAM,1f2,"PVAMU Track Stadium, Prairie View, TX (USA)",23 JUL 2020,1073
11,603,32.98,Matevž ŠUŠTARŠIČ,27 AUG 2001,SLO,1f7,"Športni park, Slovenska Bistrica (SLO)",27 MAY 2023,1073
12,613,32.99,Ainsley BENNETT,22 JUL 1954,GBR,1,London (GBR),20 JUL 1974,1072
13,613,32.99,Todd BENNETT,06 JUL 1962,GBR,2,Belfast (GBR),27 JUN 1988,1072
14,613,32.99,Willy MIGEREL,29 DEC 1971,FRA,5,Strasbourg (FRA),29 JUN 1999,1072
15,613,32.99,Justin OLIVER,07 NOV 1987,USA,5,"Eugene, OR (USA)",08 AUG 2006,1072
16,613,32.99,Yusuke ISHITSUKA,19 JUN 1987,JPN,3,Izumo (JPN),19 APR 2009,1072
17,613,32.99,Lorenzo VALENTINI,13 APR 1991,ITA,1f1,Rieti (ITA),24 APR 2013,1072
18,613,32.99,Manteo MITCHELL,06 JUL 1987,USA,6,Liège (BEL),15 JUL 2015,1072
19,613,32.99,Jan JIRKA,05 OCT 1993,CZE,1f1,Praha (CZE),06 MAY 2017,1072
20,613,32.99,Keenan BLAKE,17 JAN 2003,NED,1f2,"Sportpark Ter Specke, Lisse (NED)",13 MAY 2023,1072
21,613,32.99,Samuel GARCÍA,04 DEC 1991,ESP,2f2,"Schönbuchstadion, Pliezhausen (GER)",14 MAY 2023,1072
22,623,33.0,Raymond PIERRE,19 SEP 1967,USA,6,London (GBR),22 AUG 1987,1071
23,623,33.0,Daniel CLARENCE,11 JUN 1961,USA,3,Bruxelles (BEL),19 AUG 1988,1071
24,623,33.0,Marc FOUCAN,14 OCT 1971,FRA,1,Arles (FRA),04 JUN 2000,1071
25,623,33.0,Everton CLARKE,24 DEC 1992,JAM,3,Karlstad (SWE),27 JUL 2016,1071
26,623,33.0,Joel BURGUNDER,20 MAY 1991,SUI,1f1,Langenthal (SUI),25 MAY 2017,1071
27,623,33.0,Rafał OMELKO,16 JAN 1989,POL,3,Sopot (POL),16 AUG 2017,1071
28,623,33.0,Óscar HUSILLOS,18 JUL 1993,ESP,1,Palencia (ESP),05 MAY 2018,1071
29,623,33.0,Timothé MUMENTHALER,12 DEC 2002,SUI,1f1,"Stade Olympique de la Pontaise, Lausanne (SUI)",06 MAY 2023,1071
30,631,33.01,Darrell ROBINSON,23 DEC 1963,USA,7,London (GBR),22 AUG 1987,1070
31,631,33.01,Oliver BRIDGES,30 JUN 1962,USA,3,Belfast (GBR),27 JUN 1988,1070
32,631,33.01,Robert KURNICKI,27 MAR 1965,GER,1,Wuppertal (GER),05 MAY 1996,1070
33,631,33.01,Stefan HOLZ,25 FEB 1979,GER,1,Pliezhausen (GER),21 MAY 2000,1070
34,631,33.01,Naman KEITA,09 APR 1978,FRA,1,"Stade Raymond Petit, Tomblaine (FRA)",14 SEP 2004,1070
35,631,33.01,Nathaniel MCKINNEY,19 JAN 1982,BAH,3,Ostrava (CZE),12 JUN 2008,1070
36,631,33.01,Yusuke ISHITSUKA,19 JUN 1987,JPN,2,Izumo (JPN),18 APR 2010,1070
37,631,33.01,Josef ROBERTSON,14 MAY 1987,JAM,1f1,"Sportovní areál Krajinka, Cheb (CZE)",02 AUG 2013,1070
38,631,33.01,Matteo GALVAN,24 AUG 1988,ITA,1,Rieti (ITA),31 JUL 2014,1070
39,631,33.01,Martyn ROONEY,03 APR 1987,GBR,7,"Alexander Stadium, Birmingham (GBR)",07 JUN 2015,1070
40,631,33.01,Manteo MITCHELL,06 JUL 1987,USA,2,Heusden-Zolder (BEL),18 JUL 2015,1070
41,631,33.01,Ilhwan MO,18 MAY 1999,KOR,1f1,Izumo (JPN),22 APR 2018,1070
42,631,33.01,Naoki KITADANI,12 NOV 1998,JPN,1f3,"Hamayama Park Athletic Field, Izumo (JPN)",21 APR 2019,1070
43,631,33.01,Edoardo SCOTTI,09 MAY 2000,ITA,2,"Stadio Diego Armando Maradona, Napoli (ITA)",23 APR 2022,1070
44,631,33.01,Joshua ABUAKU,07 JUL 1996,GER,1f1,"Schönbuchstadion, Pliezhausen (GER)",08 MAY 2022,1070
45,646,33.02,Leo SETTLE,19 OCT 1975,USA,4,Liège (BEL),27 AUG 2002,1069
46,646,33.02,Željko VINCEK,16 JUN 1986,CRO,1,Čakovec (CRO),16 JUL 2006,1069
47,646,33.02,David VERBURG,14 MAY 1991,USA,5,Liège (BEL),10 JUL 2013,1069
48,646,33.02,Jeremy WARINER,31 JAN 1984,USA,6,"San Marcos, TX (USA)",23 MAY 2014,1069
49,646,33.02,Batuhan ALTINTAŞ,28 APR 1996,TUR,1,Ankara (TUR),05 JUL 2014,1069
50,646,33.02,Kyle CLEMONS,27 AUG 1990,USA,6f2,Liège (BEL),16 JUL 2014,1069
51,646,33.02,Manteo MITCHELL,06 JUL 1987,USA,4,"Atlanta, GA (USA)",01 AUG 2015,1069
52,646,33.02,Rasmus MÄGI,04 MAY 1992,EST,1f3,"Rannastaadion, Pärnu (EST)",03 JUL 2022,1069
53,654,33.03,Zwane TANTAZA,01 DEC 1992,SWZ,5,Liège (BEL),18 JUL 2018,1069
54,654,33.03,Charles DEVANTAY,14 FEB 1998,SUI,1f1,Lausanne (SUI),11 MAY 2019,1069
55,654,33.03,Noah Nirmal TOM,13 NOV 1994,IND,3f3,Ustí Nad Orlicí (CZE),17 AUG 2019,1069
56,654,33.03,Zakithi NENE,02 APR 1998,RSA,3,Pretoria (RSA),07 FEB 2020,1069
57,654,33.03,Ngoni MAKUSHA,29 JUN 1994,ZIM,4,Pretoria (RSA),07 FEB 2020,1069
58,654,33.03,Matěj KRSEK,13 MAY 2000,CZE,1,"Stadion v Poohří, Cheb (CZE)",27 AUG 2020,1069
59,660,33.04,Marc RAQUIL,02 APR 1977,FRA,1,Nancy (FRA),03 SEP 2000,1068
60,660,33.04,Eric MILAZAR,01 JUN 1975,MRI,5,Sydney (AUS),11 SEP 2000,1068
61,660,33.04,Kazushi KIMURA,17 JAN 1993,JPN,3,Izumo (JPN),22 APR 2017,1068
62,660,33.04,Jure GRKMAN,29 SEP 1999,SLO,1f3,"Športni center, Kranj (SLO)",06 JUN 2020,1068
63,660,33.04,Nobuya KATO,16 APR 1995,JPN,2f2,"Hamayama Park Athletic Field, Izumo (JPN)",11 APR 2021,1068
64,660,33.04,Gustav Lundholm NIELSEN,03 AUG 1998,DEN,1,"Holbæk Stadion, Holbaek (DEN)",30 AUG 2022,1068
65,666,33.05,Julian VOELKEL,30 APR 1973,GER,1,Wuppertal (GER),03 MAY 1998,1067
66,666,33.05,Timothy MUNNINGS,02 JUN 1966,BAH,3,Evry-Bondoufle (FRA),17 AUG 2003,1067
67,666,33.05,Gary KIKAYA,04 FEB 1978,CGO,5f1,"Mestský Stadion, Ostrava (CZE)",27 MAY 2010,1067
68,666,33.05,Pavel MASLÁK,21 FEB 1991,CZE,1f1,"Sportovní areál Krajinka, Cheb (CZE)",12 AUG 2015,1067
69,666,33.05,Giuseppe LEONARDI,31 JUL 1996,ITA,1f1,Enna (ITA),16 APR 2016,1067
70,666,33.05,Jun KIMURA,26 MAY 1991,JPN,4,Izumo (JPN),22 APR 2017,1067
71,666,33.05,Kazushi KIMURA,17 JAN 1993,JPN,1f2,Izumo (JPN),22 APR 2018,1067
72,666,33.05,Matěj KRSEK,13 MAY 2000,CZE,2,"Mestský Stadion Sletište, Kladno (CZE)",01 JUN 2020,1067
73,666,33.05,Marvin SCHLEGEL,02 JAN 1998,GER,2,"Estadio Municipal de Santa Lucia, Vecindario (ESP)",10 APR 2021,1067
74,666,33.05,Ryuki IWASAKI,13 AUG 2000,JPN,3,"Tochigi Prefectural Sports Park Stadium, Utsunomiya (JPN)",10 OCT 2022,1067
75,666,33.05,Lovro MESEC KOŠIR,11 AUG 1999,SLO,2f7,"Športni park, Slovenska Bistrica (SLO)",27 MAY 2023,1067
76,677,33.06,Stéphane DIAGANA,23 JUL 1969,FRA,3,Noisy-le-Grand (FRA),20 JUN 2000,1066
77,677,33.06,Pierre-Marie HILAIRE,19 NOV 1965,FRA,2,Reims (FRA),30 AUG 2000,1066
78,677,33.06,Sebastian GATZKA,19 MAY 1982,GER,3,Pliezhausen (GER),18 MAY 2003,1066
79,677,33.06,Samuel ADADE,16 JUN 1985,GHA,2,Brasschaat (BEL),07 AUG 2004,1066
80,677,33.06,Ryan SHIELDS,12 MAY 1983,JAM,2,Liège (BEL),15 JUL 2009,1066
81,677,33.06,Yuji UIKE,03 JUN 1998,JPN,1,Osaka (JPN),28 AUG 2016,1066
82,677,33.06,Andrey KUKHARENKO,24 FEB 1997,ANA,1f2,"Rannastaadion, Pärnu (EST)",24 AUG 2019,1066
83,677,33.06,Vít MÜLLER,31 AUG 1996,CZE,3f2,Ustí Nad Orlicí (CZE),30 AUG 2022,1066
84,677,33.06,Soshi MIZUKUBO,01 MAR 1999,JPN,3f3,"Hamayama Park Athletic Field, Izumo (JPN)",16 APR 2023,1066
85,677,33.06,Pavel MASLÁK,21 FEB 1991,CZE,2f1,"Atletický stadion Turnov, Turnov (CZE)",23 MAY 2023,1066
86,687,33.07,Abdelali KASBANE,05 NOV 1962,MAR,6,Jerez de la Frontera (ESP),03 SEP 1990,1065
87,687,33.07,Xavier RAVENET,17 JUL 1975,FRA,4,Noisy-le-Grand (FRA),20 JUN 2000,1065
88,687,33.07,California MOLEFE,12 MAR 1980,BOT,1,Kortrijk (BEL),05 JUL 2003,1065
89,687,33.07,Nick EKELUND-ARENANDER,23 JAN 1989,DEN,1f2,København (DEN),20 JUN 2013,1065
90,687,33.07,Ryo MOTOSHIO,17 OCT 1990,JPN,5f1,Izumo (JPN),20 APR 2014,1065
91,687,33.07,Tobias LANGE,29 DEC 1993,GER,1f1,Leverkusen (GER),28 APR 2018,1065
92,687,33.07,Kévin BORLÉE,22 FEB 1988,BEL,6,Liège (BEL),18 JUL 2018,1065
93,687,33.07,Yoshinobu IMOTO,31 JUL 1999,JPN,2f3,"Hamayama Park Athletic Field, Izumo (JPN)",21 APR 2019,1065
94,687,33.07,Yuichi KINOSHITA,10 SEP 2002,JPN,1,"Municipal Stadium, Hiroshima (JPN)",18 OCT 2019,1065
95,687,33.07,Daichi MORIOKA,19 SEP 1999,JPN,1f3,"Ishin Me-Life Stadium, Yamaguchi (JPN)",16 OCT 2022,1065
96,697,33.08,Allyn CONDON,24 AUG 1974,GBR,1,Loughborough (GBR),08 AUG 1999,1064
97,697,33.08,Quentin IGLEHART-SUMMERS,15 JUN 1987,USA,6,"Eugene, OR (USA)",08 AUG 2006,1064
98,697,33.08,Alleyne FRANCIQUE,07 JUN 1976,GRN,4,"Eugene, OR (USA)",27 MAY 2007,1064
99,697,33.08,Marc SCHNEEBERGER,05 JUL 1981,SUI,1f1,Lausanne (SUI),08 MAY 2010,1064
0,697,33.08,Alex WILSON,19 SEP 1990,SUI,1f1,Basel (SUI),01 MAY 2012,1064
1,697,33.08,Edino STEELE,01 JUN 1987,JAM,6,"Mestský Stadion, Ostrava (CZE)",26 MAY 2015,1064
2,697,33.08,Aliaksandr LINNIK,28 JAN 1991,BLR,4,Karlstad (SWE),27 JUL 2016,1064
3,697,33.08,Pieter CONRADIE,20 OCT 1994,RSA,4,Pretoria (RSA),08 MAR 2018,1064
4,697,33.08,Shinnosuke YAMASHINA,02 DEC 2001,JPN,1,"Prefectural Stadium, Okayama (JPN)",11 JUL 2021,1064
5,697,33.08,Pavel MASLÁK,21 FEB 1991,CZE,2,"McArthur Stadium, Potchefstroom (RSA)",25 JAN 2022,1064
6,697,33.08,Ivan Danny GELDENHUYS,09 AUG 2001,NAM,5,"Pilditch Stadium, Pretoria (RSA)",18 FEB 2023,1064
7,708,33.09,Roberto TOZZI,17 DEC 1958,ITA,1,"San Diego, CA (USA)",30 JUL 1984,1063
8,708,33.09,Brian WHITTLE,26 APR 1964,GBR,5,London (GBR),28 AUG 1988,1063
9,708,33.09,Mark LADBROOK,06 FEB 1972,AUS,3,"Durham, NC (USA)",13 JUL 1996,1063
10,708,33.09,Carlos SILVA,08 JUN 1974,POR,1,Viseu (POR),02 MAY 1999,1063
11,708,33.09,Oumar LOUM,31 DEC 1973,SEN,2,"Stade Raymond Petit, Tomblaine (FRA)",16 SEP 2003,1063
12,708,33.09,Sebastijan JAGARINEC,24 AUG 1987,SLO,1f2,Maribor (SLO),26 MAY 2010,1063
13,708,33.09,Cameron FRENCH,17 MAY 1992,NZL,1,Auckland (NZL),20 DEC 2014,1063
14,708,33.09,Vít MÜLLER,31 AUG 1996,CZE,1,Ustí Nad Orlicí (CZE),29 AUG 2020,1063
15,708,33.09,Daiki NOSE,05 FEB 2001,JPN,1,"Ojiyama Athletic Field, Otsu (JPN)",07 AUG 2021,1063
16,708,33.09,Daiki NOSE,05 FEB 2001,JPN,5f3,"Hamayama Park Athletic Field, Izumo (JPN)",24 APR 2022,1063
17,708,33.09,Rui FUJISAWA,24 JAN 2003,JPN,4,"Tochigi Prefectural Sports Park Stadium, Utsunomiya (JPN)",10 OCT 2022,1063
18,708,33.09,Rok FERLAN,26 JUL 1997,SLO,3f7,"Športni park, Slovenska Bistrica (SLO)",27 MAY 2023,1063
19,720,33.1,Bastian SWILLIMS,09 DEC 1982,GER,3,Pliezhausen (GER),16 MAY 2004,1062
20,720,33.1,Ingo SCHULTZ,26 JUL 1975,GER,1f2,Pliezhausen (GER),18 MAY 2008,1062
21,720,33.1,Petr SZETEI,16 SEP 1984,CZE,1f1,Sušice (CZE),19 MAY 2009,1062
22,720,33.1,Dariusz KOWALUK,16 APR 1996,POL,1,Warszawa (POL),27 MAY 2017,1062
23,720,33.1,Saad Mubarek SALEM,28 MAY 1999,BRN,1,Riffa (BRN),03 MAR 2018,1062
24,720,33.1,Pavel MASLÁK,21 FEB 1991,CZE,3,"Mestský Stadion Sletište, Kladno (CZE)",01 JUN 2020,1062
25,720,33.1,Iréné BADO,28 JUN 2000,BUR,1ce2,"Omnisport Stadium, Bobo-Dioulasso (BUR)",20 FEB 2022,1062
26,720,33.1,Jan Michael GUTIERREZ,24 JUL 1998,PUR,3,"Pista Basilio Rodriguez, Carolina (PUR)",17 MAR 2023,1062
27,720,33.1,Jean Paul BREDAU,27 JUN 1999,GER,1f1,"Schönbuchstadion, Pliezhausen (GER)",14 MAY 2023,1062
28,729,33.11,Rohan ROBINSON,15 NOV 1971,AUS,6f2,"Marietta, GA (USA)",21 JUL 1996,1062
29,729,33.11,Patrick JOHNSON,26 SEP 1972,AUS,1,Geelong (AUS),02 DEC 2006,1062
30,729,33.11,Gil ROBERTS,15 MAR 1989,USA,2,"Pasadena, CA (USA)",23 MAR 2013,1062
31,729,33.11,Tama TOKI,11 FEB 1991,NZL,2,Auckland (NZL),20 DEC 2014,1062
32,729,33.11,Taichi SUZUKI,03 MAY 1996,JPN,1,"Nihon University Athletics Stadium, Setagaya (JPN)",04 APR 2020,1062
33,729,33.11,Towa UZAWA,25 NOV 2002,JPN,1h2,"Tochigi Prefectural Sports Park Stadium, Utsunomiya (JPN)",09 OCT 2022,1062
34,735,33.12,Rui DA SILVA,15 SEP 1951,BRA,1f2,Formia (ITA),30 JUL 1983,1061
35,735,33.12,Patrick VAN BALKOM,14 SEP 1974,NED,1,Lisse (NED),03 MAY 1997,1061
36,735,33.12,Eric MILAZAR,01 JUN 1975,MRI,2,Viareggio (ITA),13 AUG 1999,1061
37,735,33.12,Sebastian GATZKA,19 MAY 1982,GER,1,Pliezhausen (GER),14 MAY 2006,1061
38,735,33.12,Sean WROE,18 MAR 1985,AUS,6,Naimette-Xhovémont (BEL),16 JUL 2008,1061
39,735,33.12,Patrick VAN LUIJK,17 SEP 1984,NED,1f4,Lisse (NED),14 MAY 2011,1061
40,735,33.12,Kazushi KIMURA,17 JAN 1993,JPN,1f2,Izumo (JPN),20 APR 2014,1061
41,735,33.12,Kamghe GABA,13 JAN 1984,GER,1f3,Pliezhausen (GER),18 MAY 2014,1061
42,735,33.12,Karol ZALEWSKI,07 AUG 1993,POL,1,Sosnowiec (POL),01 MAY 2016,1061
43,735,33.12,Julien WATRIN,27 JUN 1992,BEL,2f2,Heusden-Zolder (BEL),30 JUL 2017,1061
44,735,33.12,Vladimir ACETI,16 OCT 1998,ITA,1f3,Milano (ITA),16 SEP 2017,1061
45,735,33.12,William REAIS,04 MAY 1999,SUI,1f1,"Allmend, Meilen (SUI)",20 JUN 2020,1061
46,747,33.13,Anton SKERRITT,03 JAN 1964,CAN,1,Rieti (ITA),23 AUG 1987,1060
47,747,33.13,Jared DEACON,15 OCT 1975,GBR,7,Gateshead (GBR),19 JUL 1998,1060
48,747,33.13,Lulu BASINYI,30 MAY 1976,BOT,7,Sydney (AUS),14 SEP 2000,1060
49,747,33.13,Matthew ELIAS,25 APR 1979,GBR,1,Brisbane (AUS),14 APR 2002,1060
50,747,33.13,Matthew ELIAS,25 APR 1979,GBR,1,Brisbane (AUS),23 APR 2002,1060
51,747,33.13,Pavel MASLÁK,21 FEB 1991,CZE,6f1,"Mestský Stadion, Ostrava (CZE)",27 MAY 2010,1060
52,747,33.13,Jonathan SACOOR,01 SEP 1999,BEL,1,Huizingen (BEL),20 AUG 2017,1060
53,747,33.13,Šimon BUJNA,27 DEC 1995,SVK,2,Ustí Nad Orlicí (CZE),18 AUG 2021,1060
54,747,33.13,Ruo EKEJUNIA,14 DEC 2004,JPN,1h2,"Tochigi Prefectural Sports Park Stadium, Utsunomiya (JPN)",09 OCT 2022,1060
55,747,33.13,Ryo KIMURA,07 JUL 2001,JPN,1h4,"Tochigi Prefectural Sports Park Stadium, Utsunomiya (JPN)",09 OCT 2022,1060
56,757,33.14,Henry THOMAS,10 JUL 1967,USA,5,Jerez de la Frontera (ESP),13 SEP 1989,1059
57,757,33.14,Edel HEVIA,22 FEB 1977,CUB,4,La Habana (CUB),29 JAN 1999,1059
58,757,33.14,Kevin BRAUNSKILL,31 MAR 1969,USA,4,Pretoria (RSA),24 MAR 2000,1059
59,757,33.14,Paul PEARCE,08 JAN 1977,AUS,1,Brisbane (AUS),26 JUN 2005,1059
60,757,33.14,Florian SEITZ,05 AUG 1982,GER,1f2,Bremen (GER),24 MAY 2008,1059
61,757,33.14,Jacques DE SWARDT,12 AUG 1992,RSA,4,Liège (BEL),05 JUL 2012,1059
62,757,33.14,Donald BLAIR-SANFORD,05 FEB 1987,ISR,1,Rishon Letzion (ISR),17 JAN 2015,1059
63,757,33.14,James WILLIAMS,01 OCT 1991,GBR,1f1,Sint-Niklaas (BEL),02 AUG 2017,1059
64,757,33.14,Luguelín SANTOS,12 NOV 1992,DOM,1,Riffa (BRN),01 APR 2018,1059
65,757,33.14,Mitsuki KAWAUCHI,02 JUN 1997,JPN,1f2,"Ishin Me-Life Stadium, Yamaguchi (JPN)",17 OCT 2021,1059
66,757,33.14,Yoshinobu IMOTO,31 JUL 1999,JPN,4f3,"Hamayama Park Athletic Field, Izumo (JPN)",16 APR 2023,1059
67,768,33.15,Carlos MORALES,26 JUL 1966,CHI,3,Jerez de la Frontera (ESP),28 JUN 1988,1058
68,768,33.15,Ousmane NIANG,01 APR 1980,SEN,6,Sydney (AUS),11 SEP 2000,1058
69,768,33.15,Dennis DARLING,06 MAY 1975,BAH,8,Sydney (AUS),14 SEP 2000,1058
70,768,33.15,Carl OLIVER,30 JAN 1969,BAH,2,Calgary (CAN),30 JUL 2001,1058
71,768,33.15,Ruwen FALLER,22 JUL 1980,GER,2,Pliezhausen (GER),12 MAY 2002,1058
72,768,33.15,Florian SEITZ,05 AUG 1982,GER,1,Bremen (GER),29 MAY 2005,1058
73,768,33.15,Dylan GRANT,14 MAR 1988,AUS,1,Gold Coast (AUS),03 JAN 2007,1058
74,768,33.15,Jamel ASHLEY,17 APR 1979,USA,5,"Eugene, OR (USA)",27 MAY 2007,1058
75,768,33.15,Ali EKBER KAYAŞ,05 APR 1987,TUR,1,Ankara (TUR),20 JUL 2011,1058
76,768,33.15,Kacper KOZŁOWSKI,07 DEC 1986,POL,1,Czestochowa (POL),07 MAY 2016,1058
77,768,33.15,Constantin PREIS,16 MAY 1998,GER,3f2,"Schönbuchstadion, Pliezhausen (GER)",08 MAY 2022,1058
78,768,33.15,Rok FERLAN,26 JUL 1997,SLO,1f5,"Športni park, Slovenska Bistrica (SLO)",28 MAY 2022,1058
79,768,33.15,Jérémy VALNET,04 JUN 2003,SUI,2f1,"Stade Olympique de la Pontaise, Lausanne (SUI)",06 MAY 2023,1058
80,781,33.16,Roberto RIBAUD,30 JUN 1961,ITA,2,Formia (ITA),30 JUL 1983,1057
81,781,33.16,Lukas RICHTER,08 NOV 1970,RSA,5,Pretoria (RSA),24 MAR 2000,1057
82,781,33.16,Fidelis GADZAMA,20 OCT 1979,NGR,1,Alicante (ESP),18 APR 2001,1057
83,781,33.16,Troy DOUGLAS,30 NOV 1962,NED,1,Lisse (NED),05 MAY 2001,1057
84,781,33.16,Leslie DJHONE,18 MAR 1981,FRA,2,Lorient (FRA),26 MAY 2001,1057
85,781,33.16,Jerome DAVIS,20 AUG 1977,USA,3,Göteborg (SWE),27 AUG 2002,1057
86,781,33.16,Simon KIRCH,26 SEP 1979,GER,2,Pliezhausen (GER),14 MAY 2006,1057
87,781,33.16,Marc SCHNEEBERGER,05 JUL 1981,SUI,1f1,Langenthal (SUI),13 MAY 2010,1057
88,781,33.16,Jereem RICHARDS,13 JAN 1994,TTO,1,Port-of-Spain (TTO),20 FEB 2016,1057
89,781,33.16,Ricky PETRUCCIANI,30 JUN 2000,SUI,2f1,"Stadion Hard, Langenthal (SUI)",13 JUN 2020,1057
90,781,33.16,Akira MATSUMOTO,01 JUN 1999,JPN,3f2,"Hamayama Park Athletic Field, Izumo (JPN)",11 APR 2021,1057
91,781,33.16,Mitsuki KAWAUCHI,02 JUN 1997,JPN,6f3,"Hamayama Park Athletic Field, Izumo (JPN)",24 APR 2022,1057
92,781,33.16,Yusei SHIGA,07 MAY 2000,JPN,1f2,"Ishin Me-Life Stadium, Yamaguchi (JPN)",16 OCT 2022,1057
93,794,33.17,Patrick VAN BALKOM,14 SEP 1974,NED,1,Lisse (NED),01 MAY 1999,1056
94,794,33.17,Péter NYILASI,18 OCT 1972,HUN,6,Pretoria (RSA),24 MAR 2000,1056
95,794,33.17,Donald BLAIR-SANFORD,05 FEB 1987,ISR,1,Rishon Letzion (ISR),24 JAN 2015,1056
96,794,33.17,Batuhan ALTINTAŞ,28 APR 1996,TUR,1,Ankara (TUR),06 AUG 2017,1056
97,798,33.18,Relier CANO,11 FEB 1979,CUB,5,La Habana (CUB),29 JAN 1999,1055
98,798,33.18,Fred MANGO,26 JUN 1973,FRA,6,Strasbourg (FRA),29 JUN 1999,1055
99,798,33.18,Tyler CHRISTOPHER,03 OCT 1983,CAN,2,Victoria (CAN),22 MAY 2002,1055
0,798,33.18,Jevon MASON,16 JAN 1982,USA,1,"Tucson, AZ (USA)",07 DEC 2002,1055
1,798,33.18,Kamghe GABA,13 JAN 1984,GER,4,Villeneuve d'Ascq (FRA),08 JUN 2007,1055
2,798,33.18,Lorenzo VALENTINI,13 APR 1991,ITA,3,"Stadio Guidobaldi, Rieti (ITA)",08 SEP 2013,1055
3,798,33.18,Hideyuki HIROSE,20 JUL 1989,JPN,6f1,Izumo (JPN),20 APR 2014,1055
4,798,33.18,Onkabetse NKOBOLO,22 JUL 1993,BOT,5,Pretoria (RSA),08 MAR 2018,1055
5,798,33.18,Zakithi NENE,02 APR 1998,RSA,3f2,"McArthur Stadium, Potchefstroom (RSA)",17 NOV 2020,1055
6,798,33.18,Damian TRZASKA,03 FEB 2000,POL,1f1,"Stadion Zygmunta Szelesta, Warszawa (POL)",07 MAY 2022,1055
7,798,33.18,Taisei WATANABE,21 AUG 2004,JPN,1f3,"Athletics Stadium, Tainai (JPN)",24 JUL 2022,1055
8,798,33.18,Kira HIRAKAWA,25 AUG 2005,JPN,2,"Tochigi Prefectural Sports Park Stadium, Utsunomiya (JPN)",10 OCT 2022,1055
9,798,33.18,Joshua ABUAKU,07 JUL 1996,GER,2f1,"Schönbuchstadion, Pliezhausen (GER)",14 MAY 2023,1055
10,811,33.19,Timothy MUNNINGS,02 JUN 1966,BAH,3,Calgary (CAN),30 JUL 2001,1054
11,811,33.19,Massimiliano DENTALI,1980,ITA,1,Chivasso (ITA),01 APR 2002,1054
12,811,33.19,Massimiliano DENTALI,1980,ITA,1,Chivasso (ITA),01 MAY 2002,1054
13,811,33.19,Bastian SWILLIMS,09 DEC 1982,GER,4,Pliezhausen (GER),18 MAY 2003,1054
14,811,33.19,Anderson Jorge OLIVEIRA DOS SANTOS,23 APR 1972,BRA,4,Brasschaat (BEL),13 AUG 2003,1054
15,811,33.19,Željko VINCEK,16 JUN 1986,CRO,5,Ljubljana (SLO),10 AUG 2004,1054
16,811,33.19,Bryshon NELLUM,01 MAY 1989,USA,1,"Eugene, OR (USA)",08 AUG 2006,1054
17,811,33.19,Daniel BATMAN,20 MAR 1981,AUS,2,Geelong (AUS),02 DEC 2006,1054
18,811,33.19,Nicklas HYDE,05 JUN 1986,DEN,4,Sollentuna (SWE),08 JUL 2008,1054
19,811,33.19,Kenji FUJIMITSU,01 MAY 1986,JPN,4,Izumo (JPN),19 APR 2009,1054
20,811,33.19,Yavuz CAN,23 FEB 1987,TUR,1f6,Istanbul (TUR),02 JUN 2012,1054
21,811,33.19,Ken ROMAIN,17 APR 1993,FRA,1f1,Paris (FRA),16 JUL 2014,1054
22,811,33.19,Thapelo PHORA,21 NOV 1991,RSA,1,Pretoria (RSA),28 JAN 2016,1054
23,811,33.19,Ashley HLUNGWANI,25 APR 1991,RSA,2,Johannesburg (RSA),10 FEB 2017,1054
24,811,33.19,Ricky PETRUCCIANI,30 JUN 2000,SUI,1f1,"McArthur Stadium, Potchefstroom (RSA)",28 JAN 2020,1054
25,811,33.19,Masaki NAKAZATO,20 JUN 2000,JPN,1,"Athletic Park Stadium, Sano (JPN)",17 JUL 2021,1054
26,827,33.2,Du'aine LADEJO,14 FEB 1971,GBR,8,Gateshead (GBR),19 JUL 1998,1054
27,827,33.2,Julien HAGEN,04 MAY 1975,NED,7,Pretoria (RSA),24 MAR 2000,1054
28,827,33.2,Dimitri DEMONIERE,28 MAR 1979,FRA,5,Noisy-le-Grand (FRA),20 JUN 2000,1054
29,827,33.2,Ralf RIESTER,16 JAN 1980,GER,1,Bremen (GER),18 MAY 2003,1054
30,827,33.2,Marc SCHNEEBERGER,05 JUL 1981,SUI,1,Langenthal (SUI),20 MAY 2004,1054
31,827,33.2,Rudolf GÖTZ,10 APR 1983,CZE,1,Praha (CZE),09 MAY 2006,1054
32,827,33.2,Marcin MARCINISZYN,07 SEP 1982,POL,1f4,Poznan (POL),17 MAY 2009,1054
33,827,33.2,Sven BUGGEL,1982,GER,1f1,Berlin (GER),05 AUG 2009,1054
34,827,33.2,Jiří VOJTÍK,02 JUL 1981,CZE,1f2,Pliezhausen (GER),16 MAY 2010,1054
35,827,33.2,Jarrin SOLOMON,11 JAN 1986,TTO,1f1,Pliezhausen (GER),22 MAY 2011,1054
36,827,33.2,Anderson HENRIQUES,03 MAR 1992,BRA,1,Porto Alegre (BRA),23 FEB 2012,1054
37,827,33.2,Michael ROBERTSON,18 JUN 1989,CAN,1,Ottawa (CAN),16 JUL 2014,1054
38,827,33.2,Kalinga KUMARAGE,25 SEP 1992,SRI,1,Colombo (SRI),17 MAR 2021,1054
39,827,33.2,Ryuki IWASAKI,13 AUG 2000,JPN,2f1,"Hamayama Park Athletic Field, Izumo (JPN)",11 APR 2021,1054
40,827,33.2,Christian COLEMAN,06 MAR 1996,USA,2f1,"Nutter Fieldhouse, Lexington, KY (USA)",14 JAN 2022,1054
41,827,33.2,Rui FUJISAWA,24 JAN 2003,JPN,1h5,"Tochigi Prefectural Sports Park Stadium, Utsunomiya (JPN)",09 OCT 2022,1054
42,827,33.2,Andreas GRIMERUD,11 JUL 2003,NOR,3f1,"Fana Stadion, Bergen (NOR)",03 JUN 2023,1054
