"",Rank,Mark,Competitor,DOB,Nat,Pos,Venue,Date,Results Score
0,1,12:49,Berihu AREGAWI,28 FEB 2001,ETH,1.0,Barcelona (ESP),31 DEC 2021,1250
1,2,12:50,Yomif KEJELCHA,01 AUG 1997,ETH,1.0,Lille (FRA),19 MAR 2023,1247
2,3,12:51,Joshua CHEPTEGEI,12 SEP 1996,UGA,1.0,Monaco (MON),16 FEB 2020,1243
3,4,12:52,Berihu AREGAWI,28 FEB 2001,ETH,1.0,Lille (FRA),06 NOV 2021,1239
4,5,12:53,Yomif KEJELCHA,01 AUG 1997,ETH,1.0,Herzogenaurach (GER),30 APR 2022,1235
5,6,12:55,Nicholas KIPKORIR,29 SEP 1998,KEN,2.0,Herzogenaurach (GER),30 APR 2022,1228
6,7,12:59,Berihu AREGAWI,28 FEB 2001,ETH,1.0,"Sechseläutenplatz, Zürich (SUI)",08 SEP 2021,1215
7,8,13:00,Sammy KIPKETER,29 SEP 1981,KEN,1.0,"Carlsbad, CA (USA)",26 MAR 2000,1211
8,9,13:00,Sammy KIPKETER,29 SEP 1981,KEN,1.0,"Carlsbad, CA (USA)",01 APR 2001,1210
9,9,13:00,Nicholas KIPKORIR,29 SEP 1998,KEN,1.0,"Sechseläutenplatz, Zürich (SUI)",07 SEP 2022,1210
10,9,13:00,Domnic Lokinyomo LOBALU,16 AUG 1998,SSD,2.0,"Sechseläutenplatz, Zürich (SUI)",07 SEP 2022,1210
11,12,13:01,Grant FISHER,22 APR 1997,USA,3.0,"Sechseläutenplatz, Zürich (SUI)",07 SEP 2022,1206
12,13,13:02,Birhanu BALEW,27 FEB 1996,BRN,2.0,"Sechseläutenplatz, Zürich (SUI)",08 SEP 2021,1205
13,14,13:02,Jacob KROP,04 JUN 2001,KEN,3.0,"Sechseläutenplatz, Zürich (SUI)",08 SEP 2021,1203
14,15,13:02,Levy KIBET,15 OCT 2003,KEN,3.0,Herzogenaurach (GER),30 APR 2022,1202
15,16,13:03,Nicholas KIPKORIR,29 SEP 1998,KEN,4.0,"Sechseläutenplatz, Zürich (SUI)",08 SEP 2021,1201
16,17,13:03,Telahun Haile BEKELE,13 MAY 1999,ETH,4.0,"Sechseläutenplatz, Zürich (SUI)",07 SEP 2022,1199
17,18,13:04,Berihu AREGAWI,28 FEB 2001,ETH,5.0,"Sechseläutenplatz, Zürich (SUI)",07 SEP 2022,1195
18,18,13:04,Reynold Kipkorir CHERUIYOT,30 JUL 2004,KEN,2.0,Lille (FRA),19 MAR 2023,1195
19,20,13:05,Yomif KEJELCHA,01 AUG 1997,ETH,5.0,"Sechseläutenplatz, Zürich (SUI)",08 SEP 2021,1194
20,21,13:06,Jacob KROP,04 JUN 2001,KEN,1.0,Herzogenaurach (GER),12 SEP 2021,1188
21,21,13:06,Birhanu BALEW,27 FEB 1996,BRN,1.0,"Adi-Dassler-Straße 1, Herzogenaurach (GER)",29 APR 2023,1188
22,21,13:06,Yomif KEJELCHA,01 AUG 1997,ETH,2.0,"Adi-Dassler-Straße 1, Herzogenaurach (GER)",29 APR 2023,1188
23,24,13:07,Birhanu BALEW,27 FEB 1996,BRN,4.0,Herzogenaurach (GER),30 APR 2022,1184
24,24,13:07,Michael Kiplangat TEMOI,26 MAR 2005,KEN,1.0,Lille (FRA),01 OCT 2022,1184
25,24,13:07,Telahun Haile BEKELE,13 MAY 1999,ETH,3.0,Lille (FRA),19 MAR 2023,1184
26,27,13:09,Muktar EDRIS,14 JAN 1994,ETH,2.0,Herzogenaurach (GER),12 SEP 2021,1177
27,28,13:10,Dejene BIRHANU,12 DEC 1980,ETH,1.0,"Carlsbad, CA (USA)",03 APR 2005,1173
28,28,13:10,Telahun Haile BEKELE,13 MAY 1999,ETH,1.0,Lille (FRA),20 MAR 2022,1173
29,28,13:10,Cornelius KEMBOI,29 FEB 2000,KEN,6.0,"Sechseläutenplatz, Zürich (SUI)",07 SEP 2022,1173
30,31,13:11,Eliud KIPCHOGE,05 NOV 1984,KEN,1.0,"Carlsbad, CA (USA)",11 APR 2010,1170
31,31,13:11,Dejen GEBREMESKEL,24 NOV 1989,ETH,1.0,"Carlsbad, CA (USA)",03 APR 2011,1170
32,31,13:11,Dejen GEBREMESKEL,24 NOV 1989,ETH,1.0,"Carlsbad, CA (USA)",01 APR 2012,1170
33,31,13:11,Telahun Haile BEKELE,13 MAY 1999,ETH,5.0,Herzogenaurach (GER),30 APR 2022,1170
34,31,13:11,Rodrigue KWIZERA,10 OCT 1999,BDI,3.0,"Adi-Dassler-Straße 1, Herzogenaurach (GER)",29 APR 2023,1170
35,36,13:12,William MUTWOL,10 OCT 1967,KEN,1.0,"Carlsbad, CA (USA)",29 MAR 1992,1166
36,36,13:12,Michael KIBET,03 SEP 1999,KEN,2.0,Lille (FRA),20 MAR 2022,1166
37,36,13:12,Addisu YIHUNE,17 MAR 2003,ETH,6.0,Herzogenaurach (GER),30 APR 2022,1166
38,36,13:12,Jimmy GRESSIER,04 MAY 1997,FRA,1.0,Monaco (MON),12 FEB 2023,1166
39,40,13:13,Dejen GEBREMESKEL,24 NOV 1989,ETH,1.0,"Carlsbad, CA (USA)",30 MAR 2014,1162
40,40,13:13,Joshua CHEPTEGEI,12 SEP 1996,UGA,1.0,Monaco (MON),14 FEB 2021,1162
41,40,13:13,Hosea KIPLANGAT,01 MAR 2000,UGA,3.0,Herzogenaurach (GER),12 SEP 2021,1162
42,40,13:13,Jacob KROP,04 JUN 2001,KEN,4.0,Lille (FRA),19 MAR 2023,1162
43,44,13:14,Eliud KIPCHOGE,05 NOV 1984,KEN,2.0,"Carlsbad, CA (USA)",03 APR 2011,1159
44,44,13:14,Hagos GEBRHIWET,11 MAY 1994,ETH,2.0,"Carlsbad, CA (USA)",01 APR 2012,1159
45,44,13:14,Eliud KIPCHOGE,05 NOV 1984,KEN,3.0,"Carlsbad, CA (USA)",01 APR 2012,1159
46,44,13:14,Yemaneberhan CRIPPA,15 OCT 1996,ITA,7.0,Herzogenaurach (GER),30 APR 2022,1159
47,44,13:14,Selemon BAREGA,20 JAN 2000,ETH,7.0,"Sechseläutenplatz, Zürich (SUI)",07 SEP 2022,1159
48,44,13:14,Halefom TESFAYE,2004,ETH,5.0,Lille (FRA),19 MAR 2023,1159
49,50,13:15,Richard CHELIMO,21 APR 1972,KEN,2.0,"Carlsbad, CA (USA)",29 MAR 1992,1155
50,50,13:15,Paul KOECH,25 JUN 1969,KEN,1.0,"Carlsbad, CA (USA)",13 APR 1997,1155
51,50,13:15,Abraham CHERKOS,23 SEP 1989,ETH,1.0,"Carlsbad, CA (USA)",09 APR 2006,1155
52,53,13:16,Michael KIBET,03 SEP 1999,KEN,6.0,"Sechseläutenplatz, Zürich (SUI)",08 SEP 2021,1154
53,54,13:16,Paul KOECH,25 JUN 1969,KEN,1.0,"Carlsbad, CA (USA)",29 MAR 1998,1152
54,54,13:16,Tariku BEKELE,28 FEB 1987,ETH,4.0,"Carlsbad, CA (USA)",01 APR 2012,1152
55,54,13:16,Sam ATKIN,14 MAR 1993,GBR,6.0,Lille (FRA),19 MAR 2023,1152
56,57,13:17,Ismael KIRUI,20 FEB 1975,KEN,1.0,"Carlsbad, CA (USA)",02 APR 1995,1148
57,57,13:17,Tom NYARIKI,27 SEP 1971,KEN,2.0,"Carlsbad, CA (USA)",13 APR 1997,1148
58,57,13:17,Sammy KIPKETER,29 SEP 1981,KEN,1.0,"Carlsbad, CA (USA)",07 APR 2002,1148
59,57,13:17,Oscar CHELIMO,12 DEC 2001,UGA,1.0,Bolzano (ITA),31 DEC 2020,1148
60,57,13:17,Bethwell BIRGEN,06 AUG 1988,KEN,2.0,Monaco (MON),14 FEB 2021,1148
61,62,13:18,Juan Armando QUINTANILLA,19 APR 1968,MEX,1.0,"Carlsbad, CA (USA)",31 MAR 1996,1144
62,62,13:18,Dejen GEBREMESKEL,24 NOV 1989,ETH,2.0,"Carlsbad, CA (USA)",11 APR 2010,1144
63,62,13:18,Rhonex KIPRUTO,12 OCT 1999,KEN,,Valencia (ESP),12 JAN 2020,1144
64,62,13:18,Jimmy GRESSIER,04 MAY 1997,FRA,2.0,Monaco (MON),16 FEB 2020,1144
65,62,13:18,Jacob KOSGEI,28 FEB 1995,KEN,3.0,Lille (FRA),20 MAR 2022,1144
66,62,13:18,Jacob KROP,04 JUN 2001,KEN,8.0,Herzogenaurach (GER),30 APR 2022,1144
67,68,13:19,Dejene BIRHANU,12 DEC 1980,ETH,1.0,"Carlsbad, CA (USA)",13 APR 2003,1141
68,68,13:19,Bekana DABA,29 JUL 1988,ETH,1.0,"Carlsbad, CA (USA)",05 APR 2009,1141
69,68,13:19,Abraham CHERKOS,23 SEP 1989,ETH,2.0,"Carlsbad, CA (USA)",05 APR 2009,1141
70,68,13:19,Bernard LAGAT,12 DEC 1974,USA,2.0,"Carlsbad, CA (USA)",30 MAR 2014,1141
71,68,13:19,Ouassim OUMAIZ,30 MAR 1999,ESP,1.0,Nijmegen (NED),19 JUL 2020,1141
72,68,13:19,Robin HENDRIX,14 JAN 1995,BEL,2.0,Bolzano (ITA),31 DEC 2020,1141
73,68,13:19,Davis KIPLANGAT,10 JUL 1998,KEN,3.0,Monaco (MON),14 FEB 2021,1141
74,68,13:19,Morhad AMDOUNI,21 JUN 1988,FRA,4.0,Monaco (MON),14 FEB 2021,1141
75,76,13:20,Ismael KIRUI,20 FEB 1975,KEN,1.0,"Providence, RI (USA)",14 SEP 1997,1137
76,76,13:20,Craig MOTTRAM,18 JUN 1980,AUS,2.0,"Carlsbad, CA (USA)",03 APR 2005,1137
77,76,13:20,Dejen GEBREMESKEL,24 NOV 1989,ETH,1.0,"Carlsbad, CA (USA)",07 APR 2013,1137
78,76,13:20,Ben TRUE,29 DEC 1985,USA,1.0,"Boston, MA (USA)",15 APR 2017,1137
79,76,13:20,Marc SCOTT,21 DEC 1993,GBR,1.0,Barrowford (GBR),08 AUG 2020,1137
80,76,13:20,Abdelaati IGUIDER,25 MAR 1987,MAR,3.0,Bolzano (ITA),31 DEC 2020,1137
81,76,13:20,Yemaneberhan CRIPPA,15 OCT 1996,ITA,4.0,Bolzano (ITA),31 DEC 2020,1137
82,76,13:20,Mohamed KATIR,17 FEB 1998,ESP,1.0,Málaga (ESP),24 APR 2022,1137
83,84,13:21,Josphat Machuka KIPRONO,12 DEC 1973,KEN,1.0,"Carlsbad, CA (USA)",27 MAR 1994,1134
84,84,13:21,Tom NYARIKI,27 SEP 1971,KEN,2.0,"Carlsbad, CA (USA)",29 MAR 1998,1134
85,84,13:21,Luke KIPKOSGEI,27 NOV 1975,KEN,2.0,"Carlsbad, CA (USA)",01 APR 2001,1134
86,84,13:21,John Cheruiyot KORIR,15 DEC 1975,KEN,2.0,"Carlsbad, CA (USA)",13 APR 2003,1134
87,84,13:21,Craig MOTTRAM,18 JUN 1980,AUS,1.0,Balmoral (GBR),08 MAY 2004,1134
88,84,13:21,Stephen SAMBU,07 JUL 1988,KEN,1.0,"Alton, IL (USA)",21 SEP 2013,1134
89,84,13:21,Benard KIBET,25 NOV 1999,KEN,1.0,Fukuoka (JPN),12 NOV 2022,1134
90,91,13:22,Philemon HANNECK,12 MAY 1971,ZIM,1.0,"Carlsbad, CA (USA)",28 MAR 1993,1130
91,91,13:22,Philemon HANNECK,12 MAY 1971,ZIM,2.0,"Carlsbad, CA (USA)",31 MAR 1996,1130
92,91,13:22,James Kimutai KOSKEI,23 NOV 1968,KEN,2.0,"Carlsbad, CA (USA)",26 MAR 2000,1130
93,91,13:22,Augustine Kiprono CHOGE,21 JAN 1987,KEN,3.0,"Carlsbad, CA (USA)",30 MAR 2014,1130
94,91,13:22,Ben TRUE,29 DEC 1985,USA,1.0,"Boston, MA (USA)",18 APR 2015,1130
95,91,13:22,Stephen SAMBU,07 JUL 1988,KEN,2.0,"Boston, MA (USA)",15 APR 2017,1130
96,91,13:22,Robert KETER,26 DEC 1989,KEN,1.0,Lille (FRA),09 NOV 2019,1130
97,91,13:22,Geoffrey KOECH,28 AUG 1993,KEN,4.0,Herzogenaurach (GER),12 SEP 2021,1130
98,91,13:22,Abdisa FAYISA,24 APR 2005,ETH,2.0,Lille (FRA),01 OCT 2022,1130
99,91,13:22,Justin KIPKOECH,18 SEP 1998,KEN,7.0,Lille (FRA),19 MAR 2023,1130
0,91,13:22,Addisu YIHUNE,17 MAR 2003,ETH,4.0,"Adi-Dassler-Straße 1, Herzogenaurach (GER)",29 APR 2023,1130
1,102,13:23,Abraham CHEBII,23 DEC 1979,KEN,3.0,"Carlsbad, CA (USA)",01 APR 2001,1127
2,102,13:23,James Kimutai KOSKEI,23 NOV 1968,KEN,3.0,"Carlsbad, CA (USA)",13 APR 2003,1127
3,102,13:23,Dejene BIRHANU,12 DEC 1980,ETH,1.0,"Carlsbad, CA (USA)",28 MAR 2004,1127
4,102,13:23,Stephen SAMBU,07 JUL 1988,KEN,2.0,"Boston, MA (USA)",18 APR 2015,1127
5,102,13:23,Tadese WORKU,20 JAN 2002,ETH,5.0,Bolzano (ITA),31 DEC 2020,1127
6,102,13:23,Muktar EDRIS,14 JAN 1994,ETH,9.0,Herzogenaurach (GER),30 APR 2022,1127
7,108,13:24,Brahim JABBOUR,02 OCT 1970,MAR,2.0,"Carlsbad, CA (USA)",27 MAR 1994,1123
8,108,13:24,Marc DAVIS,17 DEC 1969,USA,3.0,"Carlsbad, CA (USA)",31 MAR 1996,1123
9,108,13:24,Khalid KHANNOUCHI,22 DEC 1971,MAR,2.0,"Providence, RI (USA)",14 SEP 1997,1123
10,108,13:24,Tom NYARIKI,27 SEP 1971,KEN,4.0,"Carlsbad, CA (USA)",01 APR 2001,1123
11,108,13:24,Shadrack KOSGEI,24 NOV 1984,KEN,4.0,"Carlsbad, CA (USA)",13 APR 2003,1123
12,108,13:24,Shadrack KOSGEI,24 NOV 1984,KEN,3.0,"Carlsbad, CA (USA)",03 APR 2005,1123
13,108,13:24,Terefe Zewdie MEREGA,23 OCT 1982,ETH,3.0,"Carlsbad, CA (USA)",05 APR 2009,1123
14,108,13:24,Bekana DABA,29 JUL 1988,ETH,3.0,"Carlsbad, CA (USA)",11 APR 2010,1123
15,108,13:24,John KIPKOECH,29 DEC 1991,KEN,5.0,"Carlsbad, CA (USA)",01 APR 2012,1123
16,108,13:24,Joshua CHEPTEGEI,12 SEP 1996,UGA,1.0,"Carlsbad, CA (USA)",03 APR 2016,1123
17,108,13:24,Muktar EDRIS,14 JAN 1994,ETH,6.0,Bolzano (ITA),31 DEC 2020,1123
18,108,13:24,Boniface KIBIWOTT,1993,KEN,1.0,Angers (FRA),24 APR 2021,1123
19,108,13:24,Domnic Lokinyomo LOBALU,16 AUG 1998,SSD,2.0,Monaco (MON),12 FEB 2023,1123
20,108,13:24,Mafori Ryan MPHAHLELE,20 JUN 1998,RSA,5.0,"Adi-Dassler-Straße 1, Herzogenaurach (GER)",29 APR 2023,1123
21,122,13:25,Juan Armando QUINTANILLA,19 APR 1968,MEX,3.0,"Carlsbad, CA (USA)",27 MAR 1994,1120
22,122,13:25,Hezron Nyandusi OTWORI,25 DEC 1976,KEN,4.0,"Carlsbad, CA (USA)",31 MAR 1996,1120
23,122,13:25,Ali ABDOSH,25 AUG 1987,ETH,4.0,"Carlsbad, CA (USA)",05 APR 2009,1120
24,122,13:25,Hosea KIPLANGAT,01 MAR 2000,UGA,2.0,Lille (FRA),06 NOV 2021,1120
25,122,13:25,Adisu GIRMA,10 DEC 1999,ETH,1.0,Barcelona (ESP),31 DEC 2022,1120
26,122,13:25,Morgan BEADLESCOMB,01 JUN 1998,USA,1.0,"Boston, MA (USA)",15 APR 2023,1120
27,128,13:26,Mushir Salim JAWHER,13 JUN 1978,KEN,5.0,"Carlsbad, CA (USA)",01 APR 2001,1116
28,128,13:26,Alistair Ian CRAGG,13 JUN 1980,IRL,6.0,"Carlsbad, CA (USA)",01 APR 2012,1116
29,128,13:26,John KIPKOECH,29 DEC 1991,KEN,2.0,"Carlsbad, CA (USA)",07 APR 2013,1116
30,128,13:26,Yenew ALAMIREW,27 MAY 1990,ETH,3.0,"Carlsbad, CA (USA)",07 APR 2013,1116
31,128,13:26,Edwin KIPYEGO,16 NOV 1990,KEN,4.0,"Carlsbad, CA (USA)",30 MAR 2014,1116
32,128,13:26,Dejen GEBREMESKEL,24 NOV 1989,ETH,1.0,"Boston, MA (USA)",19 APR 2014,1116
33,128,13:26,Ben TRUE,29 DEC 1985,USA,2.0,"Boston, MA (USA)",19 APR 2014,1116
34,128,13:26,Alexander YEE,18 FEB 1998,GBR,2.0,Barrowford (GBR),08 AUG 2020,1116
35,128,13:26,Telahun Haile BEKELE,13 MAY 1999,ETH,7.0,Bolzano (ITA),31 DEC 2020,1116
36,128,13:26,Dismas YEKO,09 OCT 2004,UGA,3.0,Lille (FRA),01 OCT 2022,1116
37,128,13:26,Kiprono SITONIK,01 NOV 2001,KEN,2.0,Fukuoka (JPN),12 NOV 2022,1116
38,128,13:26,Benjamin FLANAGAN,11 JAN 1995,CAN,2.0,"Boston, MA (USA)",15 APR 2023,1116
39,140,13:27,John Thuo ITATI,26 DEC 1973,KEN,1.0,"Syracuse, NY (USA)",06 OCT 2002,1113
40,140,13:27,Shadrack KOSGEI,24 NOV 1984,KEN,2.0,"Syracuse, NY (USA)",06 OCT 2002,1113
41,140,13:27,Collis BIRMINGHAM,27 DEC 1984,AUS,5.0,"Carlsbad, CA (USA)",05 APR 2009,1113
42,140,13:27,Stephen SAMBU,07 JUL 1988,KEN,3.0,"Boston, MA (USA)",19 APR 2014,1113
43,140,13:27,Daniel Lemashon SALEL,11 DEC 1990,KEN,3.0,"Boston, MA (USA)",18 APR 2015,1113
44,140,13:27,Dejen GEBREMESKEL,24 NOV 1989,ETH,1.0,"Carlsbad, CA (USA)",02 APR 2017,1113
45,140,13:27,Nick GOOLAB,30 JAN 1990,GBR,3.0,Monaco (MON),16 FEB 2020,1113
46,140,13:27,Richard DOUMA,17 APR 1993,NED,5.0,Monaco (MON),14 FEB 2021,1113
47,140,13:27,Daniel KINYANJUI,15 JAN 2005,KEN,5.0,Herzogenaurach (GER),12 SEP 2021,1113
48,140,13:27,Yasin HAJI,22 JAN 1996,ETH,3.0,Lille (FRA),06 NOV 2021,1113
49,140,13:27,Edwin KURGAT,,KEN,3.0,"Boston, MA (USA)",15 APR 2023,1113
50,140,13:27,Alex Chesiro MASAI,05 FEB 1997,KEN,4.0,"Boston, MA (USA)",15 APR 2023,1113
51,140,13:27,Olin HACKER,21 MAY 1997,USA,5.0,"Boston, MA (USA)",15 APR 2023,1113
52,140,13:27,Ahmed MUHUMED,1998,USA,6.0,"Boston, MA (USA)",15 APR 2023,1113
53,140,13:27,Muktar EDRIS,14 JAN 1994,ETH,6.0,"Adi-Dassler-Straße 1, Herzogenaurach (GER)",29 APR 2023,1113
54,155,13:28,Khalid KHANNOUCHI,22 DEC 1971,MAR,3.0,"Carlsbad, CA (USA)",29 MAR 1998,1109
55,155,13:28,Reuben CHERUIYOT,13 MAR 1974,KEN,6.0,"Carlsbad, CA (USA)",01 APR 2001,1109
56,155,13:28,Gilbert OKARI,02 JUL 1978,KEN,5.0,"Carlsbad, CA (USA)",13 APR 2003,1109
57,155,13:28,Boaz CHEBOIYWO,02 AUG 1978,KEN,2.0,"Carlsbad, CA (USA)",09 APR 2006,1109
58,155,13:28,Simon NDIRANGU,01 NOV 1985,KEN,1.0,"Carlsbad, CA (USA)",01 APR 2007,1109
59,155,13:28,Anthony FAMIGLIETTI,08 NOV 1978,USA,6.0,"Carlsbad, CA (USA)",05 APR 2009,1109
60,155,13:28,Stephen SAMBU,07 JUL 1988,KEN,1.0,San José (USA),22 NOV 2012,1109
61,155,13:28,James KIBET,10 NOV 1988,KEN,3.0,"Boston, MA (USA)",15 APR 2017,1109
62,155,13:28,Stanley Waithaka MBURU,09 APR 2000,KEN,2.0,Lille (FRA),09 NOV 2019,1109
63,155,13:28,Davis KIPLANGAT,10 JUL 1998,KEN,3.0,Lille (FRA),09 NOV 2019,1109
64,155,13:28,Tsegay KIDANU,28 DEC 2001,ETH,7.0,"Boston, MA (USA)",15 APR 2023,1109
65,166,13:29,Peter GITHUKA,14 FEB 1969,KEN,3.0,"Providence, RI (USA)",14 SEP 1997,1106
66,166,13:29,Thomas KIPLITAN,15 JUN 1983,KEN,1.0,"Providence, RI (USA)",07 SEP 2003,1106
67,166,13:29,John Kemboi KIBOWEN,21 APR 1969,KEN,2.0,Balmoral (GBR),08 MAY 2004,1106
68,166,13:29,Wilson Kiprono TOO,14 MAR 1991,KEN,2.0,"Carlsbad, CA (USA)",03 APR 2016,1106
69,166,13:29,Julien WANDERS,18 MAR 1996,SUI,1.0,Monaco (MON),17 FEB 2019,1106
70,166,13:29,Edward CHESEREK,02 FEB 1994,KEN,1.0,"Carlsbad, CA (USA)",06 APR 2019,1106
71,166,13:29,Mohamed-amine EL BOUAJAJI,26 JUL 1997,FRA,4.0,Monaco (MON),16 FEB 2020,1106
72,166,13:29,Merhawi MEBRAHTU,21 SEP 2003,ERI,8.0,"Boston, MA (USA)",15 APR 2023,1106
73,174,13:30,Doug PADILLA,04 OCT 1956,USA,1.0,"Carlsbad, CA (USA)",25 MAR 1990,1102
74,174,13:30,Valdenor PEREIRA DOS SANTOS,21 DEC 1969,BRA,2.0,"Carlsbad, CA (USA)",02 APR 1995,1102
75,174,13:30,Robert DENMARK,23 NOV 1968,GBR,1.0,Dublin (IRL),04 MAY 1996,1102
76,174,13:30,Reuben CHERUIYOT,13 MAR 1974,KEN,3.0,"Carlsbad, CA (USA)",26 MAR 2000,1102
77,174,13:30,Philip KIRUI,11 SEP 1973,KEN,4.0,"Carlsbad, CA (USA)",26 MAR 2000,1102
78,174,13:30,Luke KIPKOSGEI,27 NOV 1975,KEN,2.0,"Carlsbad, CA (USA)",07 APR 2002,1102
79,174,13:30,Gilbert OKARI,02 JUL 1978,KEN,3.0,"Syracuse, NY (USA)",06 OCT 2002,1102
80,174,13:30,Shadrack HOFF,19 MAY 1973,RSA,6.0,"Carlsbad, CA (USA)",13 APR 2003,1102
81,174,13:30,Boniface Kiprotich SONGOK,25 DEC 1980,KEN,2.0,"Carlsbad, CA (USA)",28 MAR 2004,1102
82,174,13:30,Mo FARAH,23 MAR 1983,GBR,1.0,Stranorlar (IRL),26 DEC 2006,1102
83,174,13:30,Ibrahim JEILAN,12 JUN 1989,ETH,7.0,"Carlsbad, CA (USA)",05 APR 2009,1102
84,174,13:30,Leonard KORIR,10 DEC 1986,KEN,2.0,San José (USA),22 NOV 2012,1102
85,174,13:30,Lani RUTTO,29 MAR 1989,KEN,4.0,"Boston, MA (USA)",19 APR 2014,1102
86,174,13:30,Lawi LALANG,15 JUN 1991,KEN,1.0,"Philadelphia, PA (USA)",20 SEP 2014,1102
87,174,13:30,Philip Kiprono LANGAT,23 APR 1990,KEN,4.0,"Boston, MA (USA)",15 APR 2017,1102
88,174,13:30,Benard Kibet LAGAT,15 DEC 1994,KEN,,Praha (CZE),08 SEP 2018,1102
89,174,13:30,Peter MARU,03 APR 2003,UGA,2.0,Barcelona (ESP),31 DEC 2021,1102
90,174,13:30,Hosea KIPLANGAT,01 MAR 2000,UGA,10.0,Herzogenaurach (GER),30 APR 2022,1102
91,174,13:30,Isaac Kibet NDIEMA,05 FEB 1999,KEN,3.0,Fukuoka (JPN),12 NOV 2022,1102
92,174,13:30,Ilias FIFA,16 MAY 1989,ESP,2.0,Barcelona (ESP),31 DEC 2022,1102
93,174,13:30,Rogers KIBET,26 MAR 2003,UGA,8.0,Lille (FRA),19 MAR 2023,1102
94,174,13:30,Eduardo HERRERA,23 SEP 1997,USA,9.0,"Boston, MA (USA)",15 APR 2023,1102
95,174,13:30,Wesley KIPTOO,,KEN,10.0,"Boston, MA (USA)",15 APR 2023,1102
96,174,13:30,Leonard Kipkemoi BETT,03 NOV 2000,KEN,11.0,"Boston, MA (USA)",15 APR 2023,1102
97,198,13:31,Steve SCOTT,05 MAY 1956,USA,1.0,"Carlsbad, CA (USA)",27 MAR 1988,1099
98,198,13:31,Ignacio FRAGOSO,06 FEB 1968,MEX,2.0,"Carlsbad, CA (USA)",25 MAR 1990,1099
99,198,13:31,William MUTWOL,10 OCT 1967,KEN,4.0,"Carlsbad, CA (USA)",27 MAR 1994,1099
0,198,13:31,Keith CULLEN,13 JUN 1972,GBR,2.0,Dublin (IRL),04 MAY 1996,1099
1,198,13:31,Marc DAVIS,17 DEC 1969,USA,4.0,"Carlsbad, CA (USA)",29 MAR 1998,1099
2,198,13:31,Felix LIMO,22 AUG 1980,KEN,5.0,"Carlsbad, CA (USA)",26 MAR 2000,1099
3,198,13:31,Mushir Salim JAWHER,13 JUN 1978,KEN,3.0,"Carlsbad, CA (USA)",07 APR 2002,1099
4,198,13:31,James Kimutai KOSKEI,23 NOV 1968,KEN,2.0,"Providence, RI (USA)",07 SEP 2003,1099
5,198,13:31,Raymond Kipkorir YATOR,07 APR 1981,KEN,3.0,"Carlsbad, CA (USA)",28 MAR 2004,1099
6,198,13:31,Sammy KIPKETER,29 SEP 1981,KEN,3.0,"Carlsbad, CA (USA)",09 APR 2006,1099
7,198,13:31,Ibrahim JEILAN,12 JUN 1989,ETH,4.0,"Carlsbad, CA (USA)",09 APR 2006,1099
8,198,13:31,Diego ESTRADA,19 DEC 1989,USA,5.0,"Carlsbad, CA (USA)",30 MAR 2014,1099
9,198,13:31,Daniel Lemashon SALEL,11 DEC 1990,KEN,5.0,"Boston, MA (USA)",19 APR 2014,1099
10,198,13:31,Raphael MONTOYA,24 NOV 1995,FRA,5.0,Monaco (MON),16 FEB 2020,1099
11,198,13:31,Mike FOPPEN,29 NOV 1996,NED,2.0,Nijmegen (NED),19 JUL 2020,1099
12,198,13:31,Leonard Kipkemoi BETT,03 NOV 2000,KEN,6.0,Herzogenaurach (GER),12 SEP 2021,1099
13,198,13:31,Jonas RAESS,08 MAR 1994,SUI,3.0,Barcelona (ESP),31 DEC 2022,1099
14,215,13:32,Shannon BUTLER,24 JAN 1967,USA,3.0,"Carlsbad, CA (USA)",29 MAR 1992,1095
15,215,13:32,Philemon HANNECK,12 MAY 1971,ZIM,5.0,"Carlsbad, CA (USA)",27 MAR 1994,1095
16,215,13:32,Philemon HANNECK,12 MAY 1971,ZIM,4.0,"Providence, RI (USA)",14 SEP 1997,1095
17,215,13:32,Markos GENETI,07 JUN 1984,ETH,7.0,"Carlsbad, CA (USA)",13 APR 2003,1095
18,215,13:32,Boaz CHEBOIYWO,02 AUG 1978,KEN,4.0,"Carlsbad, CA (USA)",28 MAR 2004,1095
19,215,13:32,Barnabas Kiplagat KOSGEI,20 AUG 1986,KEN,5.0,"Carlsbad, CA (USA)",28 MAR 2004,1095
20,215,13:32,Juan Luis BARRIOS,24 JUN 1983,MEX,2.0,"Carlsbad, CA (USA)",01 APR 2007,1095
21,215,13:32,Bernard LAGAT,12 DEC 1974,USA,2.0,"Philadelphia, PA (USA)",20 SEP 2014,1095
22,215,13:32,Lawi LALANG,15 JUN 1991,KEN,1.0,"Carlsbad, CA (USA)",29 MAR 2015,1095
23,215,13:32,Philip Kiprono LANGAT,23 APR 1990,KEN,4.0,"Boston, MA (USA)",18 APR 2015,1095
24,215,13:32,Morgan PEARSON,22 SEP 1993,USA,1.0,San José (USA),24 NOV 2016,1095
25,215,13:32,Samuel FITWI SIBHATU,01 JAN 1996,GER,6.0,Monaco (MON),14 FEB 2021,1095
26,215,13:32,Oscar CHELIMO,12 DEC 2001,UGA,3.0,Monaco (MON),12 FEB 2023,1095
27,215,13:32,Richard RINGER,27 FEB 1989,GER,4.0,Monaco (MON),12 FEB 2023,1095
28,215,13:32,Charles PHILIBERT-THIBOUTOT,31 DEC 1990,CAN,12.0,"Boston, MA (USA)",15 APR 2023,1095
29,230,13:33,Brahim LAHLAFI,15 APR 1968,MAR,5.0,"Providence, RI (USA)",14 SEP 1997,1092
30,230,13:33,Julio VALLE,22 DEC 1971,MEX,5.0,"Carlsbad, CA (USA)",29 MAR 1998,1092
31,230,13:33,James Kimutai KOSKEI,23 NOV 1968,KEN,1.0,"Gardena, CA (USA)",02 JUN 2002,1092
32,230,13:33,John Thuo ITATI,26 DEC 1973,KEN,1.0,"Gardena, CA (USA)",01 JUN 2003,1092
33,230,13:33,David MCNEILL,06 OCT 1986,AUS,1.0,"San José, CA (USA)",24 NOV 2011,1092
34,230,13:33,Bereket NEGA,25 SEP 2004,ETH,4.0,Lille (FRA),01 OCT 2022,1092
35,230,13:33,Leonard Kipkemoi BETT,03 NOV 2000,KEN,7.0,"Adi-Dassler-Straße 1, Herzogenaurach (GER)",29 APR 2023,1092
36,237,13:34,David TORRENCE,26 NOV 1985,USA,1.0,San José (USA),28 NOV 2013,1088
37,238,13:34,Marcos BARRETO,25 APR 1960,MEX,2.0,"Carlsbad, CA (USA)",27 MAR 1988,1088
38,238,13:34,Matt GIUSTO,25 OCT 1966,USA,6.0,"Carlsbad, CA (USA)",27 MAR 1994,1088
39,238,13:34,Larbi ZEROUAL,10 JAN 1971,MAR,6.0,"Providence, RI (USA)",14 SEP 1997,1088
40,238,13:34,Mebrahtom KEFLEZIGHI,05 MAY 1975,USA,7.0,"Carlsbad, CA (USA)",01 APR 2001,1088
41,238,13:34,Mebrahtom KEFLEZIGHI,05 MAY 1975,USA,4.0,"Carlsbad, CA (USA)",07 APR 2002,1088
42,238,13:34,Shadrack KOSGEI,24 NOV 1984,KEN,2.0,"Gardena, CA (USA)",01 JUN 2003,1088
43,238,13:34,James Kimutai KOSKEI,23 NOV 1968,KEN,3.0,"Gardena, CA (USA)",01 JUN 2003,1088
44,238,13:34,Sammy KIPKETER,29 SEP 1981,KEN,4.0,"Carlsbad, CA (USA)",03 APR 2005,1088
45,238,13:34,Boaz CHEBOIYWO,02 AUG 1978,KEN,5.0,"Carlsbad, CA (USA)",03 APR 2005,1088
46,238,13:34,Terefe Zewdie MEREGA,23 OCT 1982,ETH,1.0,"Carlsbad, CA (USA)",06 APR 2008,1088
47,238,13:34,Markos GENETI,07 JUN 1984,ETH,4.0,"Carlsbad, CA (USA)",11 APR 2010,1088
48,238,13:34,Nick GOOLAB,30 JAN 1990,GBR,1.0,Ipswich (GBR),11 MAY 2019,1088
49,238,13:34,Jeremy SCHEID,,USA,1.0,"Asbury Park, NJ (USA)",28 DEC 2019,1088
50,238,13:34,Felix BOUR,25 MAR 1994,FRA,2.0,Angers (FRA),24 APR 2021,1088
51,238,13:34,Mathew KIMELI,01 APR 1998,KEN,7.0,Herzogenaurach (GER),12 SEP 2021,1088
52,238,13:34,Yemane HAILESELASSIE,21 FEB 1998,ERI,11.0,Herzogenaurach (GER),30 APR 2022,1088
53,238,13:34,Gebeyehu BELAY,19 MAR 2003,ETH,12.0,Herzogenaurach (GER),30 APR 2022,1088
54,238,13:34,Wegene ADDISU,27 MAY 2004,ETH,8.0,"Adi-Dassler-Straße 1, Herzogenaurach (GER)",29 APR 2023,1088
55,256,13:35,Matthews MOTSHWARATEU,02 NOV 1958,BOT,3.0,"Carlsbad, CA (USA)",27 MAR 1988,1085
56,256,13:35,Frank O'MARA,17 JUL 1960,IRL,1.0,"Carlsbad, CA (USA)",14 APR 1991,1085
57,256,13:35,Reuben REINA,16 NOV 1967,USA,4.0,"Carlsbad, CA (USA)",29 MAR 1992,1085
58,256,13:35,Steve PLASENCIA,28 OCT 1956,USA,5.0,"Carlsbad, CA (USA)",29 MAR 1992,1085
59,256,13:35,Arturo BARRIOS,12 DEC 1963,MEX,7.0,"Carlsbad, CA (USA)",27 MAR 1994,1085
60,256,13:35,Hezron Nyandusi OTWORI,25 DEC 1976,KEN,7.0,"Providence, RI (USA)",14 SEP 1997,1085
61,256,13:35,John Thuo ITATI,26 DEC 1973,KEN,2.0,"Gardena, CA (USA)",02 JUN 2002,1085
62,256,13:35,Tom NYARIKI,27 SEP 1971,KEN,1.0,"Austin, TX (USA)",13 APR 2003,1085
63,256,13:35,Serhiy LEBID,15 JUL 1975,UKR,3.0,Balmoral (GBR),08 MAY 2004,1085
64,256,13:35,Mohamed AMYN,25 MAR 1976,MAR,1.0,"Binghamton, NY (USA)",28 AUG 2005,1085
65,256,13:35,Mo FARAH,23 MAR 1983,GBR,2.0,"Carlsbad, CA (USA)",06 APR 2008,1085
66,256,13:35,Wilson Kiprono TOO,14 MAR 1991,KEN,2.0,"Carlsbad, CA (USA)",29 MAR 2015,1085
67,256,13:35,Dejen GEBREMESKEL,24 NOV 1989,ETH,5.0,"Boston, MA (USA)",15 APR 2017,1085
68,256,13:35,Noah SCHUTTE,15 MAY 1995,NED,3.0,Nijmegen (NED),19 JUL 2020,1085
69,256,13:35,Emmanuel KIPROP,21 AUG 1999,KEN,4.0,Lille (FRA),06 NOV 2021,1085
70,256,13:35,Charles PHILIBERT-THIBOUTOT,31 DEC 1990,CAN,1.0,"Boston, MA (USA)",16 APR 2022,1085
71,256,13:35,Gideon Kipkertich RONO,22 FEB 2003,KEN,5.0,Monaco (MON),12 FEB 2023,1085
72,256,13:35,Eric AVILA,03 OCT 1989,USA,13.0,"Boston, MA (USA)",15 APR 2023,1085
73,274,13:36,Paul WILLIAMS,07 AUG 1956,CAN,,"Carlsbad, CA (USA)",01 JUN 1986,1081
74,274,13:36,Mbarak HUSSEIN,04 APR 1965,KEN,8.0,"Carlsbad, CA (USA)",27 MAR 1994,1081
75,274,13:36,Andrew SAMBU,05 OCT 1972,TAN,1.0,London (GBR),23 APR 1995,1081
76,274,13:36,Hezron Nyandusi OTWORI,25 DEC 1976,KEN,6.0,"Carlsbad, CA (USA)",29 MAR 1998,1081
77,274,13:36,Joseph KIMANI,21 SEP 1972,KEN,1.0,"Gardena, CA (USA)",04 JUN 2000,1081
78,274,13:36,Moses MACHIRIA,1973,KEN,4.0,"Syracuse, NY (USA)",06 OCT 2002,1081
79,274,13:36,Ahmad Hassan ABDULLAH,04 APR 1981,KEN,8.0,"Carlsbad, CA (USA)",13 APR 2003,1081
80,274,13:36,John Thuo ITATI,26 DEC 1973,KEN,9.0,"Carlsbad, CA (USA)",13 APR 2003,1081
81,274,13:36,Patrick NTHIWA,30 JUN 1983,KEN,4.0,"Gardena, CA (USA)",01 JUN 2003,1081
82,274,13:36,Sean KALEY,26 FEB 1975,CAN,1.0,"Little Rock, AR (USA)",04 JUL 2003,1081
83,274,13:36,Tom NYARIKI,27 SEP 1971,KEN,1.0,"New Milford, CT (USA)",01 JUN 2007,1081
84,274,13:36,Haron LAGAT,15 AUG 1983,KEN,3.0,"Carlsbad, CA (USA)",06 APR 2008,1081
85,274,13:36,Collis BIRMINGHAM,27 DEC 1984,AUS,4.0,"Carlsbad, CA (USA)",06 APR 2008,1081
86,274,13:36,Josphat BOIT,28 DEC 1982,KEN,5.0,"Carlsbad, CA (USA)",06 APR 2008,1081
87,274,13:36,Alistair Ian CRAGG,13 JUN 1980,IRL,8.0,"Carlsbad, CA (USA)",05 APR 2009,1081
88,274,13:36,Alan WEBB,13 JAN 1983,USA,1.0,San José (USA),25 NOV 2010,1081
89,274,13:36,Will LEER,15 APR 1985,USA,4.0,"Carlsbad, CA (USA)",07 APR 2013,1081
90,274,13:36,Nelson MOKORI,22 JUL 1992,KEN,2.0,"Alton, IL (USA)",21 SEP 2013,1081
91,274,13:36,Shadrack KIPCHIRCHIR,22 FEB 1989,USA,2.0,San José (USA),24 NOV 2016,1081
92,274,13:36,Etienne DAGUINOS,15 FEB 2000,FRA,3.0,Angers (FRA),24 APR 2021,1081
93,274,13:36,Benjamin KIGEN,05 JUL 1993,KEN,8.0,Herzogenaurach (GER),12 SEP 2021,1081
94,274,13:36,George BEAMISH,24 OCT 1996,NZL,2.0,"Boston, MA (USA)",16 APR 2022,1081
95,274,13:36,Zouhair TALBI,08 APR 1995,MAR,3.0,"Boston, MA (USA)",16 APR 2022,1081
96,274,13:36,Willy FINK,07 MAR 1994,USA,14.0,"Boston, MA (USA)",15 APR 2023,1081
97,298,13:37,Barnabas KORIR,24 OCT 1965,KEN,3.0,"Carlsbad, CA (USA)",25 MAR 1990,1078
98,298,13:37,John GREGOREK,15 APR 1960,USA,6.0,"Carlsbad, CA (USA)",29 MAR 1992,1078
99,298,13:37,Philip MOSIMA,02 JAN 1977,KEN,2.0,London (GBR),23 APR 1995,1078
0,298,13:37,Hezron Nyandusi OTWORI,25 DEC 1976,KEN,3,"Carlsbad, CA (USA)",13 APR 1997,1078
1,298,13:37,Ondoro OSORO,03 DEC 1967,KEN,8,"Providence, RI (USA)",14 SEP 1997,1078
2,298,13:37,William MUTWOL,10 OCT 1967,KEN,9,"Providence, RI (USA)",14 SEP 1997,1078
3,298,13:37,Dan BROWNE,24 JUN 1975,USA,6,"Carlsbad, CA (USA)",26 MAR 2000,1078
4,298,13:37,Ahmad Hassan ABDULLAH,04 APR 1981,KEN,5,"Carlsbad, CA (USA)",07 APR 2002,1078
5,298,13:37,Linus Kipkosgei MAIYO,26 FEB 1983,KEN,10,"Carlsbad, CA (USA)",13 APR 2003,1078
6,298,13:37,Shadrack KOSGEI,24 NOV 1984,KEN,3,"Providence, RI (USA)",07 SEP 2003,1078
7,298,13:37,Shadrack KOSGEI,24 NOV 1984,KEN,5,"Carlsbad, CA (USA)",09 APR 2006,1078
8,298,13:37,Ridouane HARROUFI,30 JUL 1981,MAR,1,"San José, CA (USA)",22 NOV 2007,1078
9,298,13:37,Scott BAUHS,11 MAY 1986,USA,1,San José (USA),27 NOV 2008,1078
10,298,13:37,Stephen SAMBU,07 JUL 1988,KEN,2,"San José, CA (USA)",24 NOV 2011,1078
11,298,13:37,Dejen GEBREMESKEL,24 NOV 1989,ETH,1,"Boston, MA (USA)",14 APR 2013,1078
12,298,13:37,Sondre Nordstad MOEN,12 JAN 1991,NOR,2,Monaco (MON),17 FEB 2019,1078
13,298,13:37,Emmanuel BOR,14 APR 1988,USA,1,"Memphis, TN (USA)",14 NOV 2020,1078
14,298,13:37,Mike FOPPEN,29 NOV 1996,NED,3,Barcelona (ESP),31 DEC 2021,1078
15,298,13:37,Willy FINK,07 MAR 1994,USA,4,"Boston, MA (USA)",16 APR 2022,1078
16,298,13:37,Abdessamad OUKHELFEN,18 DEC 1998,ESP,4,Barcelona (ESP),31 DEC 2022,1078
17,318,13:38,William MUSYOKI,25 NOV 1966,KEN,2,"Carlsbad, CA (USA)",14 APR 1991,1074
18,318,13:38,Peter GITHUKA,14 FEB 1969,KEN,5,"Carlsbad, CA (USA)",31 MAR 1996,1074
19,318,13:38,Lazarus Oyondi NYAKERAKA,22 NOV 1975,KEN,10,"Providence, RI (USA)",14 SEP 1997,1074
20,318,13:38,Pablo OLMEDO,08 MAY 1975,MEX,7,"Carlsbad, CA (USA)",26 MAR 2000,1074
21,318,13:38,Abdelhadi HABASSA,13 JAN 1976,MAR,3,"Gardena, CA (USA)",02 JUN 2002,1074
22,318,13:38,Jacob KORIR,15 AUG 1980,KEN,2,San José (USA),27 NOV 2008,1074
23,318,13:38,Haron LAGAT,15 AUG 1983,KEN,9,"Carlsbad, CA (USA)",05 APR 2009,1074
24,318,13:38,Diego ESTRADA,19 DEC 1989,MEX,3,"San José, CA (USA)",24 NOV 2011,1074
25,318,13:38,Diego ESTRADA,19 DEC 1989,USA,2,San José (USA),28 NOV 2013,1074
26,318,13:38,Debeli GEZMU,14 APR 1996,ETH,3,"Carlsbad, CA (USA)",03 APR 2016,1074
27,318,13:38,Bernard LAGAT,12 DEC 1974,USA,4,"Carlsbad, CA (USA)",03 APR 2016,1074
28,318,13:38,Luis VARGAS,,USA,3,San José (USA),24 NOV 2016,1074
29,318,13:38,Edward CHESEREK,02 FEB 1994,KEN,1,San José (USA),23 NOV 2017,1074
30,318,13:38,Bastien AUGUSTO,10 AUG 1999,FRA,5,Lille (FRA),06 NOV 2021,1074
31,318,13:38,Mehdi BELHADJ,10 JUN 1995,FRA,4,Barcelona (ESP),31 DEC 2021,1074
32,318,13:38,Bravin Kipkogei KIPTOO,26 FEB 2001,KEN,13,Herzogenaurach (GER),30 APR 2022,1074
33,318,13:38,Emile CAIRESS,27 DEC 1997,GBR,14,Herzogenaurach (GER),30 APR 2022,1074
34,318,13:38,Benjamin FLANAGAN,11 JAN 1995,CAN,1,Moncton (CAN),11 SEP 2022,1074
35,318,13:38,Yasin HAJI,22 JAN 1996,ETH,9,Lille (FRA),19 MAR 2023,1074
36,318,13:38,Yohanes DANGAW,,ETH,9,"Adi-Dassler-Straße 1, Herzogenaurach (GER)",29 APR 2023,1074
37,338,13:39,Ed EYESTONE,15 JUN 1961,USA,4,"Carlsbad, CA (USA)",27 MAR 1988,1071
38,338,13:39,Reuben REINA,16 NOV 1967,USA,3,"Carlsbad, CA (USA)",14 APR 1991,1071
39,338,13:39,Michał BARTOSZAK,21 JUN 1970,POL,,"Los Angeles, CA (USA)",07 MAR 1993,1071
40,338,13:39,Juan Luis BARRIOS,24 JUN 1983,MEX,2,"San José, CA (USA)",22 NOV 2007,1071
41,338,13:39,Julius KOGO,12 AUG 1985,KEN,1,San José (USA),26 NOV 2009,1071
42,338,13:39,Galen RUPP,08 MAY 1986,USA,2,San José (USA),25 NOV 2010,1071
43,338,13:39,Ryan GREGSON,26 APR 1990,AUS,7,"Carlsbad, CA (USA)",01 APR 2012,1071
44,338,13:39,Haron LAGAT,15 AUG 1983,KEN,8,"Carlsbad, CA (USA)",01 APR 2012,1071
45,338,13:39,Josphat Kiprono MENJO,20 AUG 1979,KEN,5,"Carlsbad, CA (USA)",07 APR 2013,1071
46,338,13:39,Haron LAGAT,15 AUG 1983,KEN,6,"Carlsbad, CA (USA)",30 MAR 2014,1071
47,338,13:39,Hassan MEAD,28 AUG 1989,USA,5,"Carlsbad, CA (USA)",03 APR 2016,1071
48,338,13:39,Dejen GEBREMESKEL,24 NOV 1989,ETH,1,"Boston, MA (USA)",16 APR 2016,1071
49,338,13:39,German FERNANDEZ,02 NOV 1990,USA,4,San José (USA),24 NOV 2016,1071
50,338,13:39,Philip SESEMANN,03 OCT 1992,GBR,3,Barrowford (GBR),08 AUG 2020,1071
51,338,13:39,Jimmy GRESSIER,04 MAY 1997,FRA,1,Barcelona (ESP),31 DEC 2020,1071
52,338,13:39,Tom MORTIMER,07 JAN 1999,GBR,1f7,Barrowford (GBR),03 APR 2021,1071
53,338,13:39,Yohan DURAND,14 MAY 1985,FRA,5,Barcelona (ESP),31 DEC 2021,1071
54,338,13:39,Santiago CATROFE,13 FEB 1999,URU,6,Barcelona (ESP),31 DEC 2021,1071
55,338,13:39,Mason FERLIC,05 AUG 1993,USA,5,"Boston, MA (USA)",16 APR 2022,1071
56,338,13:39,Olkera ENDELA,,KEN,15,Herzogenaurach (GER),30 APR 2022,1071
57,338,13:39,Samwel MASAI,20 MAR 2001,KEN,4,Fukuoka (JPN),12 NOV 2022,1071
58,338,13:39,Mason FERLIC,05 AUG 1993,USA,15,"Boston, MA (USA)",15 APR 2023,1071
59,360,13:40,Ibrahim HUSSEIN,03 JUN 1958,KEN,4,"Carlsbad, CA (USA)",25 MAR 1990,1067
60,360,13:40,Mauricio HERNÁNDEZ,30 NOV 1961,MEX,4,"Carlsbad, CA (USA)",14 APR 1991,1067
61,360,13:40,Charles MULINGA,05 APR 1968,ZAM,11,"Providence, RI (USA)",14 SEP 1997,1067
62,360,13:40,Felix LIMO,22 AUG 1980,KEN,8,"Carlsbad, CA (USA)",01 APR 2001,1067
63,360,13:40,Eliud KIRUI,15 AUG 1975,KEN,6,"Carlsbad, CA (USA)",28 MAR 2004,1067
64,360,13:40,Haron LAGAT,15 AUG 1983,KEN,3,"San José, CA (USA)",22 NOV 2007,1067
65,360,13:40,Simon NDIRANGU,01 NOV 1985,KEN,5,"Carlsbad, CA (USA)",11 APR 2010,1067
66,360,13:40,Andy VERNON,07 JAN 1986,GBR,9,"Carlsbad, CA (USA)",01 APR 2012,1067
67,360,13:40,Anthony FAMIGLIETTI,08 NOV 1978,USA,1,"Charlotte, NC (USA)",20 OCT 2012,1067
68,360,13:40,Aaron BRAUN,28 MAY 1987,USA,2,"Boston, MA (USA)",14 APR 2013,1067
69,360,13:40,Ibrahim HASSAN,01 JAN 1997,DJI,4,Lille (FRA),09 NOV 2019,1067
70,360,13:40,Chala BEYO,18 JAN 1996,ETH,5,Lille (FRA),09 NOV 2019,1067
71,360,13:40,Milkesa MENGESHA,16 APR 2000,ETH,6,Lille (FRA),09 NOV 2019,1067
72,360,13:40,Santiago CATROFE,13 FEB 1999,URU,2,Barcelona (ESP),31 DEC 2020,1067
73,360,13:40,Philip SESEMANN,03 OCT 1992,GBR,2f7,Barrowford (GBR),03 APR 2021,1067
74,360,13:40,Samuel Naibei KIPLIMO,17 JUN 1993,KEN,6,Lille (FRA),06 NOV 2021,1067
75,360,13:40,Carlos MAYO,18 SEP 1995,ESP,7,Barcelona (ESP),31 DEC 2021,1067
76,360,13:40,Felix BOUR,25 MAR 1994,FRA,6,Monaco (MON),12 FEB 2023,1067
77,360,13:40,Benjamin KIGEN,05 JUL 1993,KEN,16,"Boston, MA (USA)",15 APR 2023,1067
78,379,13:41,Leonard KORIR,10 DEC 1986,KEN,3,San José (USA),28 NOV 2013,1066
79,380,13:41,Gerardo ALCALA,28 JUN 1961,MEX,5,"Carlsbad, CA (USA)",14 APR 1991,1064
80,380,13:41,Brendan MATTHIAS,12 AUG 1969,CAN,7,"Carlsbad, CA (USA)",29 MAR 1992,1064
81,380,13:41,Paul BITOK,26 JUN 1970,KEN,9,"Carlsbad, CA (USA)",27 MAR 1994,1064
82,380,13:41,Wilson Nyakamba OMWOYO,25 NOV 1965,KEN,3,London (GBR),23 APR 1995,1064
83,380,13:41,Dejene BIRHANU,12 DEC 1980,ETH,5,"Syracuse, NY (USA)",06 OCT 2002,1064
84,380,13:41,Linus Kipkosgei MAIYO,26 FEB 1983,KEN,5,"Gardena, CA (USA)",01 JUN 2003,1064
85,380,13:41,Gabino APOLONIO,29 AUG 1971,MEX,1,Mazatlán (MEX),29 NOV 2003,1064
86,380,13:41,Anthony FAMIGLIETTI,08 NOV 1978,USA,1,"Providence, RI (USA)",21 SEP 2008,1064
87,380,13:41,Josphat BOIT,28 DEC 1982,KEN,3,San José (USA),27 NOV 2008,1064
88,380,13:41,Ben TRUE,29 DEC 1985,USA,1,"Boston, MA (USA)",15 APR 2012,1064
89,380,13:41,Lani RUTTO,29 MAR 1989,KEN,3,"Boston, MA (USA)",14 APR 2013,1064
90,380,13:41,Bernard LAGAT,12 DEC 1974,USA,3,"Carlsbad, CA (USA)",29 MAR 2015,1064
91,380,13:41,Ben TRUE,29 DEC 1985,USA,2,"Boston, MA (USA)",16 APR 2016,1064
92,380,13:41,Raymond MAGUT,,KEN,1,"Wheeling, WV (USA)",04 AUG 2019,1064
93,380,13:41,Benjamin DE HAAN,27 FEB 1993,NED,4,Nijmegen (NED),19 JUL 2020,1064
94,380,13:41,Tom EVANS,03 FEB 1992,GBR,4,Barrowford (GBR),08 AUG 2020,1064
95,380,13:41,Sam ATKIN,14 MAR 1993,GBR,2,"Memphis, TN (USA)",14 NOV 2020,1064
96,380,13:41,Felix BOUR,25 MAR 1994,FRA,2,Málaga (ESP),24 APR 2022,1064
97,380,13:41,Simon BOCH,18 APR 1994,GER,3,Málaga (ESP),24 APR 2022,1064
98,380,13:41,Daniel KINYANJUI,15 JAN 2005,KEN,16,Herzogenaurach (GER),30 APR 2022,1064
99,380,13:41,Mohamed AL GARNI,02 JUL 1992,QAT,5,Barcelona (ESP),31 DEC 2022,1064
0,380,13:41,Abrham SIME,07 NOV 2001,ETH,10.0,Lille (FRA),19 MAR 2023,1064
1,380,13:41,Geoffrey KOECH,28 AUG 1993,KEN,17.0,"Boston, MA (USA)",15 APR 2023,1064
2,380,13:41,Victor Kipkirui MUTAI,06 MAY 2003,KEN,10.0,"Adi-Dassler-Straße 1, Herzogenaurach (GER)",29 APR 2023,1064
3,404,13:42,Stephen SAMBU,07 JUL 1988,KEN,1.0,"Oyster Bay, NY (USA)",26 NOV 2015,1061
4,405,13:42,Gerardo ALCALA,28 JUN 1961,MEX,5.0,"Carlsbad, CA (USA)",25 MAR 1990,1060
5,405,13:42,Michał BARTOSZAK,21 JUN 1970,POL,1.0,"Providence, RI (USA)",17 OCT 1993,1060
6,405,13:42,Risto ULMALA,07 MAY 1963,FIN,2.0,"Providence, RI (USA)",17 OCT 1993,1060
7,405,13:42,James BUNGEI,03 MAR 1968,KEN,6.0,"Carlsbad, CA (USA)",31 MAR 1996,1060
8,405,13:42,John KARIUKI,13 FEB 1969,KEN,12.0,"Providence, RI (USA)",14 SEP 1997,1060
9,405,13:42,Joseph KIMANI,21 SEP 1972,KEN,1.0,"Chicago, IL (USA)",14 JUL 2000,1060
10,405,13:42,Reuben CHERUIYOT,13 MAR 1974,KEN,2.0,"Austin, TX (USA)",13 APR 2003,1060
11,405,13:42,Thomas KIPLITAN,15 JUN 1983,KEN,1.0,"Austin, TX (USA)",25 APR 2004,1060
12,405,13:42,Meshack SANG,24 JUL 1978,KEN,6.0,"Carlsbad, CA (USA)",03 APR 2005,1060
13,405,13:42,José David GALVÁN MARTÍNEZ,06 APR 1976,MEX,3.0,"Carlsbad, CA (USA)",01 APR 2007,1060
14,405,13:42,Philip KOECH,06 FEB 1987,KEN,2.0,"New Milford, CT (USA)",01 JUN 2007,1060
15,405,13:42,Wilson Kipsang KIPROTICH,15 MAR 1982,KEN,1.0,Maastricht (NED),15 JUN 2008,1060
16,405,13:42,Abraham ROTICH,25 MAR 1987,KEN,2.0,Maastricht (NED),15 JUN 2008,1060
17,405,13:42,Robert Kiprotich LETTING,10 AUG 1984,KEN,4.0,San José (USA),27 NOV 2008,1060
18,405,13:42,Kevin CHELIMO,14 FEB 1983,KEN,5.0,San José (USA),27 NOV 2008,1060
19,405,13:42,Robert Kiprotich LETTING,10 AUG 1984,KEN,2.0,San José (USA),26 NOV 2009,1060
20,405,13:42,David TORRENCE,26 NOV 1985,USA,6.0,"Carlsbad, CA (USA)",07 APR 2013,1060
21,405,13:42,Haron LAGAT,15 AUG 1983,KEN,7.0,"Carlsbad, CA (USA)",07 APR 2013,1060
22,405,13:42,Brett ROBINSON,08 MAY 1991,AUS,8.0,"Carlsbad, CA (USA)",07 APR 2013,1060
23,405,13:42,Tyler PENNEL,21 DEC 1987,USA,6.0,"Boston, MA (USA)",19 APR 2014,1060
24,405,13:42,Girma MECHESO,16 JAN 1988,USA,5.0,"Boston, MA (USA)",18 APR 2015,1060
25,405,13:42,William KINCAID,21 SEP 1992,USA,5.0,San José (USA),24 NOV 2016,1060
26,405,13:42,Kirubel ERASSA,17 JUN 1993,USA,6.0,"Boston, MA (USA)",15 APR 2017,1060
27,405,13:42,Hagos GEBRHIWET,11 MAY 1994,ETH,7.0,"Boston, MA (USA)",15 APR 2017,1060
28,405,13:42,Awet HABTE,29 SEP 1997,ERI,2.0,San José (USA),23 NOV 2017,1060
29,405,13:42,Hagos GEBRHIWET,11 MAY 1994,ETH,1.0,"Boston, MA (USA)",14 APR 2018,1060
30,405,13:42,Ben TRUE,29 DEC 1985,USA,2.0,"Boston, MA (USA)",14 APR 2018,1060
31,405,13:42,Thomas CURTIN,08 AUG 1993,USA,3.0,"Boston, MA (USA)",14 APR 2018,1060
32,405,13:42,Hagos GEBRHIWET,11 MAY 1994,ETH,1.0,"Boston, MA (USA)",13 APR 2019,1060
33,405,13:42,Adam CLARKE,03 APR 1991,GBR,1.0,Armagh (GBR),13 FEB 2020,1060
34,405,13:42,David NILSSON,16 APR 1987,SWE,5.0,Nijmegen (NED),19 JUL 2020,1060
35,405,13:42,Omar AHMED,18 APR 1997,GBR,5.0,Barrowford (GBR),08 AUG 2020,1060
36,405,13:42,Michaël GRAS,15 SEP 1991,FRA,7.0,Monaco (MON),14 FEB 2021,1060
37,405,13:42,Ilyas Yonis OSMAN,14 AUG 1999,SOM,4.0,Angers (FRA),24 APR 2021,1060
38,405,13:42,Axel Vang CHRISTENSEN,30 JUL 2004,DEN,1.0,Monaco (MON),13 FEB 2022,1060
39,405,13:42,David Kiprotich BETT,18 OCT 1992,KEN,6.0,"Boston, MA (USA)",16 APR 2022,1060
40,405,13:42,Benjamin KIGEN,05 JUL 1993,KEN,17.0,Herzogenaurach (GER),30 APR 2022,1060
41,405,13:42,Djilali BEDRANI,01 OCT 1993,FRA,11.0,Lille (FRA),19 MAR 2023,1060
42,443,13:43,Stephen SAMBU,07 JUL 1988,KEN,1.0,"Oyster Bay, NY (USA)",27 NOV 2014,1059
43,444,13:43,Mauricio GONZÁLEZ,16 OCT 1960,MEX,1.0,"Los Angeles, CA (USA)",03 MAR 1991,1057
44,444,13:43,Frank O'MARA,17 JUL 1960,IRL,10.0,"Carlsbad, CA (USA)",27 MAR 1994,1057
45,444,13:43,John MAYOCK,26 OCT 1970,GBR,4.0,London (GBR),23 APR 1995,1057
46,444,13:43,Thomas OSANO,04 JUN 1970,KEN,13.0,"Providence, RI (USA)",14 SEP 1997,1057
47,444,13:43,Teodoro VEGA,14 JUL 1976,MEX,9.0,"Carlsbad, CA (USA)",01 APR 2001,1057
48,444,13:43,Boaz CHEBOIYWO,02 AUG 1978,KEN,4.0,"San José, CA (USA)",22 NOV 2007,1057
49,444,13:43,Giliat GHEBRAY,05 FEB 1984,USA,6.0,San José (USA),27 NOV 2008,1057
50,444,13:43,Samuel CHELANGA,23 FEB 1985,KEN,2.0,"Boston, MA (USA)",15 APR 2012,1057
51,444,13:43,Allan KIPRONO,15 FEB 1990,KEN,4.0,"Boston, MA (USA)",14 APR 2013,1057
52,444,13:43,Emmanuel BOR,14 APR 1988,USA,3.0,San José (USA),23 NOV 2017,1057
53,444,13:43,Topi RAITANEN,07 FEB 1996,FIN,1.0,Armagh (GBR),14 FEB 2019,1057
54,444,13:43,Philip SESEMANN,03 OCT 1992,GBR,2.0,Ipswich (GBR),11 MAY 2019,1057
55,444,13:43,Azeddine HABZ,19 JUL 1993,FRA,6.0,Monaco (MON),16 FEB 2020,1057
56,444,13:43,Dewi GRIFFITHS,09 AUG 1991,GBR,6.0,Barrowford (GBR),08 AUG 2020,1057
57,444,13:43,Raphael MONTOYA,24 NOV 1995,FRA,2.0,Monaco (MON),13 FEB 2022,1057
58,444,13:43,Vincent Kiprotich KIBET,19 MAR 1999,KEN,4.0,Lille (FRA),20 MAR 2022,1057
59,444,13:43,Pietro RIVA,01 MAY 1997,ITA,4.0,Málaga (ESP),24 APR 2022,1057
60,444,13:43,Valentin GONDOUIN,04 MAR 1999,FRA,12.0,Lille (FRA),19 MAR 2023,1057
61,462,13:44,Jonas RAESS,08 MAR 1994,SUI,7.0,"Sechseläutenplatz, Zürich (SUI)",08 SEP 2021,1055
62,463,13:44,Jim SPIVEY,07 MAR 1960,USA,2.0,"Los Angeles, CA (USA)",03 MAR 1991,1054
63,463,13:44,Aaron RAMIREZ,29 JUL 1962,USA,3.0,"Los Angeles, CA (USA)",03 MAR 1991,1054
64,463,13:44,Greg WHITELEY,06 JAN 1967,USA,1.0,Freeport (BAH),29 FEB 1992,1054
65,463,13:44,Abdellah BÉHAR,05 JUL 1963,FRA,,"Carlsbad, CA (USA)",02 APR 1995,1054
66,463,13:44,David Richard NERURKAR,06 JAN 1964,GBR,5.0,London (GBR),23 APR 1995,1054
67,463,13:44,Aurelio MITI,27 NOV 1973,ANG,1.0,"Los Angeles, CA (USA)",23 NOV 1997,1054
68,463,13:44,James BUNGEI,03 MAR 1968,KEN,2.0,"Los Angeles, CA (USA)",23 NOV 1997,1054
69,463,13:44,Karl KESKA,07 MAY 1972,GBR,7.0,"Carlsbad, CA (USA)",29 MAR 1998,1054
70,463,13:44,Shadrack HOFF,19 MAY 1973,RSA,6.0,"Carlsbad, CA (USA)",07 APR 2002,1054
71,463,13:44,Evans RUTTO,08 APR 1978,KEN,4.0,"Gardena, CA (USA)",02 JUN 2002,1054
72,463,13:44,Mohamed AMYN,25 MAR 1976,MAR,1.0,"Providence, RI (USA)",11 SEP 2005,1054
73,463,13:44,Shadrack KOSGEI,24 NOV 1984,KEN,2.0,"Providence, RI (USA)",11 SEP 2005,1054
74,463,13:44,Josphat BOIT,28 DEC 1982,KEN,1.0,"Little Rock, AR (USA)",04 JUL 2008,1054
75,463,13:44,Nicholas KURGAT,1979,KEN,7.0,San José (USA),27 NOV 2008,1054
76,463,13:44,Alistair Ian CRAGG,13 JUN 1980,IRL,6.0,"Carlsbad, CA (USA)",11 APR 2010,1054
77,463,13:44,Ben TRUE,29 DEC 1985,USA,1.0,"Providence, RI (USA)",18 SEP 2011,1054
78,463,13:44,Leonard KORIR,10 DEC 1986,KEN,7.0,"Boston, MA (USA)",19 APR 2014,1054
79,463,13:44,Clement Kiprono LANGAT,18 DEC 1991,KEN,6.0,"Carlsbad, CA (USA)",03 APR 2016,1054
80,463,13:44,Stephen SAMBU,07 JUL 1988,KEN,3.0,"Boston, MA (USA)",16 APR 2016,1054
81,463,13:44,Lawi LALANG,15 JUN 1991,KEN,6.0,San José (USA),24 NOV 2016,1054
82,463,13:44,Eric JENKINS,24 NOV 1991,USA,4.0,"Boston, MA (USA)",14 APR 2018,1054
83,463,13:44,Ben TRUE,29 DEC 1985,USA,2.0,"Boston, MA (USA)",13 APR 2019,1054
84,463,13:44,Jonathan DAVIES,28 OCT 1994,GBR,2.0,Armagh (GBR),13 FEB 2020,1054
85,463,13:44,Philip SESEMANN,03 OCT 1992,GBR,3.0,Armagh (GBR),13 FEB 2020,1054
86,463,13:44,Stan NIESTEN,19 NOV 1996,NED,6.0,Nijmegen (NED),19 JUL 2020,1054
87,463,13:44,Ben DIJKSTRA,31 OCT 1998,GBR,7.0,Barrowford (GBR),08 AUG 2020,1054
88,463,13:44,Tadesse GETAHON,20 DEC 1997,ISR,1.0,Tel Aviv (ISR),07 JAN 2021,1054
89,463,13:44,Benard Kibet YEGON,04 SEP 2003,KEN,18.0,Herzogenaurach (GER),30 APR 2022,1054
90,463,13:44,Gideon Kipkertich RONO,22 FEB 2003,KEN,5.0,Fukuoka (JPN),12 NOV 2022,1054
91,492,13:45,John Karanja WANJIKU,,KEN,1.0,"Frankfort, KY (USA)",04 JUL 2016,1051
92,493,13:45,Silas KIPRUTO,26 SEP 1984,KEN,2.0,"Frankfort, KY (USA)",04 JUL 2016,1051
93,494,13:45,Sydney MAREE,09 SEP 1956,USA,6.0,"Carlsbad, CA (USA)",25 MAR 1990,1050
94,494,13:45,Mauricio HERNÁNDEZ,30 NOV 1961,MEX,7.0,"Carlsbad, CA (USA)",25 MAR 1990,1050
95,494,13:45,Carey NELSON,04 JUN 1963,CAN,4.0,"Los Angeles, CA (USA)",03 MAR 1991,1050
96,494,13:45,John TREACY,04 JUN 1957,IRL,5.0,"Los Angeles, CA (USA)",03 MAR 1991,1050
97,494,13:45,Peter MCCOLGAN,20 FEB 1963,GBR,6.0,"Carlsbad, CA (USA)",14 APR 1991,1050
98,494,13:45,Ignacio FRAGOSO,06 FEB 1968,MEX,8.0,"Carlsbad, CA (USA)",29 MAR 1992,1050
99,494,13:45,Frank O'MARA,17 JUL 1960,IRL,9.0,"Carlsbad, CA (USA)",29 MAR 1992,1050
0,494,13:45,Marcus O'SULLIVAN,22 DEC 1961,IRL,10,"Carlsbad, CA (USA)",29 MAR 1992,1050
1,494,13:45,Gerardo ALCALA,28 JUN 1961,MEX,11,"Carlsbad, CA (USA)",29 MAR 1992,1050
2,494,13:45,Pablo OLMEDO,08 MAY 1975,MEX,7,"Carlsbad, CA (USA)",31 MAR 1996,1050
3,494,13:45,Tekeste KEBEDE,14 AUG 1981,ETH,6,"Syracuse, NY (USA)",06 OCT 2002,1050
4,494,13:45,Julius ROTICH,28 NOV 1974,KEN,4,Balmoral (GBR),08 MAY 2004,1050
5,494,13:45,Andrew BADDELEY,20 JUN 1982,GBR,1,London (GBR),13 SEP 2009,1050
6,494,13:45,Haile Tegen MENGESHA,1986,ETH,3,"Alton, IL (USA)",21 SEP 2013,1050
7,494,13:45,Tariku BEKELE,28 FEB 1987,ETH,7,"Carlsbad, CA (USA)",30 MAR 2014,1050
8,494,13:45,Nick MCCORMICK,11 SEP 1981,GBR,8,"Boston, MA (USA)",19 APR 2014,1050
9,494,13:45,Mustapha TACHFIT,1991,MAR,1,Beni Mellal (MAR),24 MAR 2018,1050
10,494,13:45,Paul CHELIMO,27 OCT 1990,USA,1,"New York, NY (USA)",03 NOV 2018,1050
11,494,13:45,Shadrack KIPCHIRCHIR,22 FEB 1989,USA,2,"New York, NY (USA)",03 NOV 2018,1050
12,494,13:45,Adam CRAIG,09 MAY 1995,GBR,2,Armagh (GBR),14 FEB 2019,1050
13,494,13:45,Sam STABLER,17 MAY 1992,GBR,3,Armagh (GBR),14 FEB 2019,1050
14,494,13:45,Yann SCHRUB,20 MAR 1996,FRA,3,Barcelona (ESP),31 DEC 2020,1050
15,494,13:45,Godadaw BELACHEW,22 JAN 1997,ISR,2,Tel Aviv (ISR),07 JAN 2021,1050
16,494,13:45,Samuel CHELANGA,23 FEB 1985,USA,7,"Boston, MA (USA)",16 APR 2022,1050
17,494,13:45,Dennis KIPKURUI,02 NOV 2004,KEN,19,Herzogenaurach (GER),30 APR 2022,1050
18,494,13:45,Thierry NDIKUMWENAYO,26 MAR 1997,ESP,11,"Adi-Dassler-Straße 1, Herzogenaurach (GER)",29 APR 2023,1050
19,520,13:46,Andrew BUMBALOUGH,14 MAR 1987,USA,1,"Providence, RI (USA)",22 SEP 2013,1047
20,521,13:46,Gerardo ALCALA,28 JUN 1961,MEX,5,"Carlsbad, CA (USA)",27 MAR 1988,1047
21,521,13:46,Brendan MATTHIAS,12 AUG 1969,CAN,1,"Fort Myers, FL (USA)",16 FEB 1991,1047
22,521,13:46,Steve TAYLOR,11 JUL 1965,USA,2,"Fort Myers, FL (USA)",16 FEB 1991,1047
23,521,13:46,Brian DIEMER,10 OCT 1961,USA,6,"Los Angeles, CA (USA)",03 MAR 1991,1047
24,521,13:46,Michał BARTOSZAK,21 JUN 1970,POL,2,"Carlsbad, CA (USA)",28 MAR 1993,1047
25,521,13:46,William Kiptum MUIGEI,30 MAR 1971,KEN,6,London (GBR),23 APR 1995,1047
26,521,13:46,Shannon BUTLER,24 JAN 1967,USA,8,"Carlsbad, CA (USA)",31 MAR 1996,1047
27,521,13:46,Philip MOSIMA,02 JAN 1977,KEN,1,Portsmouth (GBR),13 APR 1996,1047
28,521,13:46,John Karunga KAGWE,09 JAN 1969,KEN,14,"Providence, RI (USA)",14 SEP 1997,1047
29,521,13:46,Kamiel MAASE,20 OCT 1971,NED,3,"Los Angeles, CA (USA)",23 NOV 1997,1047
30,521,13:46,Jonathan WYATT,20 DEC 1972,NZL,2,"Gardena, CA (USA)",04 JUN 2000,1047
31,521,13:46,Alan CULPEPPER,15 SEP 1972,USA,11,"Carlsbad, CA (USA)",13 APR 2003,1047
32,521,13:46,Mohamed AMYN,25 MAR 1976,MAR,4,"Providence, RI (USA)",07 SEP 2003,1047
33,521,13:46,Alejandro SUÁREZ,30 NOV 1980,MEX,2,Mazatlán (MEX),29 NOV 2003,1047
34,521,13:46,Alejandro SUÁREZ,30 NOV 1980,MEX,7,"Carlsbad, CA (USA)",28 MAR 2004,1047
35,521,13:46,Simon NDIRANGU,01 NOV 1985,KEN,1,"Providence, RI (USA)",16 SEP 2007,1047
36,521,13:46,Collis BIRMINGHAM,27 DEC 1984,AUS,2,London (GBR),13 SEP 2009,1047
37,521,13:46,Chris THOMPSON,17 APR 1981,GBR,3,San José (USA),26 NOV 2009,1047
38,521,13:46,Samuel CHELANGA,23 FEB 1985,KEN,2,"Providence, RI (USA)",18 SEP 2011,1047
39,521,13:46,Aaron BRAUN,28 MAY 1987,USA,3,"Providence, RI (USA)",18 SEP 2011,1047
40,521,13:46,Lani RUTTO,29 MAR 1989,KEN,3,"Boston, MA (USA)",15 APR 2012,1047
41,521,13:46,Adrian BLINCOE,04 NOV 1979,NZL,4,"Boston, MA (USA)",15 APR 2012,1047
42,521,13:46,Mourad MAROUFIT,26 JAN 1982,MAR,1,"Wheeling, WV (USA)",17 AUG 2013,1047
43,521,13:46,Macdonald ONDARA,08 DEC 1984,KEN,4,"Alton, IL (USA)",21 SEP 2013,1047
44,521,13:46,Haron LAGAT,15 AUG 1983,KEN,9,"Boston, MA (USA)",19 APR 2014,1047
45,521,13:46,Chris O'HARE,23 NOV 1990,GBR,8,"Boston, MA (USA)",15 APR 2017,1047
46,521,13:46,Jonathan MELLOR,27 DEC 1986,GBR,4,Armagh (GBR),14 FEB 2019,1047
47,521,13:46,Justyn KNIGHT,19 JUL 1996,CAN,3,"Boston, MA (USA)",13 APR 2019,1047
48,521,13:46,Adam HICKEY,30 MAY 1988,GBR,3,Ipswich (GBR),11 MAY 2019,1047
49,521,13:46,Phil NORMAN,20 OCT 1989,GBR,4,Armagh (GBR),13 FEB 2020,1047
50,521,13:46,Jake SHELLEY,16 MAR 1991,GBR,5,Armagh (GBR),13 FEB 2020,1047
51,521,13:46,Jonathan BROWNLEE,30 APR 1990,GBR,8,Barrowford (GBR),08 AUG 2020,1047
52,521,13:46,Craig NOWAK,20 APR 1994,USA,3,"Memphis, TN (USA)",14 NOV 2020,1047
53,521,13:46,Andrew HEYES,22 JUN 1990,GBR,3f7,Barrowford (GBR),03 APR 2021,1047
54,521,13:46,Matthew KIBARUS,,KEN,5,Angers (FRA),24 APR 2021,1047
55,521,13:46,Vidar JOHANSSON,08 OCT 1996,SWE,3,Monaco (MON),13 FEB 2022,1047
56,557,13:47,Hillary TOO,1979,KEN,3,"Frankfort, KY (USA)",04 JUL 2016,1046
57,558,13:47,Simion CHIRCHIR,,KEN,4,"Frankfort, KY (USA)",04 JUL 2016,1044
58,559,13:47,Shadrack KIPTOO BIWOTT,19 FEB 1985,USA,4,San José (USA),28 NOV 2013,1044
59,560,13:47,Germán SILVA,09 JAN 1968,MEX,8,"Carlsbad, CA (USA)",25 MAR 1990,1043
60,560,13:47,Rafael MUNOZ,24 OCT 1963,MEX,7,"Carlsbad, CA (USA)",14 APR 1991,1043
61,560,13:47,William MUSYOKI,25 NOV 1966,KEN,3,"Carlsbad, CA (USA)",28 MAR 1993,1043
62,560,13:47,Josphat Machuka KIPRONO,12 DEC 1973,KEN,4,"Carlsbad, CA (USA)",02 APR 1995,1043
63,560,13:47,Ahmed Ibrahim WARSAMA,04 FEB 1966,QAT,9,"Carlsbad, CA (USA)",31 MAR 1996,1043
64,560,13:47,Francesco BENNICI,03 OCT 1971,ITA,1,Vipiteno (ITA),04 AUG 2001,1043
65,560,13:47,José David GALVÁN MARTÍNEZ,06 APR 1976,MEX,1,"Chula Vista, CA (USA)",27 OCT 2002,1043
66,560,13:47,Francis Kipkoech BOWEN,12 OCT 1973,KEN,2,"Binghamton, NY (USA)",28 AUG 2005,1043
67,560,13:47,Adam GOUCHER,18 FEB 1975,USA,4,"Providence, RI (USA)",11 SEP 2005,1043
68,560,13:47,Juan Luis BARRIOS,24 JUN 1983,MEX,1,"San José, CA (USA)",23 NOV 2006,1043
69,560,13:47,Richard KIPLAGAT,05 JAN 1981,KEN,2,"Providence, RI (USA)",16 SEP 2007,1043
70,560,13:47,Karim EL MABCHOUR,08 JUL 1982,MAR,2,"Little Rock, AR (USA)",04 JUL 2008,1043
71,560,13:47,Jordan HORN,17 APR 1984,USA,8,San José (USA),27 NOV 2008,1043
72,560,13:47,Scott BAUHS,11 MAY 1986,USA,3,San José (USA),25 NOV 2010,1043
73,560,13:47,Ibrahim JEILAN,12 JUN 1989,ETH,9,"Carlsbad, CA (USA)",07 APR 2013,1043
74,560,13:47,Stephen SAMBU,07 JUL 1988,KEN,5,"Boston, MA (USA)",14 APR 2013,1043
75,560,13:47,Leonard KORIR,10 DEC 1986,KEN,1,"Binghamton, NY (USA)",25 AUG 2013,1043
76,560,13:47,Bobby CURTIS,28 NOV 1984,USA,10,"Boston, MA (USA)",19 APR 2014,1043
77,560,13:47,Paul CHELIMO,27 OCT 1990,USA,2,"Carlsbad, CA (USA)",02 APR 2017,1043
78,560,13:47,Andrew HEYES,22 JUN 1990,GBR,9,"Boston, MA (USA)",15 APR 2017,1043
79,560,13:47,Sam PARSONS,18 JUN 1994,USA,1,San José (USA),22 NOV 2018,1043
80,560,13:47,Jack GRAY,10 APR 1993,GBR,4,Ipswich (GBR),11 MAY 2019,1043
81,560,13:47,Matthew BERGIN,02 MAR 1993,IRL,5,Ipswich (GBR),11 MAY 2019,1043
82,560,13:47,Matthew BERGIN,02 MAR 1993,IRL,6,Armagh (GBR),13 FEB 2020,1043
83,560,13:47,Brimin Kiprono KIPROTICH,20 AUG 1999,KEN,9,Herzogenaurach (GER),12 SEP 2021,1043
84,560,13:47,Etienne DAGUINOS,15 FEB 2000,FRA,6,Barcelona (ESP),31 DEC 2022,1043
85,586,13:48,Peter KOECH,18 FEB 1958,KEN,6,"Carlsbad, CA (USA)",27 MAR 1988,1040
86,586,13:48,Jay MARDEN,22 MAR 1963,USA,7,"Carlsbad, CA (USA)",27 MAR 1988,1040
87,586,13:48,Marcos BARRETO,25 APR 1960,MEX,8,"Carlsbad, CA (USA)",14 APR 1991,1040
88,586,13:48,Michał BARTOSZAK,21 JUN 1970,POL,11,"Carlsbad, CA (USA)",27 MAR 1994,1040
89,586,13:48,William KOECH,02 DEC 1961,KEN,7,London (GBR),23 APR 1995,1040
90,586,13:48,Paul William EVANS,13 APR 1961,GBR,2,Portsmouth (GBR),13 APR 1996,1040
91,586,13:48,Michele GAMBA,02 OCT 1972,ITA,,Vipitano (ITA),08 AUG 1999,1040
92,586,13:48,Teodoro VEGA,14 JUL 1976,MEX,12,"Carlsbad, CA (USA)",13 APR 2003,1040
93,586,13:48,John Yuda MSURI,09 JUN 1979,TAN,6,"Gardena, CA (USA)",01 JUN 2003,1040
94,586,13:48,Yevgeniy BOZHKO,01 JUN 1975,UKR,5,"Providence, RI (USA)",07 SEP 2003,1040
95,586,13:48,Dathan RITZENHEIN,30 DEC 1982,USA,7,"Carlsbad, CA (USA)",03 APR 2005,1040
96,586,13:48,Samuel KAMAU,1978,KEN,3,"Binghamton, NY (USA)",28 AUG 2005,1040
97,586,13:48,Anthony FAMIGLIETTI,08 NOV 1978,USA,5,"Providence, RI (USA)",11 SEP 2005,1040
98,586,13:48,Dan BROWNE,24 JUN 1975,USA,3,"Providence, RI (USA)",16 SEP 2007,1040
99,586,13:48,Bobby CURTIS,28 NOV 1984,USA,3,"Carlsbad, CA (USA)",03 APR 2011,1040
0,586,13:48,Juan Carlos ROMERO BERNAL,15 DEC 1977,MEX,10,"Carlsbad, CA (USA)",01 APR 2012,1040
1,586,13:48,Allan KIPRONO,15 FEB 1990,KEN,5,"Boston, MA (USA)",15 APR 2012,1040
2,586,13:48,Fadil MOHAMED,15 NOV 1981,MAR,8,"Carlsbad, CA (USA)",30 MAR 2014,1040
3,586,13:48,Philip Kiprono LANGAT,23 APR 1990,KEN,5,"Boston, MA (USA)",14 APR 2018,1040
4,586,13:48,Andrew HEYES,22 JUN 1990,GBR,5,Armagh (GBR),14 FEB 2019,1040
5,586,13:48,Anthony ROTICH,20 OCT 1990,USA,1,"New York, NY (USA)",02 NOV 2019,1040
6,586,13:48,Nigel MARTIN,23 MAR 1987,GBR,7,Armagh (GBR),13 FEB 2020,1040
7,586,13:48,Djilali BEDRANI,01 OCT 1993,FRA,4,Barcelona (ESP),31 DEC 2020,1040
8,586,13:48,Emmanuel ROUDOLFF,30 JUL 1995,FRA,8,Monaco (MON),14 FEB 2021,1040
9,586,13:48,Andreas VOJTA,09 JUN 1989,AUT,9,Monaco (MON),14 FEB 2021,1040
10,586,13:48,Thijs NIJHUIS,20 SEP 1992,DEN,10,Monaco (MON),14 FEB 2021,1040
11,586,13:48,Robert Kiprop KOECH,25 FEB 1997,KEN,10,Herzogenaurach (GER),12 SEP 2021,1040
12,586,13:48,Arnaud DELY,22 JAN 1997,BEL,4,Monaco (MON),13 FEB 2022,1040
13,586,13:48,Lesia NIXON,,KEN,6,Fukuoka (JPN),12 NOV 2022,1040
14,586,13:48,Jesús RAMOS,29 APR 1996,ESP,1,Santander (ESP),14 MAY 2023,1040
15,616,13:49,Samson OBWOCHA,07 OCT 1954,KEN,9,"Carlsbad, CA (USA)",25 MAR 1990,1037
16,616,13:49,Eduardo NAVAS,13 OCT 1958,VEN,3,"Fort Myers, FL (USA)",16 FEB 1991,1037
17,616,13:49,Hector PEREZ,12 OCT 2004,MEX,9,"Carlsbad, CA (USA)",14 APR 1991,1037
18,616,13:49,Stephenson NYAMU,20 NOV 1971,KEN,1,"Providence, RI (USA)",16 OCT 1994,1037
19,616,13:49,Keith ANDERSON,10 AUG 1957,GBR,8,London (GBR),23 APR 1995,1037
20,616,13:49,Ronaldo DA COSTA,07 JUN 1970,BRA,10,"Carlsbad, CA (USA)",31 MAR 1996,1037
21,616,13:49,Abdellah ABDELHAQ,13 AUG 1968,FRA,15,"Providence, RI (USA)",14 SEP 1997,1037
22,616,13:49,Berhanu ADENE,07 SEP 1975,ETH,7,"Carlsbad, CA (USA)",07 APR 2002,1037
23,616,13:49,Moses MACHIRIA,1973,KEN,3,"Austin, TX (USA)",13 APR 2003,1037
24,616,13:49,Isaac Kemboi KIMAIYO,28 NOV 1978,KEN,3,Mazatlán (MEX),29 NOV 2003,1037
25,616,13:49,Cathal LOMBARD,12 FEB 1976,IRL,8,"Carlsbad, CA (USA)",28 MAR 2004,1037
26,616,13:49,Abraham CHEBII,23 DEC 1979,KEN,6,"Carlsbad, CA (USA)",09 APR 2006,1037
27,616,13:49,Josphat BOIT,28 DEC 1982,KEN,2,"San José, CA (USA)",23 NOV 2006,1037
28,616,13:49,Jordan MCNAMARA,07 MAR 1987,USA,4,"San José, CA (USA)",24 NOV 2011,1037
29,616,13:49,Dathan RITZENHEIN,30 DEC 1982,USA,5,"San José, CA (USA)",24 NOV 2011,1037
30,616,13:49,Diego Alberto BORREGO,01 SEP 1988,MEX,11,"Carlsbad, CA (USA)",01 APR 2012,1037
31,616,13:49,Aaron BRAUN,28 MAY 1987,USA,6,"Boston, MA (USA)",15 APR 2012,1037
32,616,13:49,Joe STILIN,05 DEC 1989,USA,10,"Boston, MA (USA)",15 APR 2017,1037
33,616,13:49,Matthew MCCLINTOCK,06 JAN 1994,USA,11,"Boston, MA (USA)",15 APR 2017,1037
34,616,13:49,Haron LAGAT,15 AUG 1983,USA,4,San José (USA),23 NOV 2017,1037
35,616,13:49,Alex MONROE,30 MAR 1992,USA,5,San José (USA),23 NOV 2017,1037
36,616,13:49,Luis VARGAS,,USA,6,"Boston, MA (USA)",14 APR 2018,1037
37,616,13:49,Edwin KIBICHIY,02 APR 1992,KEN,2,San José (USA),22 NOV 2018,1037
38,616,13:49,Benjamin FLANAGAN,11 JAN 1995,CAN,4,"Boston, MA (USA)",13 APR 2019,1037
39,616,13:49,Graham RUSH,08 SEP 1982,GBR,6,Ipswich (GBR),11 MAY 2019,1037
40,616,13:49,Aaron TEMPLETON,23 OCT 1995,USA,2,"New York, NY (USA)",02 NOV 2019,1037
41,616,13:49,Krystian ZALEWSKI,11 APR 1989,POL,8,Armagh (GBR),13 FEB 2020,1037
42,616,13:49,Girma MECHESO,16 JAN 1988,USA,4,"Memphis, TN (USA)",14 NOV 2020,1037
43,616,13:49,Mehdi FRÈRE,27 JUL 1996,FRA,11,Monaco (MON),14 FEB 2021,1037
44,616,13:49,Abraham KIBIWOT,06 APR 1996,KEN,11,Herzogenaurach (GER),12 SEP 2021,1037
45,616,13:49,Florian CARVALHO DE FONSESCO,09 MAR 1989,FRA,20,Herzogenaurach (GER),30 APR 2022,1037
46,616,13:49,Abdullahi Dahir RABI,27 MAR 2003,NOR,7,Monaco (MON),12 FEB 2023,1037
47,648,13:50,Aaron BRAUN,28 MAY 1987,USA,2,"Providence, RI (USA)",22 SEP 2013,1035
48,649,13:50,Matt TEGENKAMP,19 JAN 1982,USA,3,"Providence, RI (USA)",22 SEP 2013,1034
49,650,13:50,Eddie WEDDERBURN,06 DEC 1960,GBR,8,"Carlsbad, CA (USA)",27 MAR 1988,1033
50,650,13:50,Marc DAVIS,17 DEC 1969,USA,4,"Carlsbad, CA (USA)",28 MAR 1993,1033
51,650,13:50,Pablo OLMEDO,08 MAY 1975,MEX,5,"Carlsbad, CA (USA)",02 APR 1995,1033
52,650,13:50,Pat PORTER,31 MAY 1959,USA,11,"Carlsbad, CA (USA)",31 MAR 1996,1033
53,650,13:50,Paul MBUGUA,15 DEC 1962,KEN,16,"Providence, RI (USA)",14 SEP 1997,1033
54,650,13:50,Philemon HANNECK,12 MAY 1971,ZIM,8,"Carlsbad, CA (USA)",29 MAR 1998,1033
55,650,13:50,Henry KIPCHIRCHIR,31 MAY 1983,KEN,2,"Little Rock, AR (USA)",04 JUL 2003,1033
56,650,13:50,Chris DAVIES,19 OCT 1976,GBR,5,Balmoral (GBR),08 MAY 2004,1033
57,650,13:50,Richard KIPLAGAT,05 JAN 1981,KEN,1,"Providence, RI (USA)",17 SEP 2006,1033
58,650,13:50,Rod KOBORSI,04 OCT 1983,USA,4,"Providence, RI (USA)",16 SEP 2007,1033
59,650,13:50,Shadrack KOSGEI,24 NOV 1984,KEN,6,"Carlsbad, CA (USA)",06 APR 2008,1033
60,650,13:50,Matt TEGENKAMP,19 JAN 1982,USA,2,"Providence, RI (USA)",21 SEP 2008,1033
61,650,13:50,Kevin CHELIMO,14 FEB 1983,KEN,4,San José (USA),26 NOV 2009,1033
62,650,13:50,Diego ESTRADA,19 DEC 1989,USA,4,San José (USA),25 NOV 2010,1033
63,650,13:50,Juan Carlos ROMERO BERNAL,15 DEC 1977,MEX,4,"Carlsbad, CA (USA)",03 APR 2011,1033
64,650,13:50,Kevin CHELIMO,14 FEB 1983,KEN,4,"Providence, RI (USA)",18 SEP 2011,1033
65,650,13:50,Elijah Muturi KARANJA,10 MAY 1981,KEN,5,"Alton, IL (USA)",21 SEP 2013,1033
66,650,13:50,Cleophas NGETICH,1989,KEN,1,"Wheeling, WV (USA)",02 AUG 2014,1033
67,650,13:50,Samuel CHELANGA,23 FEB 1985,KEN,4,"Carlsbad, CA (USA)",29 MAR 2015,1033
68,650,13:50,Scott FAUBLE,05 NOV 1991,USA,7,"Boston, MA (USA)",14 APR 2018,1033
69,650,13:50,Philip SESEMANN,03 OCT 1992,GBR,6,Armagh (GBR),14 FEB 2019,1033
70,650,13:50,Eric JENKINS,24 NOV 1991,USA,3,"New York, NY (USA)",02 NOV 2019,1033
71,650,13:50,Ryan GREGSON,26 APR 1990,AUS,1f1,Milton Keynes (GBR),27 SEP 2020,1033
72,650,13:50,Jacob THOMSON,29 NOV 1994,USA,5,"Memphis, TN (USA)",14 NOV 2020,1033
73,650,13:50,Hicham SIGUENI,30 JAN 1993,MAR,5,Barcelona (ESP),31 DEC 2020,1033
74,650,13:50,Yimer GETAHUN,28 JUN 1992,ISR,3,Tel Aviv (ISR),07 JAN 2021,1033
75,650,13:50,Pietro RIVA,01 MAY 1997,ITA,6,Angers (FRA),24 APR 2021,1033
76,650,13:50,Hyuga ENDO,05 AUG 1998,JPN,7,Fukuoka (JPN),12 NOV 2022,1033
77,678,13:51,Steve SCOTT,05 MAY 1956,USA,10,"Carlsbad, CA (USA)",25 MAR 1990,1030
78,678,13:51,Bob WHELAN,06 AUG 1968,USA,4,"Fort Myers, FL (USA)",16 FEB 1991,1030
79,678,13:51,Greg WHITELEY,06 JAN 1967,USA,7,"Los Angeles, CA (USA)",03 MAR 1991,1030
80,678,13:51,Marcos BARRETO,25 APR 1960,MEX,2,Freeport (BAH),29 FEB 1992,1030
81,678,13:51,Dan NELSON,15 MAY 1964,USA,5,"Carlsbad, CA (USA)",28 MAR 1993,1030
82,678,13:51,John GREGOREK,15 APR 1960,USA,12,"Carlsbad, CA (USA)",27 MAR 1994,1030
83,678,13:51,Adrian PASSEY,02 SEP 1964,GBR,9,London (GBR),23 APR 1995,1030
84,678,13:51,Paulo GUERRA,21 AUG 1970,POR,3,Portsmouth (GBR),13 APR 1996,1030
85,678,13:51,Simeon SAWE,23 MAR 1974,KEN,17,"Providence, RI (USA)",14 SEP 1997,1030
86,678,13:51,Berhanu ADENE,07 SEP 1975,ETH,8,"Carlsbad, CA (USA)",26 MAR 2000,1030
87,678,13:51,Alfred RUGEMA,20 APR 1980,BDI,4,"Austin, TX (USA)",13 APR 2003,1030
88,678,13:51,Anthony FAMIGLIETTI,08 NOV 1978,USA,2,"Providence, RI (USA)",17 SEP 2006,1030
89,678,13:51,Alene Emere RETA,25 JUN 1982,ETH,3,"New Milford, CT (USA)",01 JUN 2007,1030
90,678,13:51,Reyes ESTÉVEZ,02 AUG 1976,ESP,1,Lloret de Mar (ESP),30 DEC 2007,1030
91,678,13:51,John Cheruiyot KORIR,15 DEC 1975,KEN,1,"New Milford, CT (USA)",06 JUN 2008,1030
92,678,13:51,Alistair Ian CRAGG,13 JUN 1980,IRL,5,San José (USA),26 NOV 2009,1030
93,678,13:51,Scott SMITH,13 JUL 1986,USA,5,San José (USA),25 NOV 2010,1030
94,678,13:51,Robert CHESERET,08 OCT 1983,USA,5,"Providence, RI (USA)",18 SEP 2011,1030
95,678,13:51,Joseph KIBIWOTT NGETICH,1985,KEN,1,Jerez (MEX),05 MAY 2013,1030
96,678,13:51,Julius Kibet KOSKEI,06 APR 1982,KEN,2,"Binghamton, NY (USA)",25 AUG 2013,1030
97,678,13:51,Patrick CHEPTOEK,09 APR 1986,UGA,6,"Alton, IL (USA)",21 SEP 2013,1030
98,678,13:51,Łukasz PARSZCZYŃSKI,04 MAY 1985,POL,1,Warszawa (POL),15 JUN 2014,1030
99,678,13:51,Craig LUTZ,07 NOV 1992,USA,1,"Phoenix, AZ (USA)",01 NOV 2015,1030
0,678,13:51,Reid BUCHANAN,03 FEB 1993,USA,7,San José (USA),24 NOV 2016,1030
1,678,13:51,Sam MCENTEE,03 FEB 1992,AUS,3,"Carlsbad, CA (USA)",02 APR 2017,1030
2,678,13:51,Jaouad TOUGANE,10 JAN 1989,MAR,2,Beni Mellal (MAR),24 MAR 2018,1030
3,678,13:51,Reid BUCHANAN,03 FEB 1993,USA,8,"Boston, MA (USA)",14 APR 2018,1030
4,678,13:51,Connor WINTER,18 FEB 1993,USA,3,San José (USA),22 NOV 2018,1030
5,678,13:51,Graham RUSH,08 SEP 1982,GBR,7,Armagh (GBR),14 FEB 2019,1030
6,678,13:51,Alexander TEUTEN,03 JAN 1992,GBR,7,Ipswich (GBR),11 MAY 2019,1030
7,678,13:51,Roger POOLMAN,01 JAN 1992,GBR,8,Ipswich (GBR),11 MAY 2019,1030
8,678,13:51,Sheldon GRANT,,GBR,9,Barrowford (GBR),08 AUG 2020,1030
9,678,13:51,Girmaw AMARE,26 OCT 1987,ISR,4,Tel Aviv (ISR),07 JAN 2021,1030
10,678,13:51,Ole HESSELBJERG,23 APR 1990,DEN,12,Monaco (MON),14 FEB 2021,1030
11,678,13:51,Frederik RUPPERT,19 FEB 1997,GER,1,Leverkusen (GER),05 MAR 2023,1030
12,713,13:52,Terry COTTON,07 AUG 1954,USA,9,"Carlsbad, CA (USA)",27 MAR 1988,1026
13,713,13:52,Ignacio FRAGOSO,06 FEB 1968,MEX,8,"Los Angeles, CA (USA)",03 MAR 1991,1026
14,713,13:52,Paul WILLIAMS,07 AUG 1956,CAN,10,"Carlsbad, CA (USA)",14 APR 1991,1026
15,713,13:52,Steve SCOTT,05 MAY 1956,USA,11,"Carlsbad, CA (USA)",14 APR 1991,1026
16,713,13:52,William MUSYOKI,25 NOV 1966,KEN,3,Freeport (BAH),29 FEB 1992,1026
17,713,13:52,Michał BARTOSZAK,21 JUN 1970,POL,2,"Providence, RI (USA)",16 OCT 1994,1026
18,713,13:52,Jeff SCHIEBLER,01 JUN 1973,CAN,6,"Carlsbad, CA (USA)",02 APR 1995,1026
19,713,13:52,Edgar Martins DE OLIVEIRA,11 NOV 1967,BRA,12,"Carlsbad, CA (USA)",31 MAR 1996,1026
20,713,13:52,Brahim JABBOUR,02 OCT 1970,MAR,4,"Carlsbad, CA (USA)",13 APR 1997,1026
21,713,13:52,Stephen KIOGORA,10 NOV 1974,KEN,3,"Gardena, CA (USA)",04 JUN 2000,1026
22,713,13:52,Janko BENŠA,28 JUN 1977,YUG,1,"Dallas, TX (USA)",17 JUN 2000,1026
23,713,13:52,Elarbi KHATTABI,16 MAY 1967,MAR,6,"Providence, RI (USA)",07 SEP 2003,1026
24,713,13:52,Paul MWANGI,17 MAY 1967,KEN,7,"Providence, RI (USA)",07 SEP 2003,1026
25,713,13:52,Ryan HALL,14 OCT 1982,USA,3,"San José, CA (USA)",23 NOV 2006,1026
26,713,13:52,Nelson KIPLAGAT BIRGEN,28 FEB 1980,KEN,1,"Rehoboth Beach, DE (USA)",05 AUG 2007,1026
27,713,13:52,Nelson KIPLAGAT BIRGEN,28 FEB 1980,KEN,5,"Providence, RI (USA)",16 SEP 2007,1026
28,713,13:52,José Luis BLANCO,03 JUN 1975,ESP,2,Lloret de Mar (ESP),30 DEC 2007,1026
29,713,13:52,Luke KIPKOSGEI,27 NOV 1975,KEN,2,"New Milford, CT (USA)",06 JUN 2008,1026
30,713,13:52,Peter KOSGEI,03 FEB 1983,KEN,3,"Little Rock, AR (USA)",04 JUL 2008,1026
31,713,13:52,Girma TOLA,19 OCT 1974,ETH,1,"Binghamton, NY (USA)",24 AUG 2008,1026
32,713,13:52,Juan Luis BARRIOS,24 JUN 1983,MEX,7,"Carlsbad, CA (USA)",11 APR 2010,1026
33,713,13:52,Simon NDIRANGU,01 NOV 1985,KEN,1,"Binghamton, NY (USA)",29 AUG 2010,1026
34,713,13:52,Aron RONO,01 NOV 1982,KEN,6,San José (USA),25 NOV 2010,1026
35,713,13:52,Jordan HORN,17 APR 1984,USA,7,San José (USA),25 NOV 2010,1026
36,713,13:52,Michael KILBURG,09 APR 1985,USA,8,San José (USA),25 NOV 2010,1026
37,713,13:52,Harbert OKUTI,25 OCT 1985,UGA,6,"Providence, RI (USA)",18 SEP 2011,1026
38,713,13:52,Stephen PIFER,07 DEC 1984,USA,7,"Providence, RI (USA)",18 SEP 2011,1026
39,713,13:52,Bobby CURTIS,28 NOV 1984,USA,7,"Boston, MA (USA)",15 APR 2012,1026
40,713,13:52,Ben TRUE,29 DEC 1985,USA,1,"Providence, RI (USA)",16 SEP 2012,1026
41,713,13:52,Brett ROBINSON,08 MAY 1991,AUS,6,"Boston, MA (USA)",14 APR 2013,1026
42,713,13:52,Cole ATKINS,21 NOV 1985,USA,5,San José (USA),28 NOV 2013,1026
43,713,13:52,Garrett HEATH,03 NOV 1985,USA,1,San José (USA),27 NOV 2014,1026
44,713,13:52,Geoffrey KENISI,1987,KEN,1,Mazatlán (MEX),29 NOV 2014,1026
45,713,13:52,Rob MULLETT,31 JUL 1987,GBR,8,San José (USA),24 NOV 2016,1026
46,713,13:52,Eliud N'GETICH,12 NOV 1993,KEN,9,San José (USA),24 NOV 2016,1026
47,713,13:52,Brian BARRAZA,16 MAY 1995,USA,10,San José (USA),24 NOV 2016,1026
48,713,13:52,Jack GRAY,10 APR 1993,GBR,8,Armagh (GBR),14 FEB 2019,1026
49,713,13:52,Edwin KIBICHIY,02 APR 1992,KEN,2,"Wheeling, WV (USA)",04 AUG 2019,1026
50,713,13:52,Adam CRAIG,09 MAY 1995,GBR,1,Kingsley (GBR),28 AUG 2020,1026
51,713,13:52,Eric JENKINS,24 NOV 1991,USA,1,Wigan (GBR),05 OCT 2020,1026
52,713,13:52,Pol ORIACH,20 SEP 2002,ESP,6,Barcelona (ESP),31 DEC 2020,1026
53,713,13:52,Maru TEFERI,17 AUG 1992,ISR,5,Tel Aviv (ISR),07 JAN 2021,1026
54,713,13:52,Jonathan BROWNLEE,30 APR 1990,GBR,4f7,Barrowford (GBR),03 APR 2021,1026
55,713,13:52,Christopher PERHAM,24 FEB 1995,GBR,5f7,Barrowford (GBR),03 APR 2021,1026
56,713,13:52,Aaron TEMPLETON,23 OCT 1995,USA,8,"Boston, MA (USA)",16 APR 2022,1026
57,713,13:52,Yohei IKEDA,22 JUN 1998,JPN,1,Tokyo (JPN),26 MAR 2023,1026
58,759,13:53,Paul RUGUT,1962,KEN,10,"Carlsbad, CA (USA)",27 MAR 1988,1023
59,759,13:53,John GREGOREK,15 APR 1960,USA,1,"Fort Myers, FL (USA)",15 FEB 1992,1023
60,759,13:53,John HALVORSEN,17 AUG 1966,NOR,4,Freeport (BAH),29 FEB 1992,1023
61,759,13:53,Michał BARTOSZAK,21 JUN 1970,POL,1,"Chicago, IL (USA)",31 OCT 1993,1023
62,759,13:53,Ian ROBINSON,21 APR 1969,GBR,13,"Carlsbad, CA (USA)",31 MAR 1996,1023
63,759,13:53,James MENON,06 DEC 1972,USA,9,"Carlsbad, CA (USA)",29 MAR 1998,1023
64,759,13:53,Boaz CHEBOIYWO,02 AUG 1978,KEN,6,"Providence, RI (USA)",16 SEP 2007,1023
65,759,13:53,Wegayehu Girma TEFERA,28 SEP 1988,ETH,3,"New Milford, CT (USA)",06 JUN 2008,1023
66,759,13:53,Abiyot Abebe ZEREYOHANES,14 JUN 1987,ETH,1,"Baltimore, MD (USA)",11 OCT 2008,1023
67,759,13:53,Alene Emere RETA,25 JUN 1982,ETH,1,"Manchester, NH (USA)",13 AUG 2009,1023
68,759,13:53,Ali ABDOSH,25 AUG 1987,ETH,8,"Carlsbad, CA (USA)",11 APR 2010,1023
69,759,13:53,Collis BIRMINGHAM,27 DEC 1984,AUS,1,Noosa (AUS),29 OCT 2011,1023
70,759,13:53,Chris THOMPSON,17 APR 1981,GBR,1,"New York, NY (USA)",05 NOV 2011,1023
71,759,13:53,Aaron BRAUN,28 MAY 1987,USA,2,"New York, NY (USA)",05 NOV 2011,1023
72,759,13:53,Andrew BUMBALOUGH,14 MAR 1987,USA,2,"Providence, RI (USA)",16 SEP 2012,1023
73,759,13:53,Patrick CASEY,23 MAY 1990,USA,2,San José (USA),27 NOV 2014,1023
74,759,13:53,Diego ESTRADA,19 DEC 1989,USA,3,San José (USA),27 NOV 2014,1023
75,759,13:53,Joseph Kitur KIPLIMO,20 JUL 1988,KEN,5,"Carlsbad, CA (USA)",29 MAR 2015,1023
76,759,13:53,Dominic MUSYIMI,23 DEC 1989,KEN,1,Warszawa (POL),11 JUN 2016,1023
77,759,13:53,Andy VERNON,07 JAN 1986,GBR,4,"Carlsbad, CA (USA)",02 APR 2017,1023
78,759,13:53,Stewart MCSWEYN,01 JUN 1995,AUS,5,"Carlsbad, CA (USA)",02 APR 2017,1023
79,759,13:53,Mohamed HREZI,28 OCT 1991,LBA,9,"Boston, MA (USA)",14 APR 2018,1023
80,759,13:53,Stanley Kipkoech KEBENEI,06 NOV 1989,USA,3,"New York, NY (USA)",03 NOV 2018,1023
81,759,13:53,Nigel MARTIN,23 MAR 1987,GBR,9,Armagh (GBR),14 FEB 2019,1023
82,759,13:53,Kieran CLEMENTS,20 NOV 1993,GBR,10,Armagh (GBR),14 FEB 2019,1023
83,759,13:53,Krystian ZALEWSKI,11 APR 1989,POL,3,Monaco (MON),17 FEB 2019,1023
84,759,13:53,Gabriel Gerald GEAY,10 SEP 1996,TAN,5,"Boston, MA (USA)",13 APR 2019,1023
85,759,13:53,Shadrack KIPCHIRCHIR,22 FEB 1989,USA,4,"New York, NY (USA)",02 NOV 2019,1023
86,759,13:53,Jamie CROWE,09 JUN 1995,GBR,9,Armagh (GBR),13 FEB 2020,1023
87,759,13:53,Dereje CHEKOLE,13 JUL 2000,ISR,6,Tel Aviv (ISR),07 JAN 2021,1023
88,759,13:53,Cameron MAIN,1999,GBR,6f7,Barrowford (GBR),03 APR 2021,1023
89,759,13:53,Youssef BEN HADI,1994,MAR,1,Ibiza (ESP),11 APR 2021,1023
90,759,13:53,Andrew HUNTER,05 SEP 1997,USA,1,"New York, NY (USA)",06 NOV 2021,1023
91,759,13:53,Matthew CENTROWITZ,18 OCT 1989,USA,2,"New York, NY (USA)",06 NOV 2021,1023
92,759,13:53,Sydney GIDABUDAY,21 AUG 1996,USA,3,"New York, NY (USA)",06 NOV 2021,1023
93,759,13:53,Etienne DAGUINOS,15 FEB 2000,FRA,5,Málaga (ESP),24 APR 2022,1023
94,759,13:53,Arthur GERVAIS,28 FEB 2000,FRA,5,Lille (FRA),01 OCT 2022,1023
95,759,13:53,Jack RAYNER,19 DEC 1995,AUS,1,Noosa (AUS),29 OCT 2022,1023
96,759,13:53,Antonin MARQUANT,12 MAY 2002,FRA,13,Lille (FRA),19 MAR 2023,1023
97,759,13:53,Hiroto HAYASHIDA,22 JUN 2001,JPN,2,Tokyo (JPN),26 MAR 2023,1023
98,759,13:53,Kasey KNEVELBAARD,,USA,18,"Boston, MA (USA)",15 APR 2023,1023
99,759,13:53,Samuel FIREWU,03 MAY 2004,ETH,12,"Adi-Dassler-Straße 1, Herzogenaurach (GER)",29 APR 2023,1023
0,801,13:54,Alistair Ian CRAGG,13 JUN 1980,IRL,4,"Providence, RI (USA)",22 SEP 2013,1020
1,802,13:54,Ray WICKSELL,11 APR 1957,USA,11,"Carlsbad, CA (USA)",27 MAR 1988,1020
2,802,13:54,Gerry CURTIS,18 MAY 1959,IRL,9,"Los Angeles, CA (USA)",03 MAR 1991,1020
3,802,13:54,Terry BRAHM,21 NOV 1962,USA,10,"Los Angeles, CA (USA)",03 MAR 1991,1020
4,802,13:54,Gerardo ALCALA,28 JUN 1961,MEX,6,"Carlsbad, CA (USA)",28 MAR 1993,1020
5,802,13:54,Risto ULMALA,07 MAY 1963,FIN,3,"Providence, RI (USA)",16 OCT 1994,1020
6,802,13:54,Tim GARGIULO,02 FEB 1968,USA,7,"Carlsbad, CA (USA)",02 APR 1995,1020
7,802,13:54,Abdellah BÉHAR,05 JUL 1963,FRA,5,"Carlsbad, CA (USA)",13 APR 1997,1020
8,802,13:54,Jason STEWART,22 APR 1972,USA,10,"Carlsbad, CA (USA)",29 MAR 1998,1020
9,802,13:54,Pablo OLMEDO,08 MAY 1975,MEX,10,"Carlsbad, CA (USA)",01 APR 2001,1020
10,802,13:54,Bolota ASMEROM,12 OCT 1978,USA,2,"Chula Vista, CA (USA)",27 OCT 2002,1020
11,802,13:54,Bouabdellah TAHRI,20 DEC 1978,FRA,1,Metz (FRA),14 MAR 2004,1020
12,802,13:54,Nelson KIPLAGAT BIRGEN,28 FEB 1980,KEN,2,"Austin, TX (USA)",25 APR 2004,1020
13,802,13:54,Luke KIPKOSGEI,27 NOV 1975,KEN,8,"Carlsbad, CA (USA)",03 APR 2005,1020
14,802,13:54,Wifred Kipkoech TARAGON,09 JUN 1985,KEN,1,Horwich (GBR),26 JUN 2005,1020
15,802,13:54,Tewodros SHIFERAW,21 SEP 1980,ETH,1,Horwich (GBR),18 JUN 2006,1020
16,802,13:54,Pat TARPY,17 JUN 1982,USA,7,"Providence, RI (USA)",16 SEP 2007,1020
17,802,13:54,Dereje TADESSE,24 JAN 1987,ETH,4,"New Milford, CT (USA)",06 JUN 2008,1020
18,802,13:54,Karim EL MABCHOUR,08 JUL 1982,MAR,2,"Binghamton, NY (USA)",24 AUG 2008,1020
19,802,13:54,Stephen HALLINAN,16 MAR 1986,USA,2,"Baltimore, MD (USA)",11 OCT 2008,1020
20,802,13:54,Mark FOUNTAIN,10 MAR 1982,AUS,9,San José (USA),27 NOV 2008,1020
21,802,13:54,David NIGHTINGALE,09 DEC 1985,USA,1,Armagh (GBR),19 FEB 2009,1020
22,802,13:54,Robert CHESERET,08 OCT 1983,USA,3,"Providence, RI (USA)",16 SEP 2012,1020
23,802,13:54,Eliud N'GETICH,12 NOV 1993,KEN,7,"Alton, IL (USA)",21 SEP 2013,1020
24,802,13:54,Shadrack KOSGEI,24 NOV 1984,KEN,1,"Frankfort, KY (USA)",04 JUL 2015,1020
25,802,13:54,Philip Kiprono LANGAT,23 APR 1990,KEN,4,"Boston, MA (USA)",16 APR 2016,1020
26,802,13:54,Diego ESTRADA,19 DEC 1989,USA,5,"Boston, MA (USA)",16 APR 2016,1020
27,802,13:54,Jordan GUSMAN,30 JAN 1994,AUS,4,San José (USA),22 NOV 2018,1020
28,802,13:54,David Kiprotich BETT,18 OCT 1992,KEN,2,"Carlsbad, CA (USA)",06 APR 2019,1020
29,802,13:54,Kieran CLEMENTS,20 NOV 1993,GBR,9,Ipswich (GBR),11 MAY 2019,1020
30,802,13:54,Jordan MANN,12 JAN 1993,USA,5,"New York, NY (USA)",02 NOV 2019,1020
31,802,13:54,Stephen KIPKOECH,,KEN,7,Lille (FRA),09 NOV 2019,1020
32,802,13:54,Aaron TEMPLETON,23 OCT 1995,USA,1,"San José, CA (USA)",28 NOV 2019,1020
33,802,13:54,Chris PARR,13 NOV 1984,GBR,10,Armagh (GBR),13 FEB 2020,1020
34,802,13:54,Jonathan HOPKINS,03 JUN 1992,GBR,11,Armagh (GBR),13 FEB 2020,1020
35,802,13:54,Graham RUSH,08 SEP 1982,GBR,12,Armagh (GBR),13 FEB 2020,1020
36,802,13:54,Peter HERZOG,01 AUG 1987,AUT,1f2,Berlin (GER),12 JUL 2020,1020
37,802,13:54,Alexis MIELLET,05 MAY 1995,FRA,13,Monaco (MON),14 FEB 2021,1020
38,802,13:54,Raphael MONTOYA,24 NOV 1995,FRA,14,Monaco (MON),14 FEB 2021,1020
39,802,13:54,Graham CRAWFORD,29 DEC 1992,USA,4,"New York, NY (USA)",06 NOV 2021,1020
40,841,13:55,Maurice SMITH,20 NOV 1962,USA,11,"Carlsbad, CA (USA)",25 MAR 1990,1016
41,841,13:55,John CAMPBELL,06 FEB 1949,NZL,5,"Fort Myers, FL (USA)",16 FEB 1991,1016
42,841,13:55,Mauricio HERNÁNDEZ,30 NOV 1961,MEX,11,"Los Angeles, CA (USA)",03 MAR 1991,1016
43,841,13:55,Brian ABSHIRE,14 NOV 1963,USA,15,"Carlsbad, CA (USA)",27 MAR 1994,1016
44,841,13:55,Paul MWANGI,17 MAY 1967,KEN,4,"Providence, RI (USA)",16 OCT 1994,1016
45,841,13:55,Shane HEALY,05 OCT 1968,IRL,8,"Carlsbad, CA (USA)",02 APR 1995,1016
46,841,13:55,Matt GIUSTO,25 OCT 1966,USA,6,"Carlsbad, CA (USA)",13 APR 1997,1016
47,841,13:55,Joseph Nginyi KARIUKI,18 JAN 1970,KEN,18,"Providence, RI (USA)",14 SEP 1997,1016
48,841,13:55,Wilhelm GIDABUDAY,02 JUL 1976,TAN,11,"Carlsbad, CA (USA)",29 MAR 1998,1016
49,841,13:55,Shadrack HOFF,19 MAY 1973,RSA,1,"Austin, TX (USA)",21 APR 2002,1016
50,841,13:55,Sammy NYAMONGO,05 DEC 1976,KEN,2,"Austin, TX (USA)",21 APR 2002,1016
51,841,13:55,Kim GILLARD,18 AUG 1970,AUS,5,"Austin, TX (USA)",13 APR 2003,1016
52,841,13:55,Andrew LETHERBY,19 SEP 1973,AUS,7,"Gardena, CA (USA)",01 JUN 2003,1016
53,841,13:55,Joseph MWAI,03 MAY 1983,KEN,1,"Manchester, NH (USA)",14 AUG 2003,1016
54,841,13:55,Wifred Kipkoech TARAGON,09 JUN 1985,KEN,6,Balmoral (GBR),08 MAY 2004,1016
55,841,13:55,Paul MORRISON,25 SEP 1980,CAN,5,"Providence, RI (USA)",11 SEP 2005,1016
56,841,13:55,Boaz CHEBOIYWO,02 AUG 1978,KEN,4,"Carlsbad, CA (USA)",01 APR 2007,1016
57,841,13:55,Linus Kipkosgei MAIYO,26 FEB 1983,KEN,5,"New Milford, CT (USA)",06 JUN 2008,1016
58,841,13:55,Edward MUGE,26 JUN 1983,KEN,1,"Irvine, CA (USA)",20 JUL 2008,1016
59,841,13:55,Deresse DENBOBA,15 MAY 1982,ETH,3,"Binghamton, NY (USA)",24 AUG 2008,1016
60,841,13:55,David TORRENCE,26 NOV 1985,USA,10,San José (USA),27 NOV 2008,1016
61,841,13:55,Phillip REID,25 NOV 1985,USA,6,San José (USA),26 NOV 2009,1016
62,841,13:55,Haron LAGAT,15 AUG 1983,KEN,5,"Carlsbad, CA (USA)",03 APR 2011,1016
63,841,13:55,Simon NDIRANGU,01 NOV 1985,KEN,8,"Providence, RI (USA)",18 SEP 2011,1016
64,841,13:55,Aaron BRAUN,28 MAY 1987,USA,6,"San José, CA (USA)",24 NOV 2011,1016
65,841,13:55,Jose Antonio URIBE MARINO,03 JAN 1986,MEX,1,Mazatlán (MEX),03 DEC 2011,1016
66,841,13:55,James WILKINSON,13 JUL 1990,GBR,1,Armagh (GBR),09 FEB 2012,1016
67,841,13:55,Aaron BRAUN,28 MAY 1987,USA,4,"Providence, RI (USA)",16 SEP 2012,1016
68,841,13:55,Leonard KORIR,10 DEC 1986,KEN,5,"Providence, RI (USA)",16 SEP 2012,1016
69,841,13:55,Jose Antonio URIBE MARINO,03 JAN 1986,MEX,1,Mazatlán (MEX),01 DEC 2012,1016
70,841,13:55,Daniel Lemashon SALEL,11 DEC 1990,KEN,7,"Boston, MA (USA)",14 APR 2013,1016
71,841,13:55,Stephen PIFER,07 DEC 1984,USA,9,"Carlsbad, CA (USA)",30 MAR 2014,1016
72,841,13:55,Eliud N'GETICH,12 NOV 1993,KEN,1,San José (USA),26 NOV 2015,1016
73,841,13:55,Haron LAGAT,15 AUG 1983,KEN,7,"Carlsbad, CA (USA)",03 APR 2016,1016
74,841,13:55,Ben CONNOR,17 OCT 1992,GBR,1,Armagh (GBR),18 FEB 2017,1016
75,841,13:55,Brandon DOUGHTY,14 MAY 1993,USA,2,Armagh (GBR),18 FEB 2017,1016
76,841,13:55,Trevor DUNBAR,29 APR 1991,USA,10,"Boston, MA (USA)",14 APR 2018,1016
77,841,13:55,Kyle MEDINA,,USA,5,San José (USA),22 NOV 2018,1016
78,841,13:55,Joshua LAY,11 APR 2000,GBR,13,Armagh (GBR),13 FEB 2020,1016
79,841,13:55,Kevin DOONEY,07 JUL 1993,IRL,14,Armagh (GBR),13 FEB 2020,1016
80,841,13:55,Adam MAIJO,26 APR 2001,ESP,7,Barcelona (ESP),31 DEC 2020,1016
81,841,13:55,Yannick MICHIELS,29 JUL 1991,BEL,15,Monaco (MON),14 FEB 2021,1016
82,841,13:55,Sheldon GRANT,,GBR,7f7,Barrowford (GBR),03 APR 2021,1016
83,841,13:55,Eric AVILA,03 OCT 1989,USA,5,"New York, NY (USA)",06 NOV 2021,1016
84,841,13:55,Pol ORIACH,20 SEP 2002,ESP,7,Barcelona (ESP),31 DEC 2022,1016
85,841,13:55,Simon DENISSEL,22 MAY 1990,FRA,14,Lille (FRA),19 MAR 2023,1016
86,841,13:55,James QUATTLEBAUM,,USA,19,"Boston, MA (USA)",15 APR 2023,1016
87,888,13:56,Nelson MOKORI,22 JUL 1992,KEN,6,San José (USA),28 NOV 2013,1014
88,889,13:56,Dave DANIELS,28 OCT 1958,USA,12,"Carlsbad, CA (USA)",27 MAR 1988,1013
89,889,13:56,Graeme FELL,19 MAR 1959,CAN,12,"Carlsbad, CA (USA)",14 APR 1991,1013
90,889,13:56,Marcos BARRETO,25 APR 1960,MEX,12,"Carlsbad, CA (USA)",29 MAR 1992,1013
91,889,13:56,Tim HACKER,27 DEC 1962,USA,2,"Chicago, IL (USA)",31 OCT 1993,1013
92,889,13:56,Mark NENOW,16 NOV 1957,USA,16,"Carlsbad, CA (USA)",27 MAR 1994,1013
93,889,13:56,Aaron RAMIREZ,29 JUL 1962,USA,9,"Carlsbad, CA (USA)",02 APR 1995,1013
94,889,13:56,Julius RANDICH,27 MAY 1967,KEN,19,"Providence, RI (USA)",14 SEP 1997,1013
95,889,13:56,Omar CHAVARRIA,30 JUL 1980,MEX,9,"Carlsbad, CA (USA)",26 MAR 2000,1013
96,889,13:56,Dominic KIRUI,12 APR 1967,KEN,5,"Gardena, CA (USA)",02 JUN 2002,1013
97,889,13:56,Jonathan WYATT,20 DEC 1972,NZL,13,"Carlsbad, CA (USA)",13 APR 2003,1013
98,889,13:56,Alejandro SUÁREZ,30 NOV 1980,MEX,1,"Chula Vista, CA (USA)",24 OCT 2004,1013
99,889,13:56,Patrick Makau MUSYOKI,02 MAR 1985,KEN,2,Horwich (GBR),18 JUN 2006,1013
0,889,13:56,Chris DAVIES,19 OCT 1976,GBR,3,Horwich (GBR),18 JUN 2006,1013
1,889,13:56,Pius KORIR,,KEN,1,"Grand Rapids, MI (USA)",24 JUN 2006,1013
2,889,13:56,Fasil BIZUNEH,05 MAY 1980,USA,3,"Providence, RI (USA)",17 SEP 2006,1013
3,889,13:56,Valentine ORARE,14 FEB 1983,KEN,6,"New Milford, CT (USA)",06 JUN 2008,1013
4,889,13:56,Alene Emere RETA,25 JUN 1982,ETH,4,"Binghamton, NY (USA)",24 AUG 2008,1013
5,889,13:56,Devin SWANN,14 SEP 1980,USA,3,"Baltimore, MD (USA)",11 OCT 2008,1013
6,889,13:56,Julius KIPTOO,04 SEP 1977,KEN,11,San José (USA),27 NOV 2008,1013
7,889,13:56,Chris THOMPSON,17 APR 1981,GBR,2,Armagh (GBR),19 FEB 2009,1013
8,889,13:56,Scott BAUHS,11 MAY 1986,USA,10,"Carlsbad, CA (USA)",05 APR 2009,1013
9,889,13:56,Kevin CHELIMO,14 FEB 1983,KEN,9,San José (USA),25 NOV 2010,1013
10,889,13:56,Dathan RITZENHEIN,30 DEC 1982,USA,3,"New York, NY (USA)",05 NOV 2011,1013
11,889,13:56,Michael CROUCH,03 JAN 1988,USA,2,Armagh (GBR),09 FEB 2012,1013
12,889,13:56,Craig FORYS,13 JUL 1989,USA,6,"Providence, RI (USA)",16 SEP 2012,1013
13,889,13:56,Collis BIRMINGHAM,27 DEC 1984,AUS,1,Noosa (AUS),03 NOV 2012,1013
14,889,13:56,Ernest Kiprugut KEBENEI,20 NOV 1984,KEN,3,"Binghamton, NY (USA)",25 AUG 2013,1013
15,889,13:56,Scott SMITH,13 JUL 1986,USA,11,"Boston, MA (USA)",19 APR 2014,1013
16,889,13:56,Ben BLANKENSHIP,15 DEC 1988,USA,4,San José (USA),27 NOV 2014,1013
17,889,13:56,Weston STRUM,17 JAN 1992,USA,5,San José (USA),27 NOV 2014,1013
18,889,13:56,Diego ESTRADA,19 DEC 1989,USA,6,"Carlsbad, CA (USA)",29 MAR 2015,1013
19,889,13:56,Cleophas NGETICH,1989,KEN,2,"Frankfort, KY (USA)",04 JUL 2015,1013
20,889,13:56,David TORRENCE,26 NOV 1985,USA,1,"Providence, RI (USA)",20 SEP 2015,1013
21,889,13:56,Geoff MARTINSON,26 MAR 1986,CAN,2,San José (USA),26 NOV 2015,1013
22,889,13:56,Szymon KULKA,22 JUN 1993,POL,2,Warszawa (POL),11 JUN 2016,1013
23,889,13:56,Andrew HUNTER,05 SEP 1997,USA,11,San José (USA),24 NOV 2016,1013
24,889,13:56,Ernest KOECH,,KEN,1,"Louisville, KY (USA)",05 MAR 2017,1013
25,889,13:56,Dustin BETZ,19 JUL 1989,USA,2,"Louisville, KY (USA)",05 MAR 2017,1013
26,889,13:56,Reid BUCHANAN,03 FEB 1993,USA,6,San José (USA),23 NOV 2017,1013
27,889,13:56,Sam ATKIN,14 MAR 1993,GBR,7,San José (USA),23 NOV 2017,1013
28,889,13:56,Omar Ait CHITACHEN,15 MAR 1995,MAR,3,Beni Mellal (MAR),24 MAR 2018,1013
29,889,13:56,Brian BARRAZA,16 MAY 1995,USA,6,San José (USA),22 NOV 2018,1013
30,889,13:56,Reid BUCHANAN,03 FEB 1993,USA,3,"Carlsbad, CA (USA)",06 APR 2019,1013
31,889,13:56,Jonathan HAY,12 FEB 1992,GBR,10,Ipswich (GBR),11 MAY 2019,1013
32,889,13:56,Richard DOUMA,17 APR 1993,NED,7,Nijmegen (NED),19 JUL 2020,1013
33,889,13:56,Frank BADDICK,29 NOV 1985,GBR,10,Barrowford (GBR),08 AUG 2020,1013
34,889,13:56,Simon Kiprop KOECH,10 JUN 2003,KEN,12,Herzogenaurach (GER),12 SEP 2021,1013
35,889,13:56,Brian BARRAZA,16 MAY 1995,USA,6,"New York, NY (USA)",06 NOV 2021,1013
36,889,13:56,Joey BERRIATUA,16 JUN 1995,USA,7,"New York, NY (USA)",06 NOV 2021,1013
37,889,13:56,Andrew JORDAN,05 AUG 1997,USA,8,"New York, NY (USA)",06 NOV 2021,1013
38,889,13:56,Abdullahi Dahir RABI,27 MAR 2003,NOR,5,Monaco (MON),13 FEB 2022,1013
39,889,13:56,Evans KIMUTAI,,KEN,5,Lille (FRA),20 MAR 2022,1013
40,889,13:56,Edward CHESEREK,02 FEB 1994,KEN,9,"Boston, MA (USA)",16 APR 2022,1013
41,942,13:57,Matt TEGENKAMP,19 JAN 1982,USA,1,"Providence, RI (USA)",20 SEP 2009,1013
42,943,13:57,Alan WEBB,13 JAN 1983,USA,7,San José (USA),28 NOV 2013,1012
43,944,13:57,Diego ESTRADA,19 DEC 1989,USA,1,"Providence, RI (USA)",21 SEP 2014,1012
44,944,13:57,Benjamin FLANAGAN,11 JAN 1995,CAN,1,Toronto (CAN),09 SEP 2018,1012
45,946,13:57,John SCHERER,03 NOV 1966,USA,3,"Chicago, IL (USA)",31 OCT 1993,1010
46,946,13:57,Wander DO PRADO MOURA,22 FEB 1969,BRA,17,"Carlsbad, CA (USA)",27 MAR 1994,1010
47,946,13:57,Reuben REINA,16 NOV 1967,USA,18,"Carlsbad, CA (USA)",27 MAR 1994,1010
48,946,13:57,Isaac GARCÍA,29 OCT 1960,MEX,19,"Carlsbad, CA (USA)",27 MAR 1994,1010
49,946,13:57,John GREGOREK,15 APR 1960,USA,5,"Providence, RI (USA)",16 OCT 1994,1010
50,946,13:57,Michał BARTOSZAK,21 JUN 1970,POL,15,"Carlsbad, CA (USA)",31 MAR 1996,1010
51,946,13:57,Mike TANSELY,26 JUN 1971,USA,12,"Carlsbad, CA (USA)",29 MAR 1998,1010
52,946,13:57,Deresse DENBOBA,15 MAY 1982,ETH,10,"Carlsbad, CA (USA)",26 MAR 2000,1010
53,946,13:57,Janko BENŠA,28 JUN 1977,YUG,4,"Gardena, CA (USA)",04 JUN 2000,1010
54,946,13:57,Matthew BIRIR,05 JUL 1972,KEN,11,"Carlsbad, CA (USA)",01 APR 2001,1010
55,946,13:57,Simeon SAWE,23 MAR 1974,KEN,6,"Gardena, CA (USA)",02 JUN 2002,1010
56,946,13:57,James Kimutai KOSKEI,23 NOV 1968,KEN,3,"Austin, TX (USA)",25 APR 2004,1010
57,946,13:57,Andrew GRAFFIN,20 DEC 1977,GBR,7,Balmoral (GBR),08 MAY 2004,1010
58,946,13:57,Linus Kipkosgei MAIYO,26 FEB 1983,KEN,4,"New Milford, CT (USA)",01 JUN 2007,1010
59,946,13:57,Andrew CARLSON,27 APR 1982,USA,8,"Providence, RI (USA)",16 SEP 2007,1010
60,946,13:57,Christian HESCH,06 JAN 1979,USA,1,Armagh (GBR),21 FEB 2008,1010
61,946,13:57,Dennis Musembi NDISO,31 DEC 1983,KEN,1,"Minneapolis, MN (USA)",02 AUG 2008,1010
62,946,13:57,Collis BIRMINGHAM,27 DEC 1984,AUS,1,Noosa (AUS),01 NOV 2008,1010
63,946,13:57,Phillip REID,25 NOV 1985,USA,7,"San José, CA (USA)",24 NOV 2011,1010
64,946,13:57,Giliat GHEBRAY,05 FEB 1984,USA,8,"San José, CA (USA)",24 NOV 2011,1010
65,946,13:57,Isaac Kemboi KIMAIYO,28 NOV 1978,KEN,2,Mazatlán (MEX),03 DEC 2011,1010
66,946,13:57,Jonathan MELLOR,27 DEC 1986,GBR,3,Armagh (GBR),09 FEB 2012,1010
67,946,13:57,Isaac Kemboi KIMAIYO,28 NOV 1978,KEN,2,Mazatlán (MEX),01 DEC 2012,1010
68,946,13:57,German FERNANDEZ,02 NOV 1990,USA,2,"Providence, RI (USA)",21 SEP 2014,1010
69,946,13:57,Phillip REID,25 NOV 1985,USA,6,San José (USA),27 NOV 2014,1010
70,946,13:57,Isaias HARO,07 FEB 1985,MEX,2,Mazatlán (MEX),29 NOV 2014,1010
71,946,13:57,Mourad MAROUFIT,26 JAN 1982,MAR,3,San José (USA),26 NOV 2015,1010
72,946,13:57,Ryan HILL,31 JAN 1990,USA,1,"Providence, RI (USA)",18 SEP 2016,1010
73,946,13:57,Aaron BRAUN,28 MAY 1987,USA,1,"Phoenix, AZ (USA)",06 NOV 2016,1010
74,946,13:57,Brian SHRADER,22 JUL 1991,USA,12,"Boston, MA (USA)",15 APR 2017,1010
75,946,13:57,Jeromy ANDREAS,28 FEB 1992,RSA,1,Johannesburg (RSA),11 JUN 2017,1010
76,946,13:57,Shadrack KIPCHIRCHIR,22 FEB 1989,USA,1,"New York, NY (USA)",04 NOV 2017,1010
77,946,13:57,Linton TAYLOR,20 JAN 1995,GBR,11,Ipswich (GBR),11 MAY 2019,1010
78,946,13:57,Joshua GRACE,11 MAY 1993,GBR,12,Ipswich (GBR),11 MAY 2019,1010
79,946,13:57,James NGANDU,02 APR 1990,KEN,3,"Wheeling, WV (USA)",04 AUG 2019,1010
80,946,13:57,Brian BARRAZA,16 MAY 1995,USA,6,"New York, NY (USA)",02 NOV 2019,1010
81,946,13:57,David Kiprotich BETT,18 OCT 1992,KEN,2,"San José, CA (USA)",28 NOV 2019,1010
82,946,13:57,Brian BARRAZA,16 MAY 1995,USA,3,"San José, CA (USA)",28 NOV 2019,1010
83,946,13:57,Linton TAYLOR,20 JAN 1995,GBR,15,Armagh (GBR),13 FEB 2020,1010
84,946,13:57,Ryan FORSYTH,07 JUL 1996,IRL,16,Armagh (GBR),13 FEB 2020,1010
85,946,13:57,Thijs NIJHUIS,20 SEP 1992,DEN,1f1,Flakkebjerg (DEN),20 JUN 2020,1010
86,946,13:57,Roy HOORNWEG,08 MAY 1989,NED,8,Nijmegen (NED),19 JUL 2020,1010
87,946,13:57,Adam CLARKE,03 APR 1991,GBR,2,Wigan (GBR),05 OCT 2020,1010
88,946,13:57,Aarón LAS HERAS,22 JUN 2000,ESP,8,Barcelona (ESP),31 DEC 2020,1010
89,946,13:57,Kieran CLEMENTS,20 NOV 1993,GBR,8f7,Barrowford (GBR),03 APR 2021,1010
90,946,13:57,Valentin BRESC,27 MAY 2001,FRA,7,Angers (FRA),24 APR 2021,1010
91,946,13:57,Jacob SIMONSEN SOMMER,01 JAN 1995,DEN,6,Monaco (MON),13 FEB 2022,1010
92,946,13:57,Arthur GERVAIS,28 FEB 2000,FRA,6,Lille (FRA),20 MAR 2022,1010
93,946,13:57,James Gitahi RUNGARU,14 JAN 1993,KEN,8,Fukuoka (JPN),12 NOV 2022,1010
94,946,13:57,Victor Kipkirui KORIR,14 AUG 2002,KEN,9,Fukuoka (JPN),12 NOV 2022,1010
95,946,13:57,Yusuke TAMURA,23 DEC 1998,JPN,10,Fukuoka (JPN),12 NOV 2022,1010
96,946,13:57,Victor BOUDIN,28 JUN 1997,FRA,15,Lille (FRA),19 MAR 2023,1010
97,946,13:57,Kiseki SHIOZAWA,17 DEC 1998,JPN,3,Tokyo (JPN),26 MAR 2023,1010
98,946,13:57,Alexis MIELLET,05 MAY 1995,FRA,13,"Adi-Dassler-Straße 1, Herzogenaurach (GER)",29 APR 2023,1010
99,1000,13:58,Maverick DARLING,09 JUN 1989,USA,3,"Providence, RI (USA)",21 SEP 2014,1008
0,1001,13:58,Bolota ASMEROM,12 OCT 1978,USA,2,"Providence, RI (USA)",20 SEP 2009,1008
1,1002,13:58,Vince DRADDY,19 APR 1961,USA,13,"Carlsbad, CA (USA)",27 MAR 1988,1006
2,1002,13:58,Salvador GARCÍA,29 OCT 1960,MEX,14,"Carlsbad, CA (USA)",27 MAR 1988,1006
3,1002,13:58,Sean WADE,03 FEB 1966,IRL,12,"Carlsbad, CA (USA)",25 MAR 1990,1006
4,1002,13:58,Matt GIUSTO,25 OCT 1966,USA,15,"Carlsbad, CA (USA)",14 APR 1991,1006
5,1002,13:58,Lahoussine SIBA,15 FEB 1973,MAR,6,"Providence, RI (USA)",16 OCT 1994,1006
6,1002,13:58,Steven BRACE,07 JUL 1961,GBR,10,London (GBR),23 APR 1995,1006
7,1002,13:58,Pete JULIAN,11 MAY 1971,USA,16,"Carlsbad, CA (USA)",31 MAR 1996,1006
8,1002,13:58,Khalid KHANNOUCHI,22 DEC 1971,MAR,17,"Carlsbad, CA (USA)",31 MAR 1996,1006
9,1002,13:58,Andrew PEARSON,14 SEP 1971,GBR,4,Portsmouth (GBR),13 APR 1996,1006
10,1002,13:58,Simon KARORI,25 AUG 1959,KEN,11,"Carlsbad, CA (USA)",26 MAR 2000,1006
11,1002,13:58,Sean KALEY,26 FEB 1975,CAN,2,"Dallas, TX (USA)",17 JUN 2000,1006
12,1002,13:58,Kibet CHEROP,11 JUL 1974,KEN,3,"Austin, TX (USA)",21 APR 2002,1006
13,1002,13:58,Shaun CREIGHTON,14 MAY 1967,AUS,7,"Gardena, CA (USA)",02 JUN 2002,1006
14,1002,13:58,Mark MILES,24 MAR 1977,GBR,2,Horwich (GBR),26 JUN 2005,1006
15,1002,13:58,Paul MORRISON,25 SEP 1980,CAN,1,"Chula Vista, CA (USA)",23 OCT 2005,1006
16,1002,13:58,Haron LAGAT,15 AUG 1983,KEN,4,"San José, CA (USA)",23 NOV 2006,1006
17,1002,13:58,Worku BEYI,25 FEB 1987,ETH,5,"Binghamton, NY (USA)",24 AUG 2008,1006
18,1002,13:58,Luke KIPKOSGEI,27 NOV 1975,KEN,3,"Providence, RI (USA)",21 SEP 2008,1006
19,1002,13:58,Mark CARROLL,15 JAN 1972,IRL,3,Armagh (GBR),19 FEB 2009,1006
20,1002,13:58,Stephen PIFER,07 DEC 1984,USA,11,"Carlsbad, CA (USA)",05 APR 2009,1006
21,1002,13:58,Chris THOMPSON,17 APR 1981,GBR,3,London (GBR),13 SEP 2009,1006
22,1002,13:58,Fadil MOHAMED,15 NOV 1981,MAR,1,Mazatlán (MEX),05 DEC 2009,1006
23,1002,13:58,Nick MCCORMICK,11 SEP 1981,GBR,1,Armagh (GBR),25 FEB 2010,1006
24,1002,13:58,David MCCARTHY,03 AUG 1988,IRL,2,Armagh (GBR),25 FEB 2010,1006
25,1002,13:58,Tabor MENGISTU NEBSI,1977,ETH,1,"Brooklyn, NY (USA)",24 MAR 2012,1006
26,1002,13:58,Ben BRUCE,10 SEP 1982,USA,7,"Providence, RI (USA)",16 SEP 2012,1006
27,1002,13:58,Matt ELLIOTT,08 SEP 1985,USA,2,"Charlotte, NC (USA)",20 OCT 2012,1006
28,1002,13:58,Collis BIRMINGHAM,27 DEC 1984,AUS,1,Noosa (AUS),02 NOV 2013,1006
29,1002,13:58,Riley MASTERS,05 APR 1990,USA,7,San José (USA),27 NOV 2014,1006
30,1002,13:58,German FERNANDEZ,02 NOV 1990,USA,8,San José (USA),27 NOV 2014,1006
31,1002,13:58,Matthew CLOWES,29 SEP 1989,GBR,9,San José (USA),27 NOV 2014,1006
32,1002,13:58,Jose Luis DUARTE,19 MAY 1989,MEX,3,Mazatlán (MEX),29 NOV 2014,1006
33,1002,13:58,Erik OLSON,15 MAR 1992,USA,4,San José (USA),26 NOV 2015,1006
34,1002,13:58,Lawi LALANG,15 JUN 1991,KEN,8,"Carlsbad, CA (USA)",03 APR 2016,1006
35,1002,13:58,Shadrack KIPCHIRCHIR,22 FEB 1989,USA,2,"Providence, RI (USA)",18 SEP 2016,1006
36,1002,13:58,Samuel CHELANGA,23 FEB 1985,USA,3,"Providence, RI (USA)",18 SEP 2016,1006
37,1002,13:58,Phillip REID,25 NOV 1985,USA,12,San José (USA),24 NOV 2016,1006
38,1002,13:58,Dewi GRIFFITHS,09 AUG 1991,GBR,3,Armagh (GBR),18 FEB 2017,1006
39,1002,13:58,Joseph MULLEN,,USA,3,"Louisville, KY (USA)",05 MAR 2017,1006
40,1002,13:58,Thomas CURTIN,08 AUG 1993,USA,2,"New York, NY (USA)",04 NOV 2017,1006
41,1002,13:58,Kirubel ERASSA,17 JUN 1993,USA,3,"New York, NY (USA)",04 NOV 2017,1006
42,1002,13:58,Paul CHELIMO,27 OCT 1990,USA,4,"New York, NY (USA)",04 NOV 2017,1006
43,1002,13:58,Lawi LALANG,15 JUN 1991,KEN,8,San José (USA),23 NOV 2017,1006
44,1002,13:58,Joe STILIN,05 DEC 1989,USA,11,"Boston, MA (USA)",14 APR 2018,1006
45,1002,13:58,Charles Karanja KAMAU,05 AUG 1997,KEN,7,San José (USA),22 NOV 2018,1006
46,1002,13:58,Jacob THOMSON,29 NOV 1994,USA,6,"Boston, MA (USA)",13 APR 2019,1006
47,1002,13:58,Jeff THIES,25 FEB 1995,USA,7,"New York, NY (USA)",02 NOV 2019,1006
48,1002,13:58,Joshua COWPERTHWAITE,09 APR 2001,GBR,17,Armagh (GBR),13 FEB 2020,1006
49,1002,13:58,Cameron STRACHAN,02 AUG 1991,GBR,18,Armagh (GBR),13 FEB 2020,1006
50,1002,13:58,James HUNT,28 APR 1996,GBR,19,Armagh (GBR),13 FEB 2020,1006
51,1002,13:58,Chris PERRY,01 MAR 1990,GBR,11,Barrowford (GBR),08 AUG 2020,1006
52,1002,13:58,Julian RANC,14 SEP 1996,FRA,9,Barcelona (ESP),31 DEC 2020,1006
53,1002,13:58,Samuel BARATA,19 JUL 1993,POR,1,Lisboa (POR),09 JAN 2021,1006
54,1002,13:58,Jonathan HOPKINS,03 JUN 1992,GBR,9f7,Barrowford (GBR),03 APR 2021,1006
55,1002,13:58,Abbabiya SIMBASSA,30 JUN 1993,USA,9,"New York, NY (USA)",06 NOV 2021,1006
56,1002,13:58,Gebregewergs TEKLAY,13 JAN 2001,ETH,8,Barcelona (ESP),31 DEC 2021,1006
57,1002,13:58,John GAY,07 NOV 1996,CAN,2,Moncton (CAN),11 SEP 2022,1006
58,1002,13:58,Henrik INGEBRIGTSEN,24 FEB 1991,NOR,8,Barcelona (ESP),31 DEC 2022,1006
59,1002,13:58,Steven CASTEELE,11 JUL 1994,BEL,16,Lille (FRA),19 MAR 2023,1006
60,1002,13:58,Issei SATO,21 JUL 2001,JPN,4,Tokyo (JPN),26 MAR 2023,1006
61,1062,13:59,Anthony FAMIGLIETTI,08 NOV 1978,USA,3,"Providence, RI (USA)",20 SEP 2009,1006
62,1063,13:59,Brian SHRADER,22 JUL 1991,USA,4,"Providence, RI (USA)",21 SEP 2014,1005
63,1064,13:59,Joe STILIN,05 DEC 1989,USA,1,Armagh (GBR),22 FEB 2015,1005
64,1065,13:59,Jordan HORN,17 APR 1984,USA,4,"Providence, RI (USA)",20 SEP 2009,1004
65,1066,13:59,Benny MCINTOSH,14 SEP 1966,USA,6,"Fort Myers, FL (USA)",16 FEB 1991,1003
66,1066,13:59,Ignacio FRAGOSO,06 FEB 1968,MEX,16,"Carlsbad, CA (USA)",14 APR 1991,1003
67,1066,13:59,Ashley JOHNSON,31 DEC 1961,USA,4,"Chicago, IL (USA)",31 OCT 1993,1003
68,1066,13:59,Tim REDMAN,05 JUL 1960,GBR,11,London (GBR),23 APR 1995,1003
69,1066,13:59,Gary STAINES,03 JUL 1963,GBR,5,Portsmouth (GBR),13 APR 1996,1003
70,1066,13:59,Yasuaki YAMAMOTO,05 AUG 1972,JPN,,"Boulder, CO (USA)",01 SEP 1997,1003
71,1066,13:59,Keith DOWLING,04 JUL 1969,USA,13,"Carlsbad, CA (USA)",29 MAR 1998,1003
72,1066,13:59,Mbarak HUSSEIN,04 APR 1965,KEN,8,"Gardena, CA (USA)",01 JUN 2003,1003
73,1066,13:59,Henry KIPCHIRCHIR,31 MAY 1983,KEN,4,"Austin, TX (USA)",25 APR 2004,1003
74,1066,13:59,Rafael SÁNCHEZ,03 JAN 1980,MEX,2,"Chula Vista, CA (USA)",24 OCT 2004,1003
75,1066,13:59,Douglas MUMANYI,30 DEC 1980,KEN,4,"Binghamton, NY (USA)",28 AUG 2005,1003
76,1066,13:59,Ryan SHAY,04 MAY 1979,USA,6,"Providence, RI (USA)",11 SEP 2005,1003
77,1066,13:59,Yuriy HICHUN,10 FEB 1977,UKR,1,Pulawy (POL),11 NOV 2005,1003
78,1066,13:59,Ryan SHAY,04 MAY 1979,USA,4,"Providence, RI (USA)",17 SEP 2006,1003
79,1066,13:59,Doane ALIAMU,,ETH,5,"New Milford, CT (USA)",01 JUN 2007,1003
80,1066,13:59,Jonathon RILEY,29 DEC 1978,USA,9,"Providence, RI (USA)",16 SEP 2007,1003
81,1066,13:59,Mark CARROLL,15 JAN 1972,IRL,2,Armagh (GBR),21 FEB 2008,1003
82,1066,13:59,Demese TEFERA,15 DEC 1982,ETH,7,"New Milford, CT (USA)",06 JUN 2008,1003
83,1066,13:59,Jeremy ROFF,22 NOV 1983,AUS,2,Noosa (AUS),01 NOV 2008,1003
84,1066,13:59,Mariusz GIŻYŃSKI,26 JUN 1981,POL,4,Armagh (GBR),19 FEB 2009,1003
85,1066,13:59,Yosef GHEBRAY,18 MAY 1987,USA,7,San José (USA),26 NOV 2009,1003
86,1066,13:59,Juan Carlos ROMERO BERNAL,15 DEC 1977,MEX,2,Mazatlán (MEX),05 DEC 2009,1003
87,1066,13:59,Fadil MOHAMED,15 NOV 1981,MAR,1,"Little Rock, AR (USA)",04 JUL 2011,1003
88,1066,13:59,Ben ST. LAWRENCE,07 NOV 1981,AUS,2,Noosa (AUS),29 OCT 2011,1003
89,1066,13:59,Brandon BETHKE,19 JAN 1987,USA,4,"New York, NY (USA)",05 NOV 2011,1003
90,1066,13:59,Abiyot ENDALE,03 MAY 1986,ETH,9,"San José, CA (USA)",24 NOV 2011,1003
91,1066,13:59,Ben ST. LAWRENCE,07 NOV 1981,AUS,8,"Boston, MA (USA)",15 APR 2012,1003
92,1066,13:59,Jacob RILEY,02 NOV 1988,USA,8,"Providence, RI (USA)",16 SEP 2012,1003
93,1066,13:59,Julius Kiptoo BOR,23 JAN 1986,USA,3,San José (USA),22 NOV 2012,1003
94,1066,13:59,Harbert OKUTI,25 OCT 1985,UGA,4,"Binghamton, NY (USA)",25 AUG 2013,1003
95,1066,13:59,Bobby CURTIS,28 NOV 1984,USA,10,"Carlsbad, CA (USA)",30 MAR 2014,1003
96,1066,13:59,Nelson MOKORI,22 JUL 1992,KEN,1,"Des Moines, IA (USA)",27 APR 2014,1003
97,1066,13:59,Nelson MOKORI,22 JUL 1992,KEN,1,"Des Moines, IA (USA)",27 APR 2014,1003
98,1066,13:59,Anthony FAMIGLIETTI,08 NOV 1978,USA,1,"Charlotte, NC (USA)",18 OCT 2014,1003
99,1066,13:59,Erik OLSON,15 MAR 1992,USA,10,San José (USA),27 NOV 2014,1003
0,1066,13:59,Leonard KORIR,10 DEC 1986,KEN,11,San José (USA),27 NOV 2014,1003
1,1066,13:59,Andrew WHEATING,21 NOV 1987,USA,12,San José (USA),27 NOV 2014,1003
2,1066,13:59,Alejandro SUÁREZ,30 NOV 1980,MEX,4,Mazatlán (MEX),29 NOV 2014,1003
3,1066,13:59,Haron LAGAT,15 AUG 1983,KEN,7,"Carlsbad, CA (USA)",29 MAR 2015,1003
4,1066,13:59,Daniel HULING,16 JUL 1983,USA,2,"Providence, RI (USA)",20 SEP 2015,1003
5,1066,13:59,Geoffrey KENISI,1987,KEN,5,San José (USA),26 NOV 2015,1003
6,1066,13:59,George ALEX,20 JAN 1990,USA,6,San José (USA),26 NOV 2015,1003
7,1066,13:59,Simion CHIRCHIR,,KEN,1,"Wheeling, WV (USA)",06 AUG 2016,1003
8,1066,13:59,Mbongeni Amos NGXAZAZO,02 FEB 1980,RSA,1,Johannesburg (RSA),28 AUG 2016,1003
9,1066,13:59,Mbongeni Amos NGXAZAZO,02 FEB 1980,RSA,1,Johannesburg (RSA),28 AUG 2016,1003
10,1066,13:59,Martin HEHIR,19 DEC 1992,USA,2,"Phoenix, AZ (USA)",06 NOV 2016,1003
11,1066,13:59,Jack RAYNER,19 DEC 1995,AUS,6,"Carlsbad, CA (USA)",02 APR 2017,1003
12,1066,13:59,Abbabiya SIMBASSA,30 JUN 1993,USA,5,"New York, NY (USA)",04 NOV 2017,1003
13,1066,13:59,Ben TRUE,29 DEC 1985,USA,6,"New York, NY (USA)",04 NOV 2017,1003
14,1066,13:59,Patrick CASEY,23 MAY 1990,USA,9,San José (USA),23 NOV 2017,1003
15,1066,13:59,Sam STABLER,17 MAY 1992,GBR,1,Armagh (GBR),15 FEB 2018,1003
16,1066,13:59,Daniel Lemashon SALEL,11 DEC 1990,KEN,12,"Boston, MA (USA)",14 APR 2018,1003
17,1066,13:59,Brandon DOUGHTY,14 MAY 1993,USA,13,"Boston, MA (USA)",14 APR 2018,1003
18,1066,13:59,Daniel KEMOI,12 SEP 1986,KEN,1,"Lancaster, PA (USA)",28 APR 2018,1003
19,1066,13:59,Patrick CASEY,23 MAY 1990,USA,8,San José (USA),22 NOV 2018,1003
20,1066,13:59,Krystian ZALEWSKI,11 APR 1989,POL,11,Armagh (GBR),14 FEB 2019,1003
21,1066,13:59,Matthew BERGIN,02 MAR 1993,IRL,12,Armagh (GBR),14 FEB 2019,1003
22,1066,13:59,Cathal DOYLE,12 NOV 1997,IRL,20,Armagh (GBR),13 FEB 2020,1003
23,1066,13:59,Micheal POWER,27 JAN 1999,IRL,21,Armagh (GBR),13 FEB 2020,1003
24,1066,13:59,Joel Ibler LILLESØ,17 NOV 2003,DEN,2f1,Flakkebjerg (DEN),20 JUN 2020,1003
25,1066,13:59,Nathan JONES,03 OCT 1994,GBR,12,Barrowford (GBR),08 AUG 2020,1003
26,1066,13:59,Jean-Simon DESGAGNÉS,26 JUL 1998,CAN,1,Québec (CAN),13 SEP 2020,1003
27,1066,13:59,Yassin BOUIH,24 NOV 1996,ITA,8,Bolzano (ITA),31 DEC 2020,1003
28,1066,13:59,Abderrahmane ANOU,29 JAN 1991,ALG,10,Barcelona (ESP),31 DEC 2020,1003
29,1066,13:59,Daniel BEBBINGTON,08 JUN 1996,GBR,10f7,Barrowford (GBR),03 APR 2021,1003
30,1066,13:59,Johnathan RENIEWICKI,03 OCT 1995,USA,10,"Boston, MA (USA)",16 APR 2022,1003
31,1066,13:59,Louis GILAVERT,01 JAN 1998,FRA,6,Málaga (ESP),24 APR 2022,1003
32,1066,13:59,Vidar JOHANSSON,08 OCT 1996,SWE,8,Monaco (MON),12 FEB 2023,1003
33,1066,13:59,Shunya UDAGAWA,29 JUL 2003,JPN,5,Tokyo (JPN),26 MAR 2023,1003
34,1066,13:59,Eduardo MENACHO,25 NOV 1999,ESP,2,Santander (ESP),14 MAY 2023,1003
35,1136,14:00,Samuel CHELANGA,23 FEB 1985,KEN,5,"Providence, RI (USA)",22 SEP 2013,1003
36,1137,14:00,Andrew LEMONCELLO,12 OCT 1982,GBR,5,"Providence, RI (USA)",20 SEP 2009,1002
37,1138,14:00,Daniel CLIFFE,23 DEC 1990,GBR,2,Armagh (GBR),22 FEB 2015,1001
38,1139,14:00,Jim SPISAK,18 NOV 1990,USA,5,"Providence, RI (USA)",21 SEP 2014,1000
39,1140,14:00,Matt GIUSTO,25 OCT 1966,USA,13,"Carlsbad, CA (USA)",25 MAR 1990,1000
40,1140,14:00,Dan REESE,15 OCT 1963,USA,14,"Carlsbad, CA (USA)",25 MAR 1990,1000
41,1140,14:00,Carl Edward THACKERY,14 OCT 1962,GBR,12,London (GBR),23 APR 1995,1000
42,1140,14:00,Martin JONES,21 APR 1967,GBR,6,Portsmouth (GBR),13 APR 1996,1000
43,1140,14:00,Gideon MUTISYA,17 JAN 1967,KEN,20,"Providence, RI (USA)",14 SEP 1997,1000
44,1140,14:00,Néstor GARCÍA,06 JUL 1975,URU,12,"Carlsbad, CA (USA)",26 MAR 2000,1000
45,1140,14:00,Abel ANTÓN,24 OCT 1962,ESP,1,Soria (ESP),28 SEP 2001,1000
46,1140,14:00,Mbarak HUSSEIN,04 APR 1965,KEN,8,"Gardena, CA (USA)",02 JUN 2002,1000
47,1140,14:00,David MORRIS,17 MAY 1970,USA,9,"Gardena, CA (USA)",02 JUN 2002,1000
48,1140,14:00,Francis KOMU,28 JUN 1974,KEN,7,"Syracuse, NY (USA)",06 OCT 2002,1000
49,1140,14:00,Kevin SULLIVAN,20 MAR 1974,CAN,3,"Chula Vista, CA (USA)",27 OCT 2002,1000
50,1140,14:00,Josphat BOIT,28 DEC 1982,KEN,1,"Little Rock, AR (USA)",04 JUL 2006,1000
51,1140,14:00,Reuben KIBET CHEBII,09 SEP 1982,KEN,1,"Binghamton, NY (USA)",27 AUG 2006,1000
52,1140,14:00,Rod KOBORSI,04 OCT 1983,USA,5,"Providence, RI (USA)",17 SEP 2006,1000
53,1140,14:00,Philip KOECH,06 FEB 1987,KEN,8,"New Milford, CT (USA)",06 JUN 2008,1000
54,1140,14:00,Nicholas KURGAT,1979,KEN,6,"Binghamton, NY (USA)",24 AUG 2008,1000
55,1140,14:00,Christopher BARNICLE,31 MAR 1987,USA,5,Armagh (GBR),19 FEB 2009,1000
56,1140,14:00,Jussi UTRIAINEN,28 NOV 1978,FIN,6,Armagh (GBR),19 FEB 2009,1000
57,1140,14:00,Ben BRUCE,10 SEP 1982,USA,3,Armagh (GBR),25 FEB 2010,1000
58,1140,14:00,Robert CHESERET,08 OCT 1983,KEN,1,"Providence, RI (USA)",19 SEP 2010,1000
59,1140,14:00,Andrew BUMBALOUGH,14 MAR 1987,USA,5,"New York, NY (USA)",05 NOV 2011,1000
60,1140,14:00,Landon PEACOCK,17 NOV 1987,USA,4,Armagh (GBR),09 FEB 2012,1000
61,1140,14:00,Ali ABDOSH,25 AUG 1987,ETH,9,"Boston, MA (USA)",15 APR 2012,1000
62,1140,14:00,Brett GOTCHER,01 SEP 1984,USA,10,"Boston, MA (USA)",15 APR 2012,1000
63,1140,14:00,Scott BAUHS,11 MAY 1986,USA,4,San José (USA),22 NOV 2012,1000
64,1140,14:00,Jose Antonio URIBE MARINO,03 JAN 1986,MEX,1,Mazatlán (MEX),30 NOV 2013,1000
65,1140,14:00,Israel AGUILAR HERNÁNDEZ,06 JUL 1978,MEX,5,Mazatlán (MEX),29 NOV 2014,1000
66,1140,14:00,Chris THOMPSON,17 APR 1981,GBR,7,San José (USA),26 NOV 2015,1000
67,1140,14:00,John Karanja WANJIKU,,KEN,2,"Wheeling, WV (USA)",06 AUG 2016,1000
68,1140,14:00,Kirubel ERASSA,17 JUN 1993,USA,4,"Providence, RI (USA)",18 SEP 2016,1000
69,1140,14:00,Petros SURAFEL,12 JAN 1997,GBR,4,Armagh (GBR),18 FEB 2017,1000
70,1140,14:00,Carl STONES,01 NOV 1989,USA,4,"Louisville, KY (USA)",05 MAR 2017,1000
71,1140,14:00,Collis BIRMINGHAM,27 DEC 1984,AUS,7,"Carlsbad, CA (USA)",02 APR 2017,1000
72,1140,14:00,Thomas CURTIN,08 AUG 1993,USA,13,"Boston, MA (USA)",15 APR 2017,1000
73,1140,14:00,Eric AVILA,03 OCT 1989,USA,10,San José (USA),23 NOV 2017,1000
74,1140,14:00,Geoffrey KOECH,28 AUG 1993,KEN,1,Napoli (ITA),04 FEB 2018,1000
75,1140,14:00,Charlie HULSON,07 MAR 1993,GBR,2,Armagh (GBR),15 FEB 2018,1000
76,1140,14:00,Eric JENKINS,24 NOV 1991,USA,4,"New York, NY (USA)",03 NOV 2018,1000
77,1140,14:00,Willy FINK,07 MAR 1994,USA,7,"Boston, MA (USA)",13 APR 2019,1000
78,1140,14:00,Stanley Kipkoech KEBENEI,06 NOV 1989,USA,8,"New York, NY (USA)",02 NOV 2019,1000
79,1140,14:00,Emil DANIELSSON,05 SEP 1997,SWE,22,Armagh (GBR),13 FEB 2020,1000
80,1140,14:00,Hamish ARMITT,24 JUN 2002,GBR,23,Armagh (GBR),13 FEB 2020,1000
81,1140,14:00,Michał ROZMYS,13 MAR 1995,POL,24,Armagh (GBR),13 FEB 2020,1000
82,1140,14:00,Adam CLARKE,03 APR 1991,GBR,13,Barrowford (GBR),08 AUG 2020,1000
83,1140,14:00,Abdessamad OUKHELFEN,18 DEC 1998,ESP,1,Santa Cristina d’Aro (ESP),29 AUG 2020,1000
84,1140,14:00,Luke DUFFY,14 NOV 2000,GBR,11f7,Barrowford (GBR),03 APR 2021,1000
85,1140,14:00,James HUNT,28 APR 1996,GBR,12f7,Barrowford (GBR),03 APR 2021,1000
86,1140,14:00,Isaac HEYNE,24 JAN 2000,AUS,1,Adelaide (AUS),19 SEP 2021,1000
87,1140,14:00,Isaac HEYNE,24 JAN 2000,AUS,1,Adelaide (AUS),19 SEP 2021,1000
88,1140,14:00,Topi RAITANEN,07 FEB 1996,FIN,1,Helsinki (FIN),02 OCT 2021,1000
89,1140,14:00,Willy FINK,07 MAR 1994,USA,10,"New York, NY (USA)",06 NOV 2021,1000
90,1140,14:00,Kasey KNEVELBAARD,,USA,11,"New York, NY (USA)",06 NOV 2021,1000
91,1140,14:00,Ben EIDENSCHINK,27 JUL 1996,USA,12,"New York, NY (USA)",06 NOV 2021,1000
92,1140,14:00,Brian KIBOR,2001,KEN,7,Lille (FRA),06 NOV 2021,1000
93,1140,14:00,Mohamed-Amine KODAD,10 SEP 1999,FRA,7,Málaga (ESP),24 APR 2022,1000
94,1140,14:00,Quentin TISON,16 APR 1996,FRA,17,Lille (FRA),19 MAR 2023,1000
95,1140,14:00,Brian BARRAZA,16 MAY 1995,USA,20,"Boston, MA (USA)",15 APR 2023,1000
