"",Rank,Mark,Competitor,DOB,Nat,Pos,Venue,Date,Results Score
0,1,44:20,Letesenbet GIDEY,20 MAR 1998,ETH,1.0,Nijmegen (NED),17 NOV 2019,1274
1,2,45:37,Joyciline JEPKOSGEI,08 DEC 1993,KEN,,Praha (CZE),01 APR 2017,1232
2,3,46:14,Florence KIPLAGAT,27 FEB 1987,KEN,,Barcelona (ESP),15 FEB 2015,1212
3,4,46:28,Tirunesh DIBABA,01 OCT 1985,ETH,1.0,Nijmegen (NED),15 NOV 2009,1205
4,5,46:33,Evaline CHIRCHIR,02 FEB 1998,KEN,2.0,Nijmegen (NED),17 NOV 2019,1202
5,6,46:52,Zeineba YIMER,17 JUN 1998,ETH,1.0,Valencia (ESP),08 JUN 2019,1192
6,7,46:57,Elana MEYER,10 OCT 1966,RSA,1.0,Cape Town (RSA),02 NOV 1991,1189
7,7,46:57,Mestawat TUFA,14 SEP 1983,ETH,1.0,Nijmegen (NED),16 NOV 2008,1189
8,9,46:59,Lornah KIPLAGAT,01 MAY 1974,NED,,Udine (ITA),14 OCT 2007,1188
9,9,46:59,Prisca JEPTOO,24 JUN 1984,KEN,1.0,Nijmegen (NED),16 NOV 2014,1188
10,11,47:00,Shalane FLANAGAN,08 JUL 1981,USA,1.0,"Jacksonville, FL (USA)",15 MAR 2014,1188
11,12,47:02,Lydia CHEROMEI,11 MAY 1977,KEN,1.0,Nijmegen (NED),21 NOV 2004,1187
12,13,47:08,Tirunesh DIBABA,01 OCT 1985,ETH,1.0,Nijmegen (NED),18 NOV 2012,1184
13,14,47:15,Deena KASTOR,14 FEB 1973,USA,1.0,"Jacksonville, FL (USA)",08 MAR 2003,1180
14,15,47:17,Ingrid KRISTIANSEN,21 MAR 1956,NOR,1.0,Monaco (MON),21 NOV 1987,1179
15,16,47:18,Beatrice CHEPKOECH,06 JUL 1991,KEN,1.0,Nijmegen (NED),20 NOV 2022,1178
16,17,47:19,Stella CHESANG,01 DEC 1996,UGA,1.0,Nijmegen (NED),18 NOV 2018,1178
17,18,47:20,Deena KASTOR,14 FEB 1973,USA,1.0,"Jacksonville, FL (USA)",10 MAR 2007,1177
18,19,47:21,Evaline CHIRCHIR,02 FEB 1998,KEN,2.0,Nijmegen (NED),20 NOV 2022,1177
19,20,47:22,Mestawat TUFA,14 SEP 1983,ETH,1.0,Nijmegen (NED),19 NOV 2006,1176
20,21,47:24,Joyce Chepkemoi TELE,03 MAY 1995,KEN,1.0,Valencia (ESP),18 SEP 2021,1175
21,22,47:28,Emily SISSON,12 OCT 1991,USA,1.0,"Jacksonville, FL (USA)",05 MAR 2022,1173
22,23,47:29,Tsigie GEBRESELAMA,30 SEP 2000,ETH,1.0,Heerenberg (NED),01 DEC 2019,1172
23,24,47:30,Caroline Chepkoech KIPKIRUI,26 MAY 1994,KEN,1.0,"Tyler, TX (USA)",15 MAY 2021,1172
24,25,47:31,Gete WAMI,11 DEC 1974,ETH,2.0,Nijmegen (NED),19 NOV 2006,1171
25,26,47:32,Emily CHEBET,18 FEB 1986,KEN,2.0,Nijmegen (NED),16 NOV 2014,1171
26,27,47:33,Dorcas Jepchumba KIMELI,05 JUL 1997,KEN,2.0,Valencia (ESP),08 JUN 2019,1170
27,28,47:35,Evaline CHIRCHIR,02 FEB 1998,KEN,2.0,Nijmegen (NED),18 NOV 2018,1169
28,29,47:36,Bezunesh BEKELE,29 JAN 1983,ETH,1.0,Nijmegen (NED),18 NOV 2007,1169
29,30,47:37,Lornah KIPLAGAT,01 MAY 1974,NED,2.0,Nijmegen (NED),18 NOV 2007,1168
30,30,47:37,Joan Chelimo MELLY,10 NOV 1990,KEN,2.0,Heerenberg (NED),01 DEC 2019,1168
31,30,47:37,Stella CHESANG,01 DEC 1996,UGA,3.0,Nijmegen (NED),20 NOV 2022,1168
32,33,47:38,Lonah Chemtai SALPETER,12 DEC 1988,ISR,1.0,Valencia (ESP),02 JUN 2018,1168
33,34,47:40,Elana MEYER,10 OCT 1966,RSA,1.0,Milnerton (RSA),05 OCT 1991,1167
34,34,47:40,Eilish MCCOLGAN,25 NOV 1990,GBR,4.0,Nijmegen (NED),20 NOV 2022,1167
35,36,47:41,Susan KRUMINS,08 JUL 1986,NED,3.0,Nijmegen (NED),18 NOV 2018,1166
36,37,47:43,Liz MCCOLGAN,24 MAY 1964,GBR,1.0,"Tampa, FL (USA)",13 FEB 1988,1165
37,38,47:47,Yvonne MORWA,12 NOV 1993,KEN,1.0,Le Puy-en-Velay (FRA),01 MAY 2017,1163
38,38,47:47,Hanna KLEIN,06 APR 1993,GER,5.0,Nijmegen (NED),20 NOV 2022,1163
39,40,47:48,Berhane ADERE,23 NOV 1973,ETH,1.0,Nijmegen (NED),20 NOV 2005,1162
40,40,47:48,Bezunesh BEKELE,29 JAN 1983,ETH,2.0,Nijmegen (NED),15 NOV 2009,1162
41,42,47:50,Molly HUDDLE,31 AUG 1984,USA,1.0,"Jacksonville, FL (USA)",10 MAR 2018,1161
42,43,47:52,Grete WAITZ,01 OCT 1953,NOR,1.0,"Tampa, FL (USA)",11 FEB 1984,1160
43,44,47:54,Genet GETANEH,06 JAN 1986,ETH,1.0,Nijmegen (NED),21 NOV 2010,1159
44,45,47:57,Edna Ngeringwony KIPLAGAT,15 NOV 1979,KEN,1.0,"Utica, NY (USA)",11 JUL 2010,1158
45,45,47:57,Pauline Chemning KORIKWIANG,01 MAR 1988,KEN,2.0,Valencia (ESP),02 JUN 2018,1158
46,45,47:57,Diane VAN ES,22 MAR 1999,NED,6.0,Nijmegen (NED),20 NOV 2022,1158
47,48,48:00,Rose CHERUIYOT,21 JUL 1976,KEN,2.0,Nijmegen (NED),20 NOV 2005,1156
48,49,48:01,Grete WAITZ,01 OCT 1953,NOR,1.0,"Tampa, FL (USA)",09 FEB 1980,1156
49,49,48:01,Ingrid KRISTIANSEN,21 MAR 1956,NOR,1.0,"Tampa, FL (USA)",08 FEB 1986,1156
50,51,48:02,Agnes Mumbua NGOLO,24 OCT 1995,KEN,1.0,Le Puy-en-Velay (FRA),01 MAY 2023,1155
51,52,48:06,Berhane ADERE,23 NOV 1973,ETH,1.0,Nijmegen (NED),19 NOV 2000,1153
52,52,48:06,Catherine NDEREBA,21 JUL 1972,KEN,1.0,"Utica, NY (USA)",08 JUL 2001,1153
53,54,48:08,Florence KIPLAGAT,27 FEB 1987,KEN,2.0,Nijmegen (NED),21 NOV 2010,1152
54,55,48:09,Tiki GELANA,22 OCT 1987,ETH,2.0,Nijmegen (NED),18 NOV 2012,1151
55,55,48:09,Emily SISSON,12 OCT 1991,USA,1.0,"Jacksonville, FL (USA)",20 MAR 2021,1151
56,57,48:10,Grete WAITZ,01 OCT 1953,NOR,1.0,"Tampa, FL (USA)",09 FEB 1985,1151
57,58,48:11,Elana MEYER,10 OCT 1966,RSA,1.0,"Tampa, FL (USA)",26 FEB 1994,1150
58,58,48:11,Elana MEYER,10 OCT 1966,RSA,2.0,"Utica, NY (USA)",08 JUL 2001,1150
59,58,48:11,Vivian MELLY,,KEN,2.0,Le Puy-en-Velay (FRA),01 MAY 2023,1150
60,58,48:11,Cynthia KOSGEI,12 DEC 1993,KEN,3.0,Le Puy-en-Velay (FRA),01 MAY 2023,1150
61,62,48:12,Grete WAITZ,01 OCT 1953,NOR,1.0,"Tampa, FL (USA)",07 FEB 1981,1150
62,63,48:13,Ines CHENONGE,01 FEB 1982,KEN,1.0,Le Puy-en-Velay (FRA),01 MAY 2009,1149
63,64,48:14,Anne HANNAM,07 JAN 1961,NZL,1.0,"Tulsa, OK (USA)",29 OCT 1988,1149
64,64,48:14,Ingrid KRISTIANSEN,21 MAR 1956,NOR,1.0,"Tampa, FL (USA)",11 FEB 1989,1149
65,64,48:14,Deena KASTOR,14 FEB 1973,USA,1.0,"Jacksonville, FL (USA)",09 MAR 2002,1149
66,67,48:15,Susan CHEPKEMEI,25 JUN 1975,KEN,2.0,Nijmegen (NED),19 NOV 2000,1148
67,67,48:15,Alice Jemeli TIMBILILI,01 FEB 1983,KEN,2.0,"Utica, NY (USA)",11 JUL 2010,1148
68,67,48:15,Eva CHERONO,15 AUG 1996,KEN,3.0,Nijmegen (NED),17 NOV 2019,1148
69,70,48:17,Wendy SLY,05 NOV 1959,GBR,2.0,"Tampa, FL (USA)",09 FEB 1985,1147
70,70,48:17,Elana MEYER,10 OCT 1966,RSA,1.0,Bellville (RSA),03 NOV 1990,1147
71,72,48:18,Wendy SLY,05 NOV 1959,GBR,1.0,"Tampa, FL (USA)",05 FEB 1983,1147
72,72,48:18,Yasemin CAN,11 DEC 1996,TUR,1.0,Istanbul (TUR),11 NOV 2018,1147
73,74,48:19,Jill BOLTZ,14 OCT 1966,GBR,1.0,"Utica, NY (USA)",14 JUL 1991,1146
74,74,48:19,Colleen DE REUCK,13 APR 1964,RSA,2.0,Cape Town (RSA),02 NOV 1991,1146
75,74,48:19,Joan Chelimo MELLY,10 NOV 1990,KEN,2.0,Le Puy-en-Velay (FRA),01 MAY 2017,1146
76,77,48:20,Aurora CUNHA,31 MAY 1959,POR,1.0,"Portland, OR (USA)",17 JUN 1990,1146
77,77,48:20,Evaline CHIRCHIR,02 FEB 1998,KEN,3.0,Valencia (ESP),02 JUN 2018,1146
78,79,48:21,Jessica AUGUSTO,08 NOV 1981,POR,1.0,Moskva (RUS),08 SEP 2007,1145
79,80,48:22,Alevtina IVANOVA,22 MAY 1975,RUS,2.0,Moskva (RUS),08 SEP 2007,1145
80,81,48:24,Ingrid KRISTIANSEN,21 MAR 1956,NOR,1.0,Adelaide (AUS),20 MAR 1988,1144
81,81,48:24,Isabella OCHICHI,28 OCT 1979,KEN,1.0,Le Puy-en-Velay (FRA),01 MAY 2003,1144
82,83,48:25,Esther KIPLAGAT,08 DEC 1966,KEN,3.0,"Utica, NY (USA)",08 JUL 2001,1143
83,83,48:25,Derebe ALEMU,05 JUN 1983,ETH,2.0,Nijmegen (NED),21 NOV 2004,1143
84,85,48:26,Grete WAITZ,01 OCT 1953,NOR,1.0,"Tampa, FL (USA)",06 FEB 1982,1143
85,85,48:26,Emily SISSON,12 OCT 1991,USA,1.0,"Jacksonville, FL (USA)",04 MAR 2023,1143
86,87,48:28,Lisa WEIDENBACH,13 DEC 1961,USA,1.0,"Portland, OR (USA)",18 JUN 1989,1141
87,87,48:28,Lieve SLEGERS,06 APR 1965,BEL,1.0,"Tulsa, OK (USA)",28 OCT 1995,1141
88,89,48:29,Constantina DITA-TOMESCU,23 JAN 1970,ROU,1.0,"Utica, NY (USA)",14 JUL 2002,1141
89,89,48:29,Mariya KONOVALOVA,14 AUG 1974,RUS,3.0,Moskva (RUS),08 SEP 2007,1141
90,89,48:29,Kidsan ALEMA,29 JUL 1995,ETH,4.0,Nijmegen (NED),18 NOV 2018,1141
91,92,48:30,Grete WAITZ,01 OCT 1953,NOR,2.0,"Tampa, FL (USA)",05 FEB 1983,1140
92,92,48:30,Tegla LOROUPE,09 MAY 1973,KEN,1.0,"Tampa, FL (USA)",24 FEB 1996,1140
93,92,48:30,Catherina MCKIERNAN,30 NOV 1969,IRL,1.0,Nijmegen (NED),16 NOV 1997,1140
94,92,48:30,Gladys CHEPKURUI,17 AUG 1994,KEN,2.0,Valencia (ESP),18 SEP 2021,1140
95,96,48:31,Aurora CUNHA,31 MAY 1959,POR,1.0,Lisboa (POR),09 NOV 1986,1140
96,96,48:31,Lyudmila PETROVA,07 OCT 1968,RUS,1.0,Moskva (RUS),08 AUG 1998,1140
97,96,48:31,Lydia KORIR,1993,KEN,4.0,Le Puy-en-Velay (FRA),01 MAY 2023,1140
98,99,48:32,Gete WAMI,11 DEC 1974,ETH,3.0,Nijmegen (NED),19 NOV 2000,1139
99,99,48:32,Bezunesh BEKELE,29 JAN 1983,ETH,1.0,Heerenberg (NED),04 DEC 2005,1139
0,101,48:33,Waganesh MEKASHA,16 JAN 1992,ETH,1,Nijmegen (NED),20 NOV 2011,1139
1,102,48:35,Grete WAITZ,01 OCT 1953,NOR,1,"Portland, OR (USA)",30 JUN 1985,1138
2,102,48:35,Rosa MOTA,29 JUN 1958,POR,2,Lisboa (POR),09 NOV 1986,1138
3,102,48:35,Bezunesh BEKELE,29 JAN 1983,ETH,1,Heerenberg (NED),05 DEC 2004,1138
4,102,48:35,Jemima Jelagat SUMGONG,21 DEC 1984,KEN,1,S達o Paulo (BRA),31 DEC 2016,1138
5,106,48:36,Carla BEURSKENS,10 FEB 1952,NED,3,Lisboa (POR),09 NOV 1986,1137
6,106,48:36,Delvine Relin MERINGOR,01 AUG 1992,KEN,1,Mersin (TUR),16 DEC 2018,1137
7,108,48:37,Edith MASAI,04 APR 1967,KEN,1,Le Puy-en-Velay (FRA),01 MAY 2001,1137
8,108,48:37,Susie POWER,26 MAR 1975,AUS,1,Melbourne (AUS),23 JUN 2002,1137
9,108,48:37,Eunice Jepkirui KIRWA,20 MAY 1984,BRN,1,Heerenberg (NED),04 DEC 2016,1137
10,111,48:38,Carmen DE OLIVEIRA,17 AUG 1965,BRA,2,"Tampa, FL (USA)",26 FEB 1994,1136
11,111,48:38,Delillah ASIAGO,24 FEB 1972,KEN,1,"Tampa, FL (USA)",18 FEB 1995,1136
12,113,48:39,Delvine Relin MERINGOR,01 AUG 1992,KEN,2,Istanbul (TUR),11 NOV 2018,1136
13,114,48:40,Catherina MCKIERNAN,30 NOV 1969,IRL,1,La Courneuve (FRA),30 APR 1995,1135
14,114,48:40,Rose CHERUIYOT,21 JUL 1976,KEN,1,Nijmegen (NED),11 NOV 2001,1135
15,114,48:40,Jessica AUGUSTO,08 NOV 1981,POR,1,Viana de Castelo (POR),20 JAN 2008,1135
16,114,48:40,Jordan HASAY,21 SEP 1991,USA,2,"Jacksonville, FL (USA)",10 MAR 2018,1135
17,118,48:41,Marty COOKSEY,18 JUL 1954,USA,4,Lisboa (POR),09 NOV 1986,1135
18,118,48:41,Isabella OCHICHI,28 OCT 1979,KEN,1,Le Puy-en-Velay (FRA),01 MAY 2005,1135
19,118,48:41,Alice Jemeli TIMBILILI,01 FEB 1983,KEN,1,"Utica, NY (USA)",10 JUL 2011,1135
20,118,48:41,Daisy KIMELI,28 NOV 1994,KEN,1,Mersin (TUR),03 DEC 2017,1135
21,122,48:42,Wendy SLY,05 NOV 1959,GBR,2,"Tampa, FL (USA)",11 FEB 1984,1134
22,122,48:42,Iulia OLTEANU-NEGURA,26 JAN 1967,ROU,1,Nieuwegein (NED),13 OCT 1991,1134
23,122,48:42,Catherina MCKIERNAN,30 NOV 1969,IRL,1,La Courneuve (FRA),28 APR 1996,1134
24,122,48:42,Lonah Chemtai SALPETER,12 DEC 1988,ISR,1,Rishon Letzion (ISR),01 FEB 2019,1134
25,126,48:43,Francie LARRIEU-SMITH,23 NOV 1952,USA,1,"Jacksonville, FL (USA)",09 MAR 1991,1134
26,126,48:43,Andrea WALLACE,22 NOV 1966,GBR,2,Nieuwegein (NED),13 OCT 1991,1134
27,126,48:43,Anne Marie LAUCK,07 MAR 1969,USA,3,"Tampa, FL (USA)",26 FEB 1994,1134
28,126,48:43,Marla RUNYAN,04 JAN 1969,USA,2,"Jacksonville, FL (USA)",08 MAR 2003,1134
29,126,48:43,Tirunesh DIBABA,01 OCT 1985,ETH,1,Nijmegen (NED),17 NOV 2013,1134
30,126,48:43,Gladys CHESIR,20 FEB 1993,KEN,3,Nijmegen (NED),16 NOV 2014,1134
31,132,48:44,Grete WAITZ,01 OCT 1953,NOR,1,"Portland, OR (USA)",26 JUN 1983,1133
32,132,48:44,Aurora CUNHA,31 MAY 1959,POR,2,"Portland, OR (USA)",18 JUN 1989,1133
33,132,48:44,Uta PIPPIG,07 SEP 1965,GER,3,Nieuwegein (NED),13 OCT 1991,1133
34,132,48:44,Nadja WIJENBERG,02 APR 1964,URS,4,Nieuwegein (NED),13 OCT 1991,1133
35,132,48:44,Emily CHEBET,18 FEB 1986,KEN,1,Istanbul (TUR),17 OCT 2010,1133
36,132,48:44,Joan Chelimo MELLY,10 NOV 1990,KEN,1,Heerenberg (NED),02 DEC 2018,1133
37,138,48:45,Jill BOLTZ,14 OCT 1966,GBR,2,"Jacksonville, FL (USA)",09 MAR 1991,1133
38,138,48:45,Ingrid KRISTIANSEN,21 MAR 1956,NOR,1,Nijmegen (NED),17 NOV 1991,1133
39,138,48:45,Fernanda RIBEIRO,23 JUN 1969,POR,1,La Courneuve (FRA),29 MAY 1994,1133
40,138,48:45,Lidiya GRIGORYEVA,21 JAN 1974,RUS,1,Moskva (RUS),06 SEP 2003,1133
41,138,48:45,Belainesh Zemedkun GEBRE,23 DEC 1987,ETH,2,"Utica, NY (USA)",10 JUL 2011,1133
42,143,48:46,Eva CHERONO,15 AUG 1996,KEN,7,Nijmegen (NED),20 NOV 2022,1132
43,144,48:47,Rosanna MUNEROTTO,03 DEC 1962,ITA,5,Nieuwegein (NED),13 OCT 1991,1132
44,144,48:47,Catherine NDEREBA,21 JUL 1972,KEN,1,"Utica, NY (USA)",09 JUL 2000,1132
45,146,48:48,Elana MEYER,10 OCT 1966,RSA,1,"Tampa, FL (USA)",25 JAN 1997,1131
46,146,48:48,Prisca JEPTOO,24 JUN 1984,KEN,1,S達o Paulo (BRA),31 DEC 2011,1131
47,146,48:48,Sara MOREIRA,17 OCT 1985,POR,1,Lisboa (POR),13 JAN 2013,1131
48,146,48:48,Yuka SUZUKI,14 SEP 1999,JPN,4,Nijmegen (NED),17 NOV 2019,1131
49,150,48:49,Rose CHERUIYOT,21 JUL 1976,KEN,3,Nijmegen (NED),18 NOV 2007,1131
50,150,48:49,Lornah KIPLAGAT,01 MAY 1974,NED,1,Heerenberg (NED),07 DEC 2008,1131
51,150,48:49,Mary Wacera NGUGI,17 DEC 1988,KEN,1,"Utica, NY (USA)",12 JUL 2015,1131
52,153,48:50,Grete WAITZ,01 OCT 1953,NOR,1,"Tampa, FL (USA)",07 FEB 1987,1130
53,153,48:50,Elva DRYER,26 SEP 1971,USA,2,"Jacksonville, FL (USA)",09 MAR 2002,1130
54,153,48:50,Susan CHEPKEMEI,25 JUN 1975,KEN,1,"Utica, NY (USA)",11 JUL 2004,1130
55,153,48:50,Derebe ALEMU,05 JUN 1983,ETH,1,Heerenberg (NED),02 DEC 2007,1130
56,153,48:50,Grace MOMANYI,13 FEB 1981,KEN,1f1,Luanda (ANG),31 DEC 2008,1130
57,153,48:50,Cynthia JEROTICH,18 DEC 1989,KEN,1,"Utica, NY (USA)",10 JUL 2016,1130
58,159,48:51,Irene Kwambai KIPCHUMBA,25 OCT 1978,KEN,1,Le Puy-en-Velay (FRA),01 MAY 2006,1130
59,159,48:51,Mirriam WANGARI,22 FEB 1979,KEN,1,Porto (POR),18 JUN 2006,1130
60,159,48:51,Cynthia JEROTICH,18 DEC 1989,KEN,2,"Utica, NY (USA)",12 JUL 2015,1130
61,162,48:52,Tegla LOROUPE,09 MAY 1973,KEN,2,"Tampa, FL (USA)",18 FEB 1995,1129
62,162,48:52,Catherine NDEREBA,21 JUL 1972,KEN,1,"Utica, NY (USA)",11 JUL 1999,1129
63,162,48:52,Wude AYALEW,04 JUL 1987,ETH,2,S達o Paulo (BRA),31 DEC 2011,1129
64,162,48:52,Beatrice Chepkemoi MUTAI,19 APR 1987,KEN,3,Nijmegen (NED),18 NOV 2012,1129
65,162,48:52,Birke DEBELE,12 SEP 1995,ETH,1,Nijmegen (NED),19 NOV 2017,1129
66,162,48:52,Delvine Relin MERINGOR,01 AUG 1992,KEN,2,Mersin (TUR),03 DEC 2017,1129
67,162,48:52,Marielle HALL,28 JAN 1992,USA,1,"Jacksonville, FL (USA)",07 MAR 2020,1129
68,169,48:53,Grete WAITZ,01 OCT 1953,NOR,1,"Jacksonville, FL (USA)",08 MAR 1986,1128
69,169,48:53,Nancy TINARI,13 JUN 1959,CAN,2,Monaco (MON),21 NOV 1987,1128
70,169,48:53,Dorcas Jepchirchir TUITOEK,31 JAN 1998,KEN,1,Le Puy-en-Velay (FRA),01 MAY 2018,1128
71,169,48:53,Lucy CHERUIYOT,04 JAN 1997,KEN,2,Le Puy-en-Velay (FRA),01 MAY 2018,1128
72,173,48:54,Isabella OCHICHI,28 OCT 1979,KEN,1,Le Puy-en-Velay (FRA),01 MAY 2002,1128
73,173,48:54,Edna Ngeringwony KIPLAGAT,15 NOV 1979,KEN,2,Heerenberg (NED),04 DEC 2016,1128
74,173,48:54,Mercyline CHELANGAT,17 DEC 1997,UGA,2,Nijmegen (NED),19 NOV 2017,1128
75,173,48:54,Evaline CHIRCHIR,02 FEB 1998,KEN,3,Nijmegen (NED),19 NOV 2017,1128
76,173,48:54,Brigid KOSGEI,20 FEB 1994,KEN,1,S達o Paulo (BRA),31 DEC 2019,1128
77,173,48:54,Rosemary WANJIRU,09 DEC 1994,KEN,1,"Utica, NY (USA)",10 JUL 2022,1128
78,179,48:55,Catherine NDEREBA,21 JUL 1972,KEN,1,"Utica, NY (USA)",14 JUL 1996,1127
79,179,48:55,Catherine NDEREBA,21 JUL 1972,KEN,1,"Tulsa, OK (USA)",31 OCT 1998,1127
80,179,48:55,Susan CHEPKEMEI,25 JUN 1975,KEN,1,"Utica, NY (USA)",13 JUL 2003,1127
81,179,48:55,Nancy Jepkosgei KIPROP,07 JUL 1979,KEN,2,Porto (POR),18 JUN 2006,1127
82,179,48:55,Remziye TEMEL ERMAN,25 JAN 1995,TUR,7,Mersin (TUR),03 DEC 2017,1127
83,184,48:56,Cathy O'BRIEN,19 JUL 1967,USA,1,"Jacksonville, FL (USA)",11 MAR 1995,1127
84,184,48:56,Sofia ASSEFA,14 NOV 1987,ETH,4,Nijmegen (NED),19 NOV 2017,1127
85,184,48:56,Rediet DANIEL MOLLA,,ETH,3,Heerenberg (NED),01 DEC 2019,1127
86,184,48:56,Joyce Chepkemoi TELE,03 MAY 1995,KEN,1,Le Puy-en-Velay (FRA),12 SEP 2021,1127
87,188,48:57,Elana MEYER,10 OCT 1966,RSA,1,Durban (RSA),23 MAY 1992,1126
88,188,48:57,Marisa BARROS,25 FEB 1980,POR,1,Porto (POR),20 JUN 2010,1126
89,190,48:58,Marleen RENDERS,24 DEC 1968,BEL,1,Hasselt (BEL),10 OCT 1999,1126
90,190,48:58,Jennifer RHINES,01 JUL 1974,USA,2,"Jacksonville, FL (USA)",10 MAR 2007,1126
91,192,48:59,Delillah ASIAGO,24 FEB 1972,KEN,1,"Tulsa, OK (USA)",29 OCT 1994,1125
92,192,48:59,Liz MCCOLGAN,24 MAY 1964,GBR,3,"Tampa, FL (USA)",18 FEB 1995,1125
93,192,48:59,Yasemin CAN,11 DEC 1996,TUR,1,Istanbul (TUR),12 NOV 2017,1125
94,195,49:00,Judi ST. HILAIRE,05 SEP 1959,USA,1,"Tulsa, OK (USA)",28 OCT 1989,1125
95,195,49:00,Jill BOLTZ,14 OCT 1966,GBR,1,"Tampa, FL (USA)",09 FEB 1991,1125
96,195,49:00,Mestawat TUFA,14 SEP 1983,ETH,3,Nijmegen (NED),20 NOV 2005,1125
97,195,49:00,Lucy MACHARIA,07 DEC 1987,KEN,4,Nijmegen (NED),18 NOV 2012,1125
