"",Rank,Mark,Competitor,DOB,Nat,Pos,Venue,Date,Results Score
0,1,14:19,Ejgayehu TAYE,10 FEB 2000,ETH,1,Barcelona (ESP),31 DEC 2021,1244
1,2,14:21,Ejgayehu TAYE,10 FEB 2000,ETH,1,Barcelona (ESP),31 DEC 2022,1240
2,3,14:29,Francine NIYONSABA,05 MAY 1993,BDI,1,"Sechseläutenplatz, Zürich (SUI)",08 SEP 2021,1224
3,4,14:29,Senbere TEFERI,03 MAY 1995,ETH,1,Herzogenaurach (GER),12 SEP 2021,1224
4,5,14:30,Hellen OBIRI,13 DEC 1989,KEN,2,"Sechseläutenplatz, Zürich (SUI)",08 SEP 2021,1223
5,6,14:31,Ejgayehu TAYE,10 FEB 2000,ETH,3,"Sechseläutenplatz, Zürich (SUI)",08 SEP 2021,1221
6,7,14:32,Margaret Chelimo KIPKEMBOI,09 FEB 1993,KEN,4,"Sechseläutenplatz, Zürich (SUI)",08 SEP 2021,1220
7,8,14:32,Joyciline JEPKOSGEI,08 DEC 1993,KEN,,Praha (CZE),09 SEP 2017,1218
8,8,14:32,Beatrice CHEBET,05 MAR 2000,KEN,1,"Sechseläutenplatz, Zürich (SUI)",07 SEP 2022,1218
9,8,14:32,Margaret Chelimo KIPKEMBOI,09 FEB 1993,KEN,2,"Sechseläutenplatz, Zürich (SUI)",07 SEP 2022,1218
10,11,14:33,Gudaf TSEGAY,23 JUN 1997,ETH,3,"Sechseläutenplatz, Zürich (SUI)",07 SEP 2022,1216
11,11,14:33,Ejgayehu TAYE,10 FEB 2000,ETH,4,"Sechseläutenplatz, Zürich (SUI)",07 SEP 2022,1216
12,13,14:35,Caroline NYAGA,07 OCT 1993,KEN,1,Lille (FRA),19 MAR 2023,1212
13,13,14:35,Mekides ABEBE,29 JAN 2001,ETH,2,Lille (FRA),19 MAR 2023,1212
14,15,14:37,Eva CHERONO,15 AUG 1996,KEN,5,"Sechseläutenplatz, Zürich (SUI)",08 SEP 2021,1208
15,16,14:37,Senbere TEFERI,03 MAY 1995,ETH,1,Herzogenaurach (GER),30 APR 2022,1208
16,17,14:38,Sifan HASSAN,01 JAN 1993,NED,5,"Sechseläutenplatz, Zürich (SUI)",07 SEP 2022,1206
17,17,14:38,Alicia MONSON,13 MAY 1998,USA,6,"Sechseläutenplatz, Zürich (SUI)",07 SEP 2022,1206
18,19,14:39,Dawit SEYAUM,27 JUL 1996,ETH,1,Lille (FRA),06 NOV 2021,1204
19,20,14:40,Doris Lengole CHEROP,05 FEB 2002,KEN,3,Lille (FRA),19 MAR 2023,1202
20,21,14:41,Elizabeth POTTER,27 DEC 1991,GBR,1f6,Barrowford (GBR),03 APR 2021,1200
21,22,14:42,Norah JERUTO,02 OCT 1995,KEN,2,Lille (FRA),06 NOV 2021,1198
22,23,14:43,Beatrice CHEPKOECH,06 JUL 1991,KEN,1,Monaco (MON),14 FEB 2021,1196
23,24,14:44,Fantu WORKU,29 MAR 1999,ETH,6,"Sechseläutenplatz, Zürich (SUI)",08 SEP 2021,1195
24,25,14:44,Sifan HASSAN,01 JAN 1993,NED,1,Monaco (MON),17 FEB 2019,1194
25,26,14:45,Eilish MCCOLGAN,25 NOV 1990,GBR,1,Málaga (ESP),24 APR 2022,1192
26,27,14:46,Meseret DEFAR,19 NOV 1983,ETH,1,"Carlsbad, CA (USA)",09 APR 2006,1190
27,27,14:46,Violah JEPCHUMBA,23 OCT 1990,BRN,,Praha (CZE),10 SEP 2016,1190
28,27,14:46,Medina EISA,03 JAN 2005,ETH,1,"Adi-Dassler-Straße 1, Herzogenaurach (GER)",29 APR 2023,1190
29,27,14:46,Senbere TEFERI,03 MAY 1995,ETH,2,"Adi-Dassler-Straße 1, Herzogenaurach (GER)",29 APR 2023,1190
30,31,14:47,Lornah KIPLAGAT,01 MAY 1974,NED,1,Brunssum (NED),28 MAR 2004,1188
31,31,14:47,Fantu WORKU,29 MAR 1999,ETH,1,Lille (FRA),20 MAR 2022,1188
32,33,14:48,Genzebe DIBABA,08 FEB 1991,ETH,1,"Carlsbad, CA (USA)",29 MAR 2015,1186
33,33,14:48,Caroline Chepkoech KIPKIRUI,26 MAY 1994,KEN,,Praha (CZE),08 SEP 2018,1186
34,33,14:48,Girmawit GEBRZIHAIR,21 NOV 2001,ETH,3,"Adi-Dassler-Straße 1, Herzogenaurach (GER)",29 APR 2023,1186
35,36,14:49,Gladys CHEPKURUI,17 AUG 1994,KEN,1,Wien (AUT),03 OCT 2021,1184
36,36,14:49,Senbere TEFERI,03 MAY 1995,ETH,1,"Boston, MA (USA)",16 APR 2022,1184
37,38,14:50,Molly HUDDLE,31 AUG 1984,USA,1,"Boston, MA (USA)",18 APR 2015,1182
38,39,14:51,Lilian Kasait RENGERUK,03 MAY 1997,KEN,7,"Sechseläutenplatz, Zürich (SUI)",08 SEP 2021,1181
39,40,14:51,Paula RADCLIFFE,17 DEC 1973,GBR,1,London (GBR),14 SEP 2003,1181
40,40,14:51,Tirunesh DIBABA,01 OCT 1985,ETH,1,"Carlsbad, CA (USA)",03 APR 2005,1181
41,40,14:51,Sentayehu EJIGU,28 JUN 1985,ETH,2,"Boston, MA (USA)",18 APR 2015,1181
42,43,14:52,Mamitu DASKA,16 OCT 1983,ETH,3,"Boston, MA (USA)",18 APR 2015,1179
43,43,14:52,Konstanze KLOSTERHALFEN,18 FEB 1997,GER,2,Barcelona (ESP),31 DEC 2022,1179
44,45,14:53,Isabella OCHICHI,28 OCT 1979,KEN,1,"Carlsbad, CA (USA)",28 MAR 2004,1177
45,45,14:53,Isabella OCHICHI,28 OCT 1979,KEN,2,"Carlsbad, CA (USA)",09 APR 2006,1177
46,45,14:53,Medina EISA,03 JAN 2005,ETH,2,Herzogenaurach (GER),30 APR 2022,1177
47,48,14:54,Berhane ADERE,23 NOV 1973,ETH,1,"Carlsbad, CA (USA)",13 APR 2003,1175
48,49,14:54,Deena KASTOR,14 FEB 1973,USA,1,"Carlsbad, CA (USA)",07 APR 2002,1175
49,49,14:54,Buze DIRIBA,09 FEB 1994,ETH,1,"Boston, MA (USA)",15 APR 2017,1175
50,49,14:54,Melknat WUDU,03 JAN 2005,ETH,2,Herzogenaurach (GER),12 SEP 2021,1175
51,49,14:54,Nigsti HAFTU,08 JUL 1999,ETH,3,Herzogenaurach (GER),12 SEP 2021,1175
52,49,14:54,Meskerem MAMO,13 APR 1999,ETH,3,Lille (FRA),06 NOV 2021,1175
53,54,14:55,Isabella OCHICHI,28 OCT 1979,KEN,2,"Carlsbad, CA (USA)",03 APR 2005,1173
54,55,14:56,Sonia O'SULLIVAN,28 NOV 1969,IRL,1,London (GBR),01 SEP 2002,1171
55,55,14:56,Isabella OCHICHI,28 OCT 1979,KEN,2,"Carlsbad, CA (USA)",13 APR 2003,1171
56,55,14:56,Molly HUDDLE,31 AUG 1984,USA,2,"Boston, MA (USA)",15 APR 2017,1171
57,55,14:56,Mercy CHERONO,07 MAY 1991,KEN,3,Herzogenaurach (GER),30 APR 2022,1171
58,59,14:57,Paula RADCLIFFE,17 DEC 1973,GBR,1,London (GBR),02 SEP 2001,1169
59,59,14:57,Gelete BURKA,23 JAN 1986,ETH,4,"Boston, MA (USA)",18 APR 2015,1169
60,59,14:57,Naomi CHEPNGENO,22 DEC 1994,KEN,2,Málaga (ESP),24 APR 2022,1169
61,59,14:57,Brenda CHEBET,16 MAR 2004,KEN,4,Lille (FRA),19 MAR 2023,1169
62,59,14:57,Lemlem NIBRET,01 JAN 2005,ETH,4,"Adi-Dassler-Straße 1, Herzogenaurach (GER)",29 APR 2023,1169
63,59,14:57,Naomi CHEPNGENO,22 DEC 1994,KEN,1,Wien (AUT),04 JUN 2023,1169
64,65,14:58,Lydia CHEROMEI,11 MAY 1977,KEN,1,Bern (SUI),08 JUN 1997,1167
65,65,14:58,Hawi FEYSA,01 FEB 1999,ETH,7,"Sechseläutenplatz, Zürich (SUI)",07 SEP 2022,1167
66,67,14:59,Benita WILLIS-JOHNSON,06 MAY 1979,AUS,2,London (GBR),01 SEP 2002,1165
67,67,14:59,Purity Kajuju GITONGA,12 MAY 1996,KEN,2,Wien (AUT),04 JUN 2023,1165
68,69,15:00,Karoline Bjerkeli GRØVDAL,14 JUN 1990,NOR,8,"Sechseläutenplatz, Zürich (SUI)",08 SEP 2021,1163
69,70,15:00,Tirunesh DIBABA,01 OCT 1985,ETH,3,"Carlsbad, CA (USA)",13 APR 2003,1163
70,70,15:00,Buze DIRIBA,09 FEB 1994,ETH,5,"Boston, MA (USA)",18 APR 2015,1163
71,70,15:00,Genzebe DIBABA,08 FEB 1991,ETH,1,Barcelona (ESP),31 DEC 2020,1163
72,73,15:01,Meseret DEFAR,19 NOV 1983,ETH,1,"Carlsbad, CA (USA)",01 APR 2007,1161
73,73,15:01,Meseret DEFAR,19 NOV 1983,ETH,1,London (GBR),07 SEP 2008,1161
74,73,15:01,Tirunesh DIBABA,01 OCT 1985,ETH,1,"Carlsbad, CA (USA)",01 APR 2012,1161
75,73,15:01,Mekides ABEBE,29 JAN 2001,ETH,1,"Boston, MA (USA)",15 APR 2023,1161
76,73,15:01,Yalemget YAREGAL,23 OCT 2003,ETH,5,"Adi-Dassler-Straße 1, Herzogenaurach (GER)",29 APR 2023,1161
77,78,15:02,Benita WILLIS-JOHNSON,06 MAY 1979,AUS,4,"Carlsbad, CA (USA)",13 APR 2003,1159
78,78,15:02,Meseret DEFAR,19 NOV 1983,ETH,1,"Carlsbad, CA (USA)",03 APR 2016,1159
79,78,15:02,Agnes Jebet NGETICH,23 JAN 2001,KEN,4,Herzogenaurach (GER),12 SEP 2021,1159
80,78,15:02,Agnes Jebet NGETICH,23 JAN 2001,KEN,2,"Boston, MA (USA)",15 APR 2023,1159
81,82,15:03,Vicoty CHEPNGENO,12 NOV 1993,KEN,1,Wien (AUT),22 MAY 2022,1157
82,83,15:04,Berhane ADERE,23 NOV 1973,ETH,1,Balmoral (GBR),08 MAY 2004,1155
83,83,15:04,Meseret DEFAR,19 NOV 1983,ETH,1,"Carlsbad, CA (USA)",11 APR 2010,1155
84,83,15:04,Kalkidan GEZAHEGNE,08 MAY 1991,BRN,3,"Boston, MA (USA)",15 APR 2017,1155
85,83,15:04,Karoline Bjerkeli GRØVDAL,14 JUN 1990,NOR,1,Spikkestad (NOR),04 OCT 2020,1155
86,83,15:04,Meraf BAHTA,24 JUN 1989,SWE,2,Barcelona (ESP),31 DEC 2021,1155
87,83,15:04,Weini KELATI FREZGHI,01 DEC 1996,USA,2,"Boston, MA (USA)",16 APR 2022,1155
88,83,15:04,Melknat WUDU,03 JAN 2005,ETH,6,"Adi-Dassler-Straße 1, Herzogenaurach (GER)",29 APR 2023,1155
89,90,15:05,Rose CHERUIYOT,21 JUL 1976,KEN,1,"Carlsbad, CA (USA)",02 APR 1995,1153
90,90,15:05,Peruth CHEMUTAI,10 JUL 1999,UGA,2,Lille (FRA),20 MAR 2022,1153
91,90,15:05,Gladys CHEPKURUI,17 AUG 1994,KEN,3,Wien (AUT),04 JUN 2023,1153
92,93,15:06,Asmae LEGHZAOUI,30 AUG 1976,MAR,1,"Providence, RI (USA)",15 SEP 2002,1152
93,94,15:06,Sonia O'SULLIVAN,28 NOV 1969,IRL,1,London (GBR),05 SEP 2004,1151
94,94,15:06,Linet Chepkwemoi MASAI,05 DEC 1989,KEN,1,London (GBR),05 SEP 2010,1151
95,94,15:06,Julia BLEASDALE,09 SEP 1981,GBR,1,"Carlsbad, CA (USA)",30 MAR 2014,1151
96,94,15:06,Loice CHEMNUNG,22 FEB 1997,KEN,4,Lille (FRA),06 NOV 2021,1151
97,94,15:06,Eva CHERONO,15 AUG 1996,KEN,3,Lille (FRA),20 MAR 2022,1151
98,94,15:06,Gladys CHEPKURUI,17 AUG 1994,KEN,2,Wien (AUT),22 MAY 2022,1151
99,94,15:06,Karoline Bjerkeli GRØVDAL,14 JUN 1990,NOR,3,Barcelona (ESP),31 DEC 2022,1151
0,101,15:07,Benita WILLIS-JOHNSON,06 MAY 1979,AUS,2.0,"Carlsbad, CA (USA)",28 MAR 2004,1149
1,101,15:07,Mary Wacera NGUGI,17 DEC 1988,KEN,6.0,"Boston, MA (USA)",18 APR 2015,1149
2,103,15:08,Deena KASTOR,14 FEB 1973,USA,1.0,"Carlsbad, CA (USA)",26 MAR 2000,1148
3,103,15:08,Derartu TULU,21 MAR 1972,ETH,2.0,London (GBR),05 SEP 2004,1148
4,103,15:08,Meseret DEFAR,19 NOV 1983,ETH,1.0,London (GBR),16 SEP 2007,1148
5,103,15:08,Marielle HALL,28 JAN 1992,USA,4.0,"Boston, MA (USA)",15 APR 2017,1148
6,103,15:08,Keira D'AMATO,21 OCT 1984,USA,1.0,"Memphis, TN (USA)",14 NOV 2020,1148
7,108,15:09,Zenah Jemutai YEGO,02 DEC 2002,KEN,5.0,Lille (FRA),19 MAR 2023,1146
8,108,15:09,Brenda CHEBET,16 MAR 2004,KEN,7.0,"Adi-Dassler-Straße 1, Herzogenaurach (GER)",29 APR 2023,1146
9,108,15:09,Karoline Bjerkeli GRØVDAL,14 JUN 1990,NOR,8.0,"Adi-Dassler-Straße 1, Herzogenaurach (GER)",29 APR 2023,1146
10,111,15:10,Elana MEYER,10 OCT 1966,RSA,1.0,"Providence, RI (USA)",16 OCT 1994,1144
11,111,15:10,Sylvia Jebiwot KIBET,28 MAR 1984,KEN,2.0,London (GBR),05 SEP 2010,1144
12,111,15:10,Molly HUDDLE,31 AUG 1984,USA,1.0,"Providence, RI (USA)",21 SEP 2014,1144
13,111,15:10,Laura WEIGHTMAN,01 JUL 1991,GBR,1.0,Wigan (GBR),05 OCT 2020,1144
14,111,15:10,Dawit SEYAUM,27 JUL 1996,ETH,5.0,Herzogenaurach (GER),12 SEP 2021,1144
15,116,15:11,Liz MCCOLGAN,24 MAY 1964,GBR,1.0,"Carlsbad, CA (USA)",14 APR 1991,1142
16,116,15:11,Marta DOMÍNGUEZ,03 NOV 1975,ESP,3.0,London (GBR),01 SEP 2002,1142
17,116,15:11,Sonia O'SULLIVAN,28 NOV 1969,IRL,2.0,Balmoral (GBR),08 MAY 2004,1142
18,116,15:11,Vivian Jepkemoi CHERUIYOT,11 SEP 1983,KEN,1.0,London (GBR),06 SEP 2009,1142
19,116,15:11,Melknat WUDU,03 JAN 2005,ETH,4.0,Herzogenaurach (GER),30 APR 2022,1142
20,121,15:12,Beatrice CHEBET,05 MAR 2000,KEN,9.0,"Sechseläutenplatz, Zürich (SUI)",08 SEP 2021,1141
21,122,15:12,Linet Chepkwemoi MASAI,05 DEC 1989,KEN,2.0,London (GBR),06 SEP 2009,1140
22,122,15:12,Emily CHEBET,18 FEB 1986,KEN,1.0,"Albany, NY (USA)",05 JUN 2010,1140
23,122,15:12,Werknesh KIDANE,07 JAN 1981,ETH,1.0,"Boston, MA (USA)",15 APR 2012,1140
24,122,15:12,Molly HUDDLE,31 AUG 1984,USA,1.0,"Boston, MA (USA)",19 APR 2014,1140
25,122,15:12,Cynthia JEROTICH,18 DEC 1989,KEN,7.0,"Boston, MA (USA)",18 APR 2015,1140
26,122,15:12,Molly HUDDLE,31 AUG 1984,USA,1.0,"Providence, RI (USA)",20 SEP 2015,1140
27,122,15:12,Nigsti HAFTU,08 JUL 1999,ETH,5.0,Herzogenaurach (GER),30 APR 2022,1140
28,122,15:12,Peruth CHEMUTAI,10 JUL 1999,UGA,6.0,Lille (FRA),19 MAR 2023,1140
29,122,15:12,Annie RODENFELS,24 JUL 1996,USA,3.0,"Boston, MA (USA)",15 APR 2023,1140
30,131,15:13,Annemari SANDELL,02 JAN 1977,FIN,1.0,Portsmouth (GBR),13 APR 1996,1138
31,131,15:13,Aberu KEBEDE,12 SEP 1986,ETH,3.0,London (GBR),06 SEP 2009,1138
32,131,15:13,Aheza KIROS,16 OCT 1985,ETH,1.0,"Carlsbad, CA (USA)",03 APR 2011,1138
33,131,15:13,Werknesh KIDANE,07 JAN 1981,ETH,2.0,"Carlsbad, CA (USA)",01 APR 2012,1138
34,131,15:13,Gelete BURKA,23 JAN 1986,ETH,2.0,"Carlsbad, CA (USA)",29 MAR 2015,1138
35,131,15:13,Caroline Chepkoech KIPKIRUI,26 MAY 1994,KEN,2.0,"Carlsbad, CA (USA)",03 APR 2016,1138
36,131,15:13,Brigid KOSGEI,20 FEB 1994,KEN,1.0,Lisboa (POR),19 MAY 2019,1138
37,131,15:13,Medina EISA,03 JAN 2005,ETH,6.0,Herzogenaurach (GER),12 SEP 2021,1138
38,131,15:13,Nadia BATTOCLETTI,12 APR 2000,ITA,6.0,Herzogenaurach (GER),30 APR 2022,1138
39,131,15:13,Weini KELATI FREZGHI,01 DEC 1996,USA,4.0,"Boston, MA (USA)",15 APR 2023,1138
40,141,15:14,Vicki HUBER,29 MAY 1967,USA,1.0,"Carlsbad, CA (USA)",29 MAR 1992,1136
41,141,15:14,Nataliya BERKUT,30 MAY 1975,UKR,,Neuss (GER),05 JUN 2004,1136
42,141,15:14,Vivian Jepkemoi CHERUIYOT,11 SEP 1983,KEN,1.0,"Carlsbad, CA (USA)",06 APR 2008,1136
43,141,15:14,Pauline Chemning KORIKWIANG,01 MAR 1988,KEN,2.0,"Carlsbad, CA (USA)",03 APR 2011,1136
44,141,15:14,Buze DIRIBA,09 FEB 1994,ETH,1.0,Rennes (FRA),14 OCT 2012,1136
45,141,15:14,Mamitu DASKA,16 OCT 1983,ETH,2.0,"Boston, MA (USA)",19 APR 2014,1136
46,141,15:14,Molly HUDDLE,31 AUG 1984,USA,1.0,"Boston, MA (USA)",16 APR 2016,1136
47,141,15:14,Joyce Chepkemoi TELE,03 MAY 1995,KEN,5.0,Lille (FRA),06 NOV 2021,1136
48,141,15:14,Fancy CHERONO,02 AUG 2001,KEN,6.0,Lille (FRA),06 NOV 2021,1136
49,150,15:15,Yelena ROMANOVA,20 MAR 1963,RUS,1.0,Bern (SUI),13 JUN 1993,1134
50,150,15:15,Catherina MCKIERNAN,30 NOV 1969,IRL,2.0,Portsmouth (GBR),13 APR 1996,1134
51,150,15:15,Lornah KIPLAGAT,01 MAY 1974,KEN,1.0,Trier (GER),31 DEC 2000,1134
52,150,15:15,Susie POWER,26 MAR 1975,AUS,4.0,London (GBR),01 SEP 2002,1134
53,150,15:15,Lonah Chemtai SALPETER,12 DEC 1988,ISR,1.0,Tel Aviv (ISR),15 FEB 2019,1134
54,150,15:15,Alemitu TARIKU,28 SEP 2000,ETH,7.0,Herzogenaurach (GER),12 SEP 2021,1134
55,150,15:15,Mercyline CHERONO,04 JAN 1992,KEN,7.0,Lille (FRA),06 NOV 2021,1134
56,150,15:15,Jesca CHELANGAT,09 JAN 1998,KEN,5.0,"Boston, MA (USA)",15 APR 2023,1134
57,158,15:16,Irina MIKITENKO,23 AUG 1972,GER,1.0,Kassel (GER),14 MAY 2000,1132
58,158,15:16,Irina MIKITENKO,23 AUG 1972,GER,2.0,Trier (GER),31 DEC 2000,1132
59,158,15:16,Émilie MONDOR,29 APR 1981,CAN,1.0,"Chula Vista, CA (USA)",24 OCT 2004,1132
60,158,15:16,Meselech MELKAMU,19 APR 1985,ETH,3.0,"Carlsbad, CA (USA)",03 APR 2005,1132
61,158,15:16,Kimberley SMITH,19 NOV 1981,NZL,1.0,"Boston, MA (USA)",14 APR 2013,1132
62,158,15:16,Sentayehu EJIGU,28 JUN 1985,ETH,3.0,"Boston, MA (USA)",19 APR 2014,1132
63,158,15:16,Betsy SAINA,30 JUN 1988,KEN,4.0,"Boston, MA (USA)",19 APR 2014,1132
64,158,15:16,Purity Cherotich RIONORIPO,10 JUN 1993,KEN,1.0,Lisboa (POR),15 MAY 2016,1132
65,158,15:16,Monicah WANJUHI,07 NOV 1993,KEN,1.0,"Boston, MA (USA)",13 APR 2019,1132
66,158,15:16,Sharon LOKEDI,10 MAR 1994,KEN,3.0,"Boston, MA (USA)",16 APR 2022,1132
67,158,15:16,Mekdes WOLDU,20 OCT 1992,FRA,3.0,Málaga (ESP),24 APR 2022,1132
68,158,15:16,Jesca CHELANGAT,09 JAN 1998,KEN,7.0,Herzogenaurach (GER),30 APR 2022,1132
69,158,15:16,Luiza GEGA,05 NOV 1988,ALB,7.0,Lille (FRA),19 MAR 2023,1132
70,171,15:17,Kathrin WESSEL,14 AUG 1967,GER,1.0,Essen (GER),01 MAY 1993,1130
71,171,15:17,Sentayehu EJIGU,28 JUN 1985,ETH,3.0,"Carlsbad, CA (USA)",09 APR 2006,1130
72,171,15:17,Etenesh DIRO,10 MAY 1991,ETH,2.0,Rennes (FRA),14 OCT 2012,1130
73,171,15:17,Gotytom GEBRESLASE,15 JAN 1995,ETH,5.0,"Boston, MA (USA)",19 APR 2014,1130
74,171,15:17,Shalane FLANAGAN,08 JUL 1981,USA,2.0,"Providence, RI (USA)",20 SEP 2015,1130
75,176,15:18,Liz MCCOLGAN,24 MAY 1964,GBR,3.0,Portsmouth (GBR),13 APR 1996,1128
76,176,15:18,Sally BARSOSIO,21 MAR 1978,KEN,1.0,"Carlsbad, CA (USA)",13 APR 1997,1128
77,176,15:18,Leah MALOT,07 JUN 1972,KEN,3.0,Trier (GER),31 DEC 2000,1128
78,176,15:18,Yelena ZADOROZHNAYA,03 DEC 1977,RUS,1.0,Kassel (GER),20 JUN 2009,1128
79,176,15:18,Wude AYALEW,04 JUL 1987,ETH,3.0,"Carlsbad, CA (USA)",29 MAR 2015,1128
80,176,15:18,Caroline Chepkoech KIPKIRUI,26 MAY 1994,KEN,1.0,San José (USA),24 NOV 2016,1128
81,176,15:18,Weini KELATI FREZGHI,01 DEC 1996,USA,1.0,"New York, NY (USA)",06 NOV 2021,1128
82,183,15:19,Tirunesh DIBABA,01 OCT 1985,ETH,2.0,"Carlsbad, CA (USA)",07 APR 2002,1126
83,183,15:19,Meseret DEFAR,19 NOV 1983,ETH,5.0,"Carlsbad, CA (USA)",13 APR 2003,1126
84,183,15:19,Émilie MONDOR,29 APR 1981,CAN,6.0,"Carlsbad, CA (USA)",13 APR 2003,1126
85,183,15:19,Benita WILLIS-JOHNSON,06 MAY 1979,AUS,4.0,"Carlsbad, CA (USA)",09 APR 2006,1126
86,183,15:19,Tsigei WORKU,19 JAN 1982,ETH,2.0,Kassel (GER),20 JUN 2009,1126
87,183,15:19,Mamitu DASKA,16 OCT 1983,ETH,1.0,"Albany, NY (USA)",04 JUN 2011,1126
88,189,15:20,Uta PIPPIG,07 SEP 1965,GER,2.0,Bern (SUI),13 JUN 1993,1125
89,189,15:20,Colleen DE REUCK,13 APR 1964,RSA,1.0,"Carlsbad, CA (USA)",27 MAR 1994,1125
90,189,15:20,Angela CHALMERS,06 SEP 1963,CAN,1.0,"Carlsbad, CA (USA)",31 MAR 1996,1125
91,189,15:20,Nora Leticia ROCHA,18 DEC 1967,MEX,2.0,"Carlsbad, CA (USA)",26 MAR 2000,1125
92,189,15:20,Restituta JOSEPH KEMI,30 JUL 1971,TAN,2.0,Kassel (GER),14 MAY 2000,1125
93,189,15:20,Sally BARSOSIO,21 MAR 1978,KEN,1.0,"Carlsbad, CA (USA)",01 APR 2001,1125
94,189,15:20,Werknesh KIDANE,07 JAN 1981,ETH,3.0,"Carlsbad, CA (USA)",07 APR 2002,1125
95,189,15:20,Leah MALOT,07 JUN 1972,KEN,1.0,Bern (SUI),09 JUN 2002,1125
96,189,15:20,Derartu TULU,21 MAR 1972,ETH,2.0,London (GBR),14 SEP 2003,1125
97,189,15:20,Edna Ngeringwony KIPLAGAT,15 NOV 1979,KEN,2.0,"Albany, NY (USA)",05 JUN 2010,1125
98,189,15:20,Caroline CHEPKWONY,24 JUL 1985,KEN,1.0,Kassel (GER),20 JUN 2010,1125
99,189,15:20,Mamitu DASKA,16 OCT 1983,ETH,1.0,"Albany, NY (USA)",02 JUN 2012,1125
0,189,15:20,Tsigie GEBRESELAMA,30 SEP 2000,ETH,1,Addis Abeba (ETH),15 MAR 2020,1125
1,202,15:21,Luminita ZAITUC,09 OCT 1968,GER,3,Kassel (GER),14 MAY 2000,1123
2,202,15:21,Sentayehu EJIGU,28 JUN 1985,ETH,7,"Carlsbad, CA (USA)",13 APR 2003,1123
3,202,15:21,Jennifer RHINES,01 JUL 1974,USA,2,"Carlsbad, CA (USA)",01 APR 2007,1123
4,202,15:21,Rose CHERUIYOT,21 JUL 1976,KEN,2,"Carlsbad, CA (USA)",06 APR 2008,1123
5,202,15:21,Aheza KIROS,16 OCT 1985,ETH,2,"Boston, MA (USA)",15 APR 2012,1123
6,202,15:21,Betsy SAINA,30 JUN 1988,KEN,2,"Carlsbad, CA (USA)",30 MAR 2014,1123
7,202,15:21,Linet Chepkwemoi MASAI,05 DEC 1989,KEN,6,"Boston, MA (USA)",19 APR 2014,1123
8,202,15:21,Lucy Kabuu WANGUI,24 MAR 1984,KEN,1,"Albany, NY (USA)",31 MAY 2014,1123
9,210,15:22,Shelly STEELY,23 OCT 1962,USA,1,"Los Angeles, CA (USA)",03 MAR 1991,1121
10,210,15:22,Tegla LOROUPE,09 MAY 1973,KEN,2,London (GBR),02 SEP 2001,1121
11,210,15:22,Émilie MONDOR,29 APR 1981,CAN,3,Balmoral (GBR),08 MAY 2004,1121
12,210,15:22,Benita WILLIS-JOHNSON,06 MAY 1979,AUS,1,"Albany, NY (USA)",02 JUN 2007,1121
13,210,15:22,Caroline CHEPKWONY,24 JUL 1985,KEN,3,Kassel (GER),20 JUN 2009,1121
14,210,15:22,Pauline Chemning KORIKWIANG,01 MAR 1988,KEN,3,"Carlsbad, CA (USA)",01 APR 2012,1121
15,210,15:22,Margaret Wangari MURIUKI,21 MAR 1986,KEN,3,Rennes (FRA),14 OCT 2012,1121
16,210,15:22,Buze DIRIBA,09 FEB 1994,ETH,1,Rennes (FRA),13 OCT 2013,1121
17,210,15:22,Mamitu DASKA,16 OCT 1983,ETH,2,"Albany, NY (USA)",31 MAY 2014,1121
18,210,15:22,Netsanet GUDETA,12 FEB 1991,ETH,1,Rennes (FRA),11 OCT 2015,1121
19,210,15:22,Aliphine Chepkerker TULIAMUK,05 APR 1989,USA,1,"Providence, RI (USA)",18 SEP 2016,1121
20,210,15:22,Buze DIRIBA,09 FEB 1994,ETH,1,"Boston, MA (USA)",14 APR 2018,1121
21,210,15:22,Laura WEIGHTMAN,01 JUL 1991,GBR,1,Ipswich (GBR),11 MAY 2019,1121
22,210,15:22,Alina REH,23 MAY 1997,GER,1f3,Berlin (GER),12 JUL 2020,1121
23,210,15:22,Sarah LAHTI,18 FEB 1995,SWE,1,Angers (FRA),24 APR 2021,1121
24,210,15:22,Dawit SEYAUM,27 JUL 1996,ETH,1,Bolzano (ITA),31 DEC 2021,1121
25,210,15:22,Elly HENES,13 OCT 1998,USA,4,"Boston, MA (USA)",16 APR 2022,1121
26,210,15:22,Teresiah Muthoni GATERI,05 JAN 2002,KEN,1,Fukuoka (JPN),12 NOV 2022,1121
27,210,15:22,Wede KEFALE,02 MAR 2000,ETH,8,Lille (FRA),19 MAR 2023,1121
28,229,15:23,Esther KIPLAGAT,08 DEC 1966,KEN,3,Bern (SUI),13 JUN 1993,1119
29,229,15:23,Eyerusalem KUMA,07 SEP 1981,ETH,3,"Carlsbad, CA (USA)",26 MAR 2000,1119
30,229,15:23,Meseret DEFAR,19 NOV 1983,ETH,3,"Carlsbad, CA (USA)",28 MAR 2004,1119
31,229,15:23,Mamitu DASKA,16 OCT 1983,ETH,3,"Albany, NY (USA)",05 JUN 2010,1119
32,229,15:23,Aheza KIROS,16 OCT 1985,ETH,2,"Albany, NY (USA)",04 JUN 2011,1119
33,229,15:23,Lineth CHEPKURUI,23 FEB 1987,KEN,2,"Boston, MA (USA)",14 APR 2013,1119
34,229,15:23,Janet KISA,05 DEC 1992,KEN,2,Rennes (FRA),13 OCT 2013,1119
35,229,15:23,Etalemahu HABTEWOLD,1990,ETH,3,"Carlsbad, CA (USA)",30 MAR 2014,1119
36,229,15:23,Fotyen TESFAY,17 FEB 1998,ETH,2,"Boston, MA (USA)",14 APR 2018,1119
37,229,15:23,Yasemin CAN,11 DEC 1996,TUR,8,Herzogenaurach (GER),12 SEP 2021,1119
38,229,15:23,Emily DURGIN,15 MAY 1994,USA,5,"Boston, MA (USA)",16 APR 2022,1119
39,229,15:23,Agate CAUNE,07 AUG 2004,LAT,1,Riga (LAT),07 MAY 2023,1119
40,241,15:24,Laura MYKYTOK,17 SEP 1968,USA,2,"Providence, RI (USA)",16 OCT 1994,1117
41,241,15:24,Delillah ASIAGO,24 FEB 1972,KEN,2,"Carlsbad, CA (USA)",02 APR 1995,1117
42,241,15:24,Marla RUNYAN,04 JAN 1969,USA,4,"Carlsbad, CA (USA)",26 MAR 2000,1117
43,241,15:24,Eyerusalem KUMA,07 SEP 1981,ETH,2,"Carlsbad, CA (USA)",01 APR 2001,1117
44,241,15:24,Eyerusalem KUMA,07 SEP 1981,ETH,4,"Carlsbad, CA (USA)",07 APR 2002,1117
45,241,15:24,Joyce CHEPCHUMBA,06 NOV 1970,KEN,5,London (GBR),01 SEP 2002,1117
46,241,15:24,Marie DAVENPORT-MCMAHON,24 JAN 1975,IRL,1,"Providence, RI (USA)",07 SEP 2003,1117
47,241,15:24,Sonia O'SULLIVAN,28 NOV 1969,IRL,3,London (GBR),14 SEP 2003,1117
48,241,15:24,Mihaela Maria BOTEZAN-PRUNDUS,21 NOV 1976,ROU,3,London (GBR),05 SEP 2004,1117
49,241,15:24,Berhane ADERE,23 NOV 1973,ETH,1,London (GBR),03 SEP 2006,1117
50,241,15:24,Miriam SIAMUSIYE,,USA,1,"Little Rock, AR (USA)",04 JUL 2008,1117
51,241,15:24,Haftamnesh TESFAYE,28 APR 1994,ETH,3,Rennes (FRA),13 OCT 2013,1117
52,241,15:24,Brenda MARTINEZ,08 SEP 1987,USA,4,"Carlsbad, CA (USA)",30 MAR 2014,1117
53,241,15:24,Dera DIDA,26 OCT 1996,ETH,2,Rennes (FRA),11 OCT 2015,1117
54,241,15:24,Etagegne WOLDU,10 MAY 1996,ETH,3,Rennes (FRA),11 OCT 2015,1117
55,241,15:24,Molly HUDDLE,31 AUG 1984,USA,1,"New York, NY (USA)",04 NOV 2017,1117
56,241,15:24,Monicah WANJUHI,07 NOV 1993,KEN,3,"Boston, MA (USA)",14 APR 2018,1117
57,241,15:24,Elizabeth POTTER,27 DEC 1991,GBR,1,Barrowford (GBR),08 AUG 2020,1117
58,241,15:24,Norah JERUTO,02 OCT 1995,KEN,2,Bolzano (ITA),31 DEC 2021,1117
59,241,15:24,Fiona O'KEEFFE,24 MAY 1998,USA,6,"Boston, MA (USA)",15 APR 2023,1117
60,241,15:24,Majida MAAYOUF,27 APR 1989,MAR,,Santander (ESP),14 MAY 2023,1117
61,241,15:24,Nadia BATTOCLETTI,12 APR 2000,ITA,4,Wien (AUT),04 JUN 2023,1117
62,263,15:25,Judi ST. HILAIRE,05 SEP 1959,USA,1,"Fort Myers, FL (USA)",16 FEB 1991,1115
63,263,15:25,Naomi MUGO,02 JAN 1977,KEN,1,"Carlsbad, CA (USA)",29 MAR 1998,1115
64,263,15:25,Sally BARSOSIO,21 MAR 1978,KEN,5,"Carlsbad, CA (USA)",26 MAR 2000,1115
65,263,15:25,Marla RUNYAN,04 JAN 1969,USA,1,"Albany, NY (USA)",31 MAY 2003,1115
66,263,15:25,Sentayehu EJIGU,28 JUN 1985,ETH,4,"Carlsbad, CA (USA)",28 MAR 2004,1115
67,263,15:25,Caroline Cheptanui KILEL,21 MAR 1981,KEN,1,Praha (CZE),19 SEP 2004,1115
68,263,15:25,Mirriam KAUMBA,09 APR 1983,ZAM,1,"Little Rock, AR (USA)",04 JUL 2006,1115
69,263,15:25,Olga KRAVTSOVA,25 JUL 1981,BLR,1,"Binghamton, NY (USA)",27 AUG 2006,1115
70,263,15:25,Adenech ZEKIROS,26 MAR 1982,ETH,3,"Carlsbad, CA (USA)",01 APR 2007,1115
71,263,15:25,Fate TOLA,22 OCT 1987,ETH,2,Kassel (GER),20 JUN 2010,1115
72,263,15:25,Mary Jepkosgei KEITANY,18 JAN 1982,KEN,1,Lisboa (POR),29 MAY 2011,1115
73,263,15:25,Jordan HASAY,21 SEP 1991,USA,2,"Providence, RI (USA)",21 SEP 2014,1115
74,263,15:25,Lanni MARCHANT,11 APR 1984,CAN,1,"Anaheim, CA (USA)",13 JUN 2015,1115
75,263,15:25,Laura WEIGHTMAN,01 JUL 1991,GBR,1,Barrowford (GBR),10 MAR 2018,1115
76,263,15:25,Maureen KOSTER,03 JUL 1992,NED,1,Nijmegen (NED),19 JUL 2020,1115
77,263,15:25,Charlotte ARTER,18 JUN 1991,GBR,2,Wien (AUT),03 OCT 2021,1115
78,263,15:25,Keira D'AMATO,21 OCT 1984,USA,6,"Boston, MA (USA)",16 APR 2022,1115
79,280,15:26,Yimenashu TAYE,1979,ETH,6,"Carlsbad, CA (USA)",26 MAR 2000,1113
80,280,15:26,Tegla LOROUPE,09 MAY 1973,KEN,6,London (GBR),01 SEP 2002,1113
81,280,15:26,Émilie MONDOR,29 APR 1981,CAN,4,London (GBR),14 SEP 2003,1113
82,280,15:26,Joanne PAVEY,20 SEP 1973,GBR,2,London (GBR),03 SEP 2006,1113
83,280,15:26,Shalane FLANAGAN,08 JUL 1981,USA,1,"Providence, RI (USA)",16 SEP 2007,1113
84,280,15:26,Aheza KIROS,16 OCT 1985,ETH,2,"Carlsbad, CA (USA)",11 APR 2010,1113
85,280,15:26,Kimberley SMITH,19 NOV 1981,NZL,3,"Boston, MA (USA)",15 APR 2012,1113
86,280,15:26,Gelete BURKA,23 JAN 1986,ETH,1,"Carlsbad, CA (USA)",07 APR 2013,1113
87,280,15:26,Emily CHEBET,18 FEB 1986,KEN,1,"Albany, NY (USA)",01 JUN 2013,1113
88,280,15:26,Hirut ALEMAYEHU,12 DEC 1993,ETH,4,Rennes (FRA),13 OCT 2013,1113
89,280,15:26,Alina REH,23 MAY 1997,GER,9,"Adi-Dassler-Straße 1, Herzogenaurach (GER)",29 APR 2023,1113
90,291,15:27,Amy YODER BEGLEY,11 JAN 1978,USA,1,"Providence, RI (USA)",20 SEP 2009,1112
91,292,15:27,Annette SERGENT-PALLUY,17 NOV 1962,FRA,2,"Carlsbad, CA (USA)",29 MAR 1992,1111
92,292,15:27,Olga APPELL,02 AUG 1963,USA,3,"Carlsbad, CA (USA)",02 APR 1995,1111
93,292,15:27,Elva DRYER,26 SEP 1971,USA,2,"Carlsbad, CA (USA)",29 MAR 1998,1111
94,292,15:27,Amy RUDOLPH,18 SEP 1973,USA,3,"Carlsbad, CA (USA)",29 MAR 1998,1111
95,292,15:27,Benita WILLIS-JOHNSON,06 MAY 1979,AUS,1,"Albany, NY (USA)",03 JUN 2006,1111
96,292,15:27,Rita Jeptoo SITIENEI,15 FEB 1981,KEN,3,London (GBR),03 SEP 2006,1111
97,292,15:27,Anikó KÁLOVICS,13 MAY 1977,HUN,1,Praha (CZE),13 SEP 2008,1111
98,292,15:27,Teyiba ERKISO,28 SEP 1982,ETH,1,"Albany, NY (USA)",30 MAY 2009,1111
99,292,15:27,Kimberley SMITH,19 NOV 1981,NZL,5,London (GBR),06 SEP 2009,1111
0,292,15:27,Mercy CHERONO,07 MAY 1991,KEN,2.0,"Carlsbad, CA (USA)",07 APR 2013,1111
1,292,15:27,Mary Wacera NGUGI,17 DEC 1988,KEN,1.0,"Frankfort, KY (USA)",04 JUL 2017,1111
2,292,15:27,Gotytom GEBRESLASE,15 JAN 1995,ETH,4.0,"Boston, MA (USA)",14 APR 2018,1111
3,292,15:27,Yalemzerf YEHUALAW,03 AUG 1999,ETH,2.0,Addis Abeba (ETH),15 MAR 2020,1111
4,292,15:27,Mirriam CHEBET,2000,KEN,3.0,Wien (AUT),22 MAY 2022,1111
5,292,15:27,Emma Grace HURLEY,1997,USA,7.0,"Boston, MA (USA)",15 APR 2023,1111
6,307,15:28,Wanda PANFIL,26 JAN 1959,POL,2.0,"Los Angeles, CA (USA)",03 MAR 1991,1109
7,307,15:28,Gete WAMI,11 DEC 1974,ETH,1.0,Bern (SUI),09 JUN 1996,1109
8,307,15:28,Libbie JOHNSON-HICKMAN,17 FEB 1965,USA,2.0,"Carlsbad, CA (USA)",13 APR 1997,1109
9,307,15:28,Leah MALOT,07 JUN 1972,KEN,2.0,"Providence, RI (USA)",07 SEP 2003,1109
10,307,15:28,Émilie MONDOR,29 APR 1981,CAN,4.0,London (GBR),05 SEP 2004,1109
11,307,15:28,Benita WILLIS-JOHNSON,06 MAY 1979,AUS,2.0,London (GBR),16 SEP 2007,1109
12,307,15:28,Dulce FÉLIX,23 OCT 1982,POR,1.0,Wien (AUT),22 MAY 2011,1109
13,307,15:28,Paskalia Chepkorir KIPKOECH,22 DEC 1988,KEN,3.0,"Carlsbad, CA (USA)",07 APR 2013,1109
14,307,15:28,Molly HUDDLE,31 AUG 1984,USA,3.0,"Boston, MA (USA)",14 APR 2013,1109
15,307,15:28,Hiwot GEBREKIDAN,11 MAY 1995,ETH,5.0,Rennes (FRA),13 OCT 2013,1109
16,307,15:28,Afera GODFAY,25 SEP 1991,ETH,3.0,"Albany, NY (USA)",31 MAY 2014,1109
17,307,15:28,Susan KUIJKEN,08 JUL 1986,NED,4.0,"Carlsbad, CA (USA)",29 MAR 2015,1109
18,307,15:28,Susan KUIJKEN,08 JUL 1986,NED,3.0,"Carlsbad, CA (USA)",03 APR 2016,1109
19,307,15:28,Buze DIRIBA,09 FEB 1994,ETH,2.0,"Boston, MA (USA)",16 APR 2016,1109
20,307,15:28,Rosie EDWARDS,20 AUG 1988,GBR,1.0,"Louisville, KY (USA)",05 MAR 2017,1109
21,307,15:28,Lonah Chemtai SALPETER,12 DEC 1988,ISR,1.0,Tel Aviv (ISR),07 JAN 2021,1109
22,323,15:29,Kim CONLEY,14 MAR 1986,USA,1.0,San José (USA),28 NOV 2013,1108
23,324,15:29,Lorraine MOLLER,01 JUN 1955,NZL,1.0,"Woodland Hills, CA (USA)",31 OCT 1982,1107
24,324,15:29,Grete WAITZ,01 OCT 1953,NOR,1.0,"West Lafayette, IN (USA)",20 OCT 1984,1107
25,324,15:29,Wilma VAN ONNA,13 JUN 1965,NED,1.0,Freeport (BAH),29 FEB 1992,1107
26,324,15:29,Shelly STEELY,23 OCT 1962,USA,3.0,"Carlsbad, CA (USA)",29 MAR 1992,1107
27,324,15:29,Annette HAND-PETERS,31 MAY 1965,USA,4.0,"Carlsbad, CA (USA)",29 MAR 1992,1107
28,324,15:29,Libbie JOHNSON-HICKMAN,17 FEB 1965,USA,4.0,"Carlsbad, CA (USA)",02 APR 1995,1107
29,324,15:29,Sally BARSOSIO,21 MAR 1978,KEN,1.0,London (GBR),23 APR 1995,1107
30,324,15:29,Colleen DE REUCK,13 APR 1964,USA,1.0,"Austin, TX (USA)",21 APR 2002,1107
31,324,15:29,Anikó KÁLOVICS,13 MAY 1977,HUN,2.0,Praha (CZE),19 SEP 2004,1107
32,324,15:29,Nataliya BERKUT,30 MAY 1975,UKR,2.0,"Albany, NY (USA)",03 JUN 2006,1107
33,324,15:29,Benita WILLIS-JOHNSON,06 MAY 1979,AUS,4.0,London (GBR),03 SEP 2006,1107
34,324,15:29,Selly Chepyego KAPTICH,03 OCT 1985,KEN,1.0,Miyazaki (JPN),06 JAN 2007,1107
35,324,15:29,Joanne PAVEY,20 SEP 1973,GBR,3.0,London (GBR),16 SEP 2007,1107
36,324,15:29,Shalane FLANAGAN,08 JUL 1981,USA,1.0,"Providence, RI (USA)",21 SEP 2008,1107
37,324,15:29,Monica WANGARI,04 OCT 1986,KEN,4.0,Kassel (GER),20 JUN 2009,1107
38,324,15:29,Emily CHEBET,18 FEB 1986,KEN,3.0,"Albany, NY (USA)",04 JUN 2011,1107
39,324,15:29,Margaret Wangari MURIUKI,21 MAR 1986,KEN,1.0,Rennes (FRA),09 OCT 2011,1107
40,324,15:29,Kidsan ALEMA,29 JUL 1995,ETH,4.0,Rennes (FRA),11 OCT 2015,1107
41,324,15:29,Monicah WANJUHI,07 NOV 1993,KEN,2.0,"Frankfort, KY (USA)",04 JUL 2017,1107
42,324,15:29,Laura WEIGHTMAN,01 JUL 1991,GBR,2.0,Monaco (MON),17 FEB 2019,1107
43,324,15:29,Sarah INGLIS,28 AUG 1991,GBR,1.0,Vancouver (CAN),16 MAR 2019,1107
44,324,15:29,Violah CHEPTOO,01 MAR 1989,KEN,2.0,"Boston, MA (USA)",13 APR 2019,1107
45,324,15:29,Charlotte ARTER,18 JUN 1991,GBR,1.0,Cardiff (GBR),29 AUG 2021,1107
46,324,15:29,Amy-Eloise MARKOVC,05 AUG 1995,GBR,8.0,"Sechseläutenplatz, Zürich (SUI)",07 SEP 2022,1107
47,324,15:29,Taylor WERNER,01 MAY 1998,USA,8.0,"Boston, MA (USA)",15 APR 2023,1107
48,349,15:30,Molly HUDDLE,31 AUG 1984,USA,1.0,"Providence, RI (USA)",22 SEP 2013,1106
49,350,15:30,Rebecca DONAGHUE,24 FEB 1976,USA,2.0,"Providence, RI (USA)",20 SEP 2009,1106
50,351,15:30,Liz MCCOLGAN,24 MAY 1964,GBR,1.0,"Carlsbad, CA (USA)",27 MAR 1988,1106
51,351,15:30,Katrin DÖRRE-HEINIG,06 OCT 1961,GER,2.0,Essen (GER),01 MAY 1993,1106
52,351,15:30,Annette HAND-PETERS,31 MAY 1965,USA,2.0,"Carlsbad, CA (USA)",27 MAR 1994,1106
53,351,15:30,Cheri GODDARD-KENAH,26 DEC 1970,USA,4.0,"Carlsbad, CA (USA)",29 MAR 1998,1106
54,351,15:30,Colleen DE REUCK,13 APR 1964,USA,5.0,"Carlsbad, CA (USA)",07 APR 2002,1106
55,351,15:30,Dulce María RODRÍGUEZ,14 AUG 1972,MEX,1.0,"Chula Vista, CA (USA)",27 OCT 2002,1106
56,351,15:30,Ejegayehu DIBABA,21 MAR 1982,ETH,8.0,"Carlsbad, CA (USA)",13 APR 2003,1106
57,351,15:30,Kimberley SMITH,19 NOV 1981,NZL,4.0,"Carlsbad, CA (USA)",03 APR 2005,1106
58,351,15:30,Kimberley SMITH,19 NOV 1981,NZL,5.0,London (GBR),03 SEP 2006,1106
59,351,15:30,Mamitu DASKA,16 OCT 1983,ETH,2.0,"Albany, NY (USA)",30 MAY 2009,1106
60,351,15:30,Jeļena PROKOPČUKA,21 SEP 1976,LAT,1.0,Wien (AUT),07 JUN 2009,1106
61,351,15:30,Molly HUDDLE,31 AUG 1984,USA,1.0,"Providence, RI (USA)",16 SEP 2012,1106
62,351,15:30,Amy VAN ALSTINE,11 NOV 1987,USA,5.0,"Carlsbad, CA (USA)",30 MAR 2014,1106
63,351,15:30,Agnes Jebet TIROP,23 OCT 1995,KEN,1.0,Bolzano (ITA),31 DEC 2017,1106
64,351,15:30,Margaret Chelimo KIPKEMBOI,09 FEB 1993,KEN,1.0,Bolzano (ITA),31 DEC 2019,1106
65,351,15:30,Laura WEIGHTMAN,01 JUL 1991,GBR,1.0,Wigan (GBR),05 APR 2021,1106
66,351,15:30,Zenah CHEPTOO,11 NOV 2002,KEN,8.0,Herzogenaurach (GER),30 APR 2022,1106
67,351,15:30,Bethany HASZ,09 SEP 1997,USA,9.0,"Boston, MA (USA)",15 APR 2023,1106
68,369,15:31,Dulce FÉLIX,23 OCT 1982,POR,1.0,Wien (AUT),03 JUN 2012,1105
69,370,15:31,Jennifer RHINES,01 JUL 1974,USA,3.0,"Providence, RI (USA)",20 SEP 2009,1104
70,371,15:31,Emily INFELD,21 MAR 1990,USA,2.0,"Providence, RI (USA)",22 SEP 2013,1104
71,372,15:31,Jane OMORO,01 MAY 1972,KEN,1.0,"Los Angeles, CA (USA)",23 NOV 1997,1104
72,372,15:31,Colleen DE REUCK,13 APR 1964,RSA,7.0,"Carlsbad, CA (USA)",26 MAR 2000,1104
73,372,15:31,Lauren FLESHMAN,26 SEP 1981,USA,4.0,London (GBR),16 SEP 2007,1104
74,372,15:31,Linet Chepkwemoi MASAI,05 DEC 1989,KEN,2.0,London (GBR),07 SEP 2008,1104
75,372,15:31,Malika MEJDOUB,10 MAY 1982,MAR,1.0,"Brooklyn, NY (USA)",24 MAR 2012,1104
76,372,15:31,Betsy SAINA,30 JUN 1988,KEN,5.0,"Carlsbad, CA (USA)",29 MAR 2015,1104
77,372,15:31,Netsanet GUDETA,12 FEB 1991,ETH,2.0,Bolzano (ITA),31 DEC 2019,1104
78,372,15:31,Liv WESTPHAL,22 DEC 1993,FRA,1.0,Monaco (MON),16 FEB 2020,1104
79,372,15:31,Meraf BAHTA,24 JUN 1989,SWE,1.0,Mölnlycke (SWE),19 DEC 2020,1104
80,372,15:31,Katharina STEINRUCK,22 AUG 1989,GER,4.0,Wien (AUT),22 MAY 2022,1104
81,382,15:32,Yvonne GRAHAM,22 AUG 1965,JAM,,"Anaheim, CA (USA)",26 MAR 1995,1102
82,382,15:32,Sylvia MOSQUEDA,08 APR 1966,USA,3.0,"Carlsbad, CA (USA)",01 APR 2001,1102
83,382,15:32,Mihaela Maria BOTEZAN-PRUNDUS,21 NOV 1976,ROU,7.0,London (GBR),01 SEP 2002,1102
84,382,15:32,Émilie MONDOR,29 APR 1981,CAN,2.0,"Chula Vista, CA (USA)",27 OCT 2002,1102
85,382,15:32,Dulce María RODRÍGUEZ,14 AUG 1972,MEX,9.0,"Carlsbad, CA (USA)",13 APR 2003,1102
86,382,15:32,Galina ALEKSANDROVA,15 OCT 1975,RUS,1.0,"Fort Myers, FL (USA)",21 FEB 2004,1102
87,382,15:32,Benita WILLIS-JOHNSON,06 MAY 1979,AUS,5.0,London (GBR),05 SEP 2004,1102
88,382,15:32,Alice Jemeli TIMBILILI,01 FEB 1983,KEN,1.0,Dongio (SUI),28 MAR 2005,1102
89,382,15:32,Asmae LEGHZAOUI,30 AUG 1976,MAR,2.0,"Albany, NY (USA)",02 JUN 2007,1102
90,382,15:32,Joanne PAVEY,20 SEP 1973,GBR,3.0,London (GBR),07 SEP 2008,1102
91,382,15:32,Stephanie TWELL,17 AUG 1989,GBR,3.0,London (GBR),05 SEP 2010,1102
92,382,15:32,Priscah Jepleting CHERONO,27 JUN 1980,KEN,1.0,Praha (CZE),10 SEP 2011,1102
93,382,15:32,Bekelech BEDADA,29 DEC 1991,ETH,2.0,"Brooklyn, NY (USA)",24 MAR 2012,1102
94,382,15:32,Gotytom GEBRESLASE,15 JAN 1995,ETH,4.0,"Carlsbad, CA (USA)",01 APR 2012,1102
95,382,15:32,Werknesh KIDANE,07 JAN 1981,ETH,4.0,"Boston, MA (USA)",14 APR 2013,1102
96,382,15:32,Esther CHEMTAI,04 JUN 1988,KEN,2.0,"Albany, NY (USA)",01 JUN 2013,1102
97,382,15:32,Janet KISA,05 DEC 1992,KEN,1.0,Rennes (FRA),12 OCT 2014,1102
98,382,15:32,Stacey Chepkemboi NDIWA,06 DEC 1992,KEN,2.0,Rennes (FRA),12 OCT 2014,1102
99,382,15:32,Gloria KITE,10 JAN 1998,KEN,3.0,Bolzano (ITA),31 DEC 2019,1102
0,382,15:32,Caterina GRANZ,14 MAR 1994,GER,2f3,Berlin (GER),12 JUL 2020,1102
1,382,15:32,Caitlin ADAMS,07 JUL 1997,AUS,1,Adelaide (AUS),19 SEP 2021,1102
2,382,15:32,Caitlin ADAMS,07 JUL 1997,AUS,1,Adelaide (AUS),19 SEP 2021,1102
3,382,15:32,Margaux SIERACKI,17 JUN 1999,FRA,1,Monaco (MON),13 FEB 2022,1102
4,382,15:32,Klara LUKAN,08 SEP 2000,SLO,1,Wien (AUT),22 APR 2023,1102
5,406,15:33,Emily INFELD,21 MAR 1990,USA,3,"Providence, RI (USA)",21 SEP 2014,1101
6,407,15:33,Sara HALL,15 APR 1983,USA,4,"Providence, RI (USA)",20 SEP 2009,1101
7,408,15:33,Jessica O'CONNELL,10 FEB 1989,CAN,1,Wien (AUT),31 MAY 2015,1100
8,409,15:33,Elly VAN HULST,09 JUN 1959,NED,1,"Carlsbad, CA (USA)",25 MAR 1990,1100
9,409,15:33,Annette HAND-PETERS,31 MAY 1965,USA,3,"Los Angeles, CA (USA)",03 MAR 1991,1100
10,409,15:33,Uta PIPPIG,07 SEP 1965,GER,1,Bern (SUI),09 JUN 1991,1100
11,409,15:33,Laura MYKYTOK,17 SEP 1968,USA,5,"Carlsbad, CA (USA)",02 APR 1995,1100
12,409,15:33,Annette HAND-PETERS,31 MAY 1965,USA,3,"Carlsbad, CA (USA)",13 APR 1997,1100
13,409,15:33,Hereg SIDELIL,20 APR 1981,ETH,8,"Carlsbad, CA (USA)",26 MAR 2000,1100
14,409,15:33,Lyudmila BIKTASHEVA,25 JUL 1974,RUS,3,"Providence, RI (USA)",07 SEP 2003,1100
15,409,15:33,Kayoko FUKUSHI,25 MAR 1982,JPN,1,Miyazaki (JPN),06 JAN 2004,1100
16,409,15:33,Eloise WELLINGS,09 NOV 1982,AUS,6,London (GBR),03 SEP 2006,1100
17,409,15:33,Alemitu HAROYE,09 MAY 1995,ETH,6,Rennes (FRA),13 OCT 2013,1100
18,409,15:33,Gladys KWAMBAI,05 SEP 1983,KEN,7,Rennes (FRA),13 OCT 2013,1100
19,409,15:33,Buze DIRIBA,09 FEB 1994,ETH,1,San José (USA),27 NOV 2014,1100
20,409,15:33,Sentayehu LEWETEGN,09 MAY 1996,ETH,5,Rennes (FRA),11 OCT 2015,1100
21,409,15:33,Molly SEIDEL,12 JUL 1994,USA,5,"Boston, MA (USA)",14 APR 2018,1100
22,409,15:33,Dawit SEYAUM,27 JUL 1996,ETH,1,Bolzano (ITA),31 DEC 2022,1100
23,409,15:33,Abby NICHOLS,,USA,10,"Boston, MA (USA)",15 APR 2023,1100
24,409,15:33,Tinebeb ASRES,01 JAN 2006,ETH,10,"Adi-Dassler-Straße 1, Herzogenaurach (GER)",29 APR 2023,1100
25,409,15:33,Katie IZZO,22 DEC 1996,USA,11,"Adi-Dassler-Straße 1, Herzogenaurach (GER)",29 APR 2023,1100
26,427,15:34,Anne Marie LAUCK,07 MAR 1969,USA,2,Freeport (BAH),29 FEB 1992,1098
27,427,15:34,Lynn JENNINGS,01 JUL 1960,USA,3,"Providence, RI (USA)",16 OCT 1994,1098
28,427,15:34,Ejegayehu DIBABA,21 MAR 1982,ETH,4,"Carlsbad, CA (USA)",01 APR 2001,1098
29,427,15:34,Grażyna SYREK,09 JAN 1972,POL,3,Praha (CZE),19 SEP 2004,1098
30,427,15:34,Julie CULLEY,10 SEP 1981,USA,1,"Baltimore, MD (USA)",11 OCT 2008,1098
31,427,15:34,Olena OCHEREDKO,04 NOV 1981,POL,5,Kassel (GER),20 JUN 2009,1098
32,427,15:34,Neely SPENCE GRACEY,16 APR 1990,USA,2,"Providence, RI (USA)",16 SEP 2012,1098
33,427,15:34,Veronica WANJIRU,29 OCT 1989,KEN,6,Rennes (FRA),11 OCT 2015,1098
34,427,15:34,Diane NUKURI,01 DEC 1984,BDI,4,"Carlsbad, CA (USA)",03 APR 2016,1098
35,427,15:34,Konstanze KLOSTERHALFEN,18 FEB 1997,GER,1,Trier (GER),31 DEC 2017,1098
36,427,15:34,Diane NUKURI,01 DEC 1984,USA,6,"Boston, MA (USA)",14 APR 2018,1098
37,427,15:34,Monicah WANJUHI,07 NOV 1993,KEN,1,"Frankfort, KY (USA)",04 JUL 2019,1098
38,427,15:34,Lucy MAWIA,1998,KEN,1,Arezzo (ITA),19 AUG 2021,1098
39,427,15:34,Lauren HURLEY,26 JAN 1988,USA,1,"Charleston, SC (USA)",25 NOV 2021,1098
40,427,15:34,Nozomi TANAKA,04 SEP 1999,JPN,2,Fukuoka (JPN),12 NOV 2022,1098
41,442,15:35,Karolina NADOLSKA,06 SEP 1981,POL,1,Korschenbroich (GER),21 APR 2013,1097
42,443,15:35,Alexi PAPPAS,28 MAR 1990,USA,3,"Providence, RI (USA)",22 SEP 2013,1097
43,444,15:35,Patti Sue PLUMER,27 APR 1962,USA,2,"Carlsbad, CA (USA)",25 MAR 1990,1096
44,444,15:35,Annette HAND-PETERS,31 MAY 1965,USA,3,"Carlsbad, CA (USA)",25 MAR 1990,1096
45,444,15:35,Judi ST. HILAIRE,05 SEP 1959,USA,4,"Los Angeles, CA (USA)",03 MAR 1991,1096
46,444,15:35,Gitte KARLSHØJ,14 MAY 1959,DEN,3,Freeport (BAH),29 FEB 1992,1096
47,444,15:35,Yvonne GRAHAM,22 AUG 1965,JAM,6,"Carlsbad, CA (USA)",02 APR 1995,1096
48,444,15:35,Gete WAMI,11 DEC 1974,ETH,2,Bern (SUI),08 JUN 1997,1096
49,444,15:35,Deena KASTOR,14 FEB 1973,USA,2,"Los Angeles, CA (USA)",23 NOV 1997,1096
50,444,15:35,Derartu TULU,21 MAR 1972,ETH,3,London (GBR),02 SEP 2001,1096
51,444,15:35,Fernanda RIBEIRO,23 JUN 1969,POR,4,Balmoral (GBR),08 MAY 2004,1096
52,444,15:35,Takako KOTORIDA,02 APR 1977,JPN,1,Miyazaki (JPN),06 JAN 2005,1096
53,444,15:35,Misikir DEMISSE,23 JUL 1986,ETH,2,"Little Rock, AR (USA)",04 JUL 2008,1096
54,444,15:35,Grace MOMANYI,13 FEB 1981,KEN,6,London (GBR),06 SEP 2009,1096
55,444,15:35,Werknesh KIDANE,07 JAN 1981,ETH,4,London (GBR),05 SEP 2010,1096
56,444,15:35,Werknesh KIDANE,07 JAN 1981,ETH,4,"Carlsbad, CA (USA)",07 APR 2013,1096
57,444,15:35,Isabella OCHICHI,28 OCT 1979,KEN,3,"Albany, NY (USA)",01 JUN 2013,1096
58,444,15:35,Genet YALEW,31 DEC 1992,ETH,8,Rennes (FRA),13 OCT 2013,1096
59,444,15:35,Lineth CHEPKURUI,23 FEB 1987,KEN,7,"Boston, MA (USA)",19 APR 2014,1096
60,444,15:35,Caroline Chepkoech KIPKIRUI,26 MAY 1994,KEN,3,"Boston, MA (USA)",16 APR 2016,1096
61,444,15:35,Violah CHEPTOO,01 MAR 1989,KEN,1,"Carlsbad, CA (USA)",02 APR 2017,1096
62,444,15:35,Molly SEIDEL,12 JUL 1994,USA,2,"New York, NY (USA)",04 NOV 2017,1096
63,444,15:35,Gotytom GEBRESLASE,15 JAN 1995,ETH,3,"Boston, MA (USA)",13 APR 2019,1096
64,444,15:35,Helen BEKELE,21 NOV 1994,ETH,1,Arezzo (ITA),25 MAY 2019,1096
65,444,15:35,Aisha PRAUGHT-LEER,14 DEC 1989,JAM,2,"Memphis, TN (USA)",14 NOV 2020,1096
66,444,15:35,Marisa HOWARD,10 AUG 1992,USA,11,"Boston, MA (USA)",15 APR 2023,1096
67,444,15:35,Zenah CHEPTOO,11 NOV 2002,KEN,12,"Adi-Dassler-Straße 1, Herzogenaurach (GER)",29 APR 2023,1096
68,469,15:36,Sara MOREIRA,17 OCT 1985,POR,1,Wien (AUT),21 MAY 2017,1095
69,470,15:36,Elly VAN HULST,09 JUN 1959,NED,2,"Carlsbad, CA (USA)",14 APR 1991,1094
70,470,15:36,Libbie JOHNSON-HICKMAN,17 FEB 1965,USA,3,"Carlsbad, CA (USA)",14 APR 1991,1094
71,470,15:36,Olga MARKOVA,06 AUG 1968,RUS,5,"Carlsbad, CA (USA)",29 MAR 1992,1094
72,470,15:36,Shelly STEELY,23 OCT 1962,USA,1,"Carlsbad, CA (USA)",28 MAR 1993,1094
73,470,15:36,Catherine KIRUI,01 MAR 1976,KEN,7,"Carlsbad, CA (USA)",02 APR 1995,1094
74,470,15:36,Regina JACOBS,28 AUG 1963,USA,4,"Carlsbad, CA (USA)",13 APR 1997,1094
75,470,15:36,Delillah ASIAGO,24 FEB 1972,KEN,1,"Providence, RI (USA)",14 SEP 1997,1094
76,470,15:36,Elva DRYER,26 SEP 1971,USA,9,"Carlsbad, CA (USA)",26 MAR 2000,1094
77,470,15:36,Kathy BUTLER,22 OCT 1973,GBR,6,"Carlsbad, CA (USA)",07 APR 2002,1094
78,470,15:36,Adriana FERNÁNDEZ MIRANDA,04 APR 1971,MEX,3,"Chula Vista, CA (USA)",27 OCT 2002,1094
79,470,15:36,Catherine NDEREBA,21 JUL 1972,KEN,5,London (GBR),14 SEP 2003,1094
80,470,15:36,Tatyana PETROVA,08 APR 1983,RUS,1,"Austin, TX (USA)",25 APR 2004,1094
81,470,15:36,Hayley MCGREGOR,27 MAY 1979,AUS,5,Balmoral (GBR),08 MAY 2004,1094
82,470,15:36,Kate REED,28 SEP 1982,GBR,5,London (GBR),16 SEP 2007,1094
83,470,15:36,Teyba ERKESSO,30 OCT 1982,ETH,4,"Albany, NY (USA)",05 JUN 2010,1094
84,470,15:36,Lauren FLESHMAN,26 SEP 1981,USA,5,London (GBR),05 SEP 2010,1094
85,470,15:36,Genet YALEW,31 DEC 1992,ETH,2,Rennes (FRA),09 OCT 2011,1094
86,470,15:36,Dulce FÉLIX,23 OCT 1982,POR,1,Lisboa (POR),27 MAY 2012,1094
87,470,15:36,Haftamnesh TESFAYE,28 APR 1994,ETH,4,Rennes (FRA),14 OCT 2012,1094
88,470,15:36,Jessica O'CONNELL,10 FEB 1989,CAN,6,"Carlsbad, CA (USA)",29 MAR 2015,1094
89,470,15:36,Meskerem AMARE,01 OCT 1997,ETH,1,Trier (GER),31 DEC 2015,1094
90,470,15:36,Dominique SCOTT,24 JUN 1992,RSA,1,"Norman, OK (USA)",03 SEP 2016,1094
91,470,15:36,Shannon ROWBURY,19 SEP 1984,USA,2,"Carlsbad, CA (USA)",02 APR 2017,1094
92,470,15:36,Aisha PRAUGHT-LEER,14 DEC 1989,JAM,3,"Carlsbad, CA (USA)",02 APR 2017,1094
93,470,15:36,Anna Emilie MØLLER,28 JUL 1997,DEN,3,Monaco (MON),17 FEB 2019,1094
94,470,15:36,Natasha WODAK,17 DEC 1981,CAN,2,Vancouver (CAN),16 MAR 2019,1094
95,470,15:36,Kim CONLEY,14 MAR 1986,USA,4,"Boston, MA (USA)",13 APR 2019,1094
96,470,15:36,Jess JUDD,07 JAN 1995,GBR,2,Barrowford (GBR),08 AUG 2020,1094
97,470,15:36,Purity Kajuju GITONGA,12 MAY 1996,KEN,2,Arezzo (ITA),19 AUG 2021,1094
98,470,15:36,Feliciana JEPKOSGEI,01 APR 2001,KEN,9,Herzogenaurach (GER),12 SEP 2021,1094
99,470,15:36,Mirriam CHEBET,2000,KEN,4,Barcelona (ESP),31 DEC 2022,1094
0,501,15:37,Allison ROE,30 MAY 1956,NZL,2.0,"Woodland Hills, CA (USA)",31 OCT 1982,1092
1,501,15:37,Annette HAND-PETERS,31 MAY 1965,USA,8.0,"Carlsbad, CA (USA)",02 APR 1995,1092
2,501,15:37,Lynn JENNINGS,01 JUL 1960,USA,2.0,"Carlsbad, CA (USA)",31 MAR 1996,1092
3,501,15:37,Jackline MARANGA,16 DEC 1977,KEN,5.0,"Carlsbad, CA (USA)",13 APR 1997,1092
4,501,15:37,Kristin IHLE-HELLEDY,12 APR 1969,USA,5.0,"Carlsbad, CA (USA)",29 MAR 1998,1092
5,501,15:37,Breeda DENNEHY-WILLIS,02 FEB 1970,IRL,5.0,"Carlsbad, CA (USA)",01 APR 2001,1092
6,501,15:37,Patrycja WŁODARCZYK,09 JUN 1980,POL,1.0,Olesno (POL),10 MAY 2003,1092
7,501,15:37,Eyerusalem KUMA,07 SEP 1981,ETH,5.0,"Carlsbad, CA (USA)",28 MAR 2004,1092
8,501,15:37,Catherine Agnes CHIKWAKWA,24 JUL 1985,MAW,1.0,Darmstadt (GER),23 JUN 2004,1092
9,501,15:37,Petra KAMÍNKOVÁ,19 JAN 1973,CZE,4.0,Praha (CZE),19 SEP 2004,1092
10,501,15:37,Émilie MONDOR,29 APR 1981,CAN,1.0,"Chula Vista, CA (USA)",23 OCT 2005,1092
11,501,15:37,Edna Ngeringwony KIPLAGAT,15 NOV 1979,KEN,5.0,"Carlsbad, CA (USA)",09 APR 2006,1092
12,501,15:37,Sabrina MOCKENHAUPT,06 DEC 1980,GER,1.0,Wien (AUT),03 JUN 2007,1092
13,501,15:37,Jennifer RHINES,01 JUL 1974,USA,3.0,"Carlsbad, CA (USA)",03 APR 2011,1092
14,501,15:37,Ashu KASIM,20 OCT 1984,ETH,2.0,"Albany, NY (USA)",02 JUN 2012,1092
15,501,15:37,Elizabeth MALOY,10 AUG 1985,USA,3.0,"Providence, RI (USA)",16 SEP 2012,1092
16,501,15:37,Hiwot AYALEW,06 MAR 1990,ETH,5.0,Rennes (FRA),14 OCT 2012,1092
17,501,15:37,Gotytom GEBRESLASE,15 JAN 1995,ETH,6.0,"Carlsbad, CA (USA)",30 MAR 2014,1092
18,501,15:37,Gudaf TSEGAY,23 JUN 1997,ETH,7.0,Rennes (FRA),11 OCT 2015,1092
19,501,15:37,Lauren PAQUETTE,27 JUN 1986,USA,7.0,"Boston, MA (USA)",14 APR 2018,1092
20,501,15:37,Verity OCKENDEN,31 AUG 1991,GBR,3.0,Barrowford (GBR),08 AUG 2020,1092
21,501,15:37,Agnes Jebet NGETICH,23 JAN 2001,KEN,9.0,Herzogenaurach (GER),30 APR 2022,1092
22,523,15:38,Sara MOREIRA,17 OCT 1985,POR,1.0,Wien (AUT),22 MAY 2016,1092
23,524,15:38,Sally KIPYEGO,19 DEC 1985,KEN,2.0,San José (USA),28 NOV 2013,1091
24,525,15:38,Monica JOYCE,16 JUL 1958,IRL,4.0,"Carlsbad, CA (USA)",25 MAR 1990,1090
25,525,15:38,Natalya SOROKOVSKAYA,23 JUL 1962,KAZ,3.0,Essen (GER),01 MAY 1993,1090
26,525,15:38,Lieve SLEGERS,06 APR 1965,BEL,,"Providence, RI (USA)",15 OCT 1995,1090
27,525,15:38,Daria NAUER,21 MAY 1966,SUI,2.0,Bern (SUI),09 JUN 1996,1090
28,525,15:38,Sonia O'SULLIVAN,28 NOV 1969,IRL,7.0,"Carlsbad, CA (USA)",07 APR 2002,1090
29,525,15:38,Eyerusalem KUMA,07 SEP 1981,ETH,1.0,"Syracuse, NY (USA)",06 OCT 2002,1090
30,525,15:38,Sylvia MOSQUEDA,08 APR 1966,USA,4.0,"Chula Vista, CA (USA)",27 OCT 2002,1090
31,525,15:38,Dorte VIBJERG,28 OCT 1973,DEN,1.0,Oslo (NOR),10 MAY 2003,1090
32,525,15:38,Hayley MCGREGOR,27 MAY 1979,AUS,6.0,"Carlsbad, CA (USA)",28 MAR 2004,1090
33,525,15:38,Alena SAMOKHVALOVA,21 NOV 1980,RUS,1.0,"Binghamton, NY (USA)",28 AUG 2005,1090
34,525,15:38,Aheza KIROS,16 OCT 1985,ETH,1.0,"Carlsbad, CA (USA)",05 APR 2009,1090
35,525,15:38,Amy VAN ALSTINE,11 NOV 1987,USA,8.0,"Boston, MA (USA)",19 APR 2014,1090
36,525,15:38,Emily CHEBET,18 FEB 1986,KEN,1.0,"Albany, NY (USA)",30 MAY 2015,1090
37,525,15:38,Sarah LAHTI,18 FEB 1995,SWE,5.0,"Carlsbad, CA (USA)",03 APR 2016,1090
38,525,15:38,Gotytom GEBRESLASE,15 JAN 1995,ETH,1.0,San José (USA),23 NOV 2017,1090
39,525,15:38,Emily SISSON,12 OCT 1991,USA,1.0,"New York, NY (USA)",03 NOV 2018,1090
40,525,15:38,Elaina TABB,17 DEC 1991,USA,5.0,"Boston, MA (USA)",13 APR 2019,1090
41,525,15:38,Vicoty CHEPNGENO,12 NOV 1993,KEN,1.0,"Wheeling, WV (USA)",04 AUG 2019,1090
42,525,15:38,Mercy CHERONO,07 MAY 1991,KEN,4.0,Bolzano (ITA),31 DEC 2019,1090
43,525,15:38,Kim CONLEY,14 MAR 1986,USA,7.0,"Boston, MA (USA)",16 APR 2022,1090
44,545,15:39,Mary KNISELY,29 MAY 1959,USA,4.0,"Carlsbad, CA (USA)",14 APR 1991,1089
45,545,15:39,Carmen DE OLIVEIRA,17 AUG 1965,BRA,1.0,"Albany, NY (USA)",06 JUN 1992,1089
46,545,15:39,Teresa Wanjiku MBUGUA,07 MAY 1974,KEN,10.0,"Carlsbad, CA (USA)",26 MAR 2000,1089
47,545,15:39,Dorota GRUCA,05 DEC 1970,POL,2.0,"Austin, TX (USA)",25 APR 2004,1089
48,545,15:39,Irene Kwambai KIPCHUMBA,25 OCT 1978,KEN,2.0,Dongio (SUI),28 MAR 2005,1089
49,545,15:39,Pauline Kiragu WANGURU,26 AUG 1980,KEN,2.0,Miyazaki (JPN),06 JAN 2007,1089
50,545,15:39,Rose CHERUIYOT,21 JUL 1976,KEN,3.0,"Albany, NY (USA)",30 MAY 2009,1089
51,545,15:39,Juliet CHEKWEL,25 MAY 1990,UGA,9.0,Rennes (FRA),13 OCT 2013,1089
52,545,15:39,Susan JEROTICH,22 MAR 1987,KEN,1.0,"Wheeling, WV (USA)",02 AUG 2014,1089
53,545,15:39,Lauren HOWARTH,21 APR 1990,GBR,5.0,"Boston, MA (USA)",15 APR 2017,1089
54,545,15:39,Natosha ROGERS,07 MAY 1991,USA,3.0,"New York, NY (USA)",04 NOV 2017,1089
55,545,15:39,Natasha WODAK,17 DEC 1981,CAN,1.0,Vancouver (CAN),17 MAR 2018,1089
56,545,15:39,Vicoty CHEPNGENO,12 NOV 1993,KEN,1.0,"Wheeling, WV (USA)",04 AUG 2018,1089
57,545,15:39,Lauren PAQUETTE,27 JUN 1986,USA,3.0,"Memphis, TN (USA)",14 NOV 2020,1089
58,545,15:39,Mary MUNANU,12 DEC 1994,KEN,1.0,"Grand Rapids, MI (USA)",23 OCT 2021,1089
59,545,15:39,Susanna SULLIVAN,13 MAY 1990,USA,8.0,"Boston, MA (USA)",16 APR 2022,1089
60,545,15:39,Rebecca MWANGI,15 JUN 2001,KEN,3.0,Fukuoka (JPN),12 NOV 2022,1089
61,545,15:39,Emily DURGIN,15 MAY 1994,USA,12.0,"Boston, MA (USA)",15 APR 2023,1089
62,545,15:39,Gebrewahd LETEBRHAN,2004,ETH,13.0,"Adi-Dassler-Straße 1, Herzogenaurach (GER)",29 APR 2023,1089
63,564,15:40,Lorraine MOLLER,01 JUN 1955,NZL,2.0,"Carlsbad, CA (USA)",27 MAR 1988,1087
64,564,15:40,Mary KNISELY,29 MAY 1959,USA,5.0,"Carlsbad, CA (USA)",25 MAR 1990,1087
65,564,15:40,Breeda DENNEHY-WILLIS,02 FEB 1970,IRL,3.0,"Carlsbad, CA (USA)",31 MAR 1996,1087
66,564,15:40,Elva DRYER,26 SEP 1971,USA,6.0,"Carlsbad, CA (USA)",13 APR 1997,1087
67,564,15:40,Yoshiko FUJINAGA,15 AUG 1981,JPN,2.0,Miyazaki (JPN),06 JAN 2005,1087
68,564,15:40,Anikó KÁLOVICS,13 MAY 1977,HUN,1.0,Praha (CZE),11 SEP 2005,1087
69,564,15:40,Edith MASAI,04 APR 1967,KEN,1.0,Neuss (GER),20 MAY 2006,1087
70,564,15:40,Susan CHEPKEMEI,25 JUN 1975,KEN,7.0,London (GBR),03 SEP 2006,1087
71,564,15:40,Anikó KÁLOVICS,13 MAY 1977,HUN,1.0,Praha (CZE),10 SEP 2006,1087
72,564,15:40,Olga KRAVTSOVA,25 JUL 1981,BLR,1.0,"Providence, RI (USA)",17 SEP 2006,1087
73,564,15:40,Sara HALL,15 APR 1983,USA,2.0,"Providence, RI (USA)",17 SEP 2006,1087
74,564,15:40,Malindi ELMORE,13 MAR 1980,CAN,4.0,"Carlsbad, CA (USA)",01 APR 2007,1087
75,564,15:40,Irina MIKITENKO,23 AUG 1972,GER,1.0,Wien (AUT),30 MAY 2010,1087
76,564,15:40,Alice Jemeli TIMBILILI,01 FEB 1983,KEN,2.0,Lisboa (POR),29 MAY 2011,1087
77,564,15:40,Kim CONLEY,14 MAR 1986,USA,1.0,San José (USA),22 NOV 2012,1087
78,564,15:40,Tigist TUFA,26 JAN 1987,ETH,1.0,"Binghamton, NY (USA)",25 AUG 2013,1087
79,564,15:40,Emelia GORECKA,29 JAN 1994,GBR,9.0,"Boston, MA (USA)",19 APR 2014,1087
80,564,15:40,Miyuki UEHARA,22 NOV 1995,JPN,7.0,"Carlsbad, CA (USA)",29 MAR 2015,1087
81,564,15:40,Dominique SCOTT,24 JUN 1992,RSA,4.0,"Carlsbad, CA (USA)",02 APR 2017,1087
82,564,15:40,Emelia GORECKA,29 JAN 1994,GBR,1.0,Ipswich (GBR),18 AUG 2017,1087
83,564,15:40,Susan KRUMINS,08 JUL 1986,NED,1.0,Nijmegen (NED),19 MAY 2019,1087
84,564,15:40,Juliet CHEKWEL,25 MAY 1990,UGA,2.0,Arezzo (ITA),25 MAY 2019,1087
85,564,15:40,Purity Kajuju GITONGA,12 MAY 1996,KEN,3.0,Wien (AUT),03 OCT 2021,1087
86,564,15:40,Mirriam CHEBET,2000,KEN,1.0,Monaco (MON),12 FEB 2023,1087
